checkpoint_uuid,solving_run_id,solution_index,grid_map_id,algorithm_id,interval_size,step,path_len,dir_count,path,visited_dirs,exit_situation,one_way_list,round_counter,round_counter_overlong,total_solved,total_solved_overlong,total_back_steps,dummy_back_steps,locked_back_lose,created_at,checkpoint_no
b30c7a09-8910-485d-bea8-17e4a9b3754b,9ac44ac0-c7f6-4b33-a402-c9e92e17392b,1000000,4,2,1000000,64,64,9,\x0003061e363330180a0d1b090c0f273f3c39212432351d2f3d3a2810223437251705021411292c1a080b0e263e3b38202331191c2a12152d1f0704162e2b1301,\x00020420400002042080022000112000010210200009802000100108208008226040001080404030008140001020020420400002042001100019b220480002808040904000021010,1,\x0000000a0000002700000001ffffffff000000002c00000001ffffffff000000003100000001ffffffff000000003700000001ffffffff000000003800000001ffffffff000000003900000001ffffffff000000003b00000001ffffffff010000003c0000000100000008000000003d0000000100000008000000003e000000010000000800,177278897,0,1000000,0,88639417,16097841,t,2026-09-24 14:27:10.75768+00,1
a12fac82-5653-4cd7-806a-636d6d35bab3,9ac44ac0-c7f6-4b33-a402-c9e92e17392b,21000000,4,2,1000000,64,64,9,\x0003061e363330180a0d1b090c0f273f3c39212432351d2f2c3e3b382a2d1f37251705021a08201215070401190b0e1c2e16132b3d3a28102214263431231129,\x00020420400002042080022000112000010210200009802000100158044080012c003002300881804000040140010041906080500004028040202000020820020409400001100802,1,\x0000000a0000001b00000001ffffffff0100000029000000010000000800000000310000000100000008000000003400000001000000080000000036000000010000000800000000370000000100000008000000003b0000000100000008000000003c0000000100000008000000003d0000000100000008000000003e000000010000000800,4184354821,0,21000000,0,2092177379,381539538,t,2026-09-24 14:56:48.454695+00,21
6722601f-bac5-46f8-89ce-99c4f129fcf7,9ac44ac0-c7f6-4b33-a402-c9e92e17392b,2000000,4,2,1000000,64,64,9,\x0003061e363330180a0d1b090c0f273f3c39212432351d2f3d3a2225371f07151220382a2d3b2911233134263e2c140210281a080b0e1c192b2e160401130517,\x0002042040000204208002200011200001021020000980200010010820800920000a10041418100014004108200210040044000490100d0800021120000209020200010141002001,1,\x0000000b0000002400000001ffffffff000000002c00000001ffffffff000000002f00000001ffffffff01000000320000000100000008000000003300000001000000080000000035000000010000000800000000390000000100000008000000003b0000000100000008000000003c0000000100000008000000003d0000000100000008000000003e000000010000000800,389414263,0,2000000,0,194707100,36233591,t,2026-09-24 14:28:40.922778+00,2
1ffea1e2-2032-42eb-aaea-6e92e22402db,9ac44ac0-c7f6-4b33-a402-c9e92e17392b,3000000,4,2,1000000,64,64,9,\x0003061e363330180a0d1b090c0f273f3c39212432351d2f3d3a2210020513251714262331190104162e2b281a080b0e1c34371f07151220382a2d3b3e2c2911,\x000204204000020420800220001120000102102000098020001001082080094128808201802058e08222089000020840800048448000080804000204010504040005401000040420,1,\x000000110000002000000001ffffffff000000002400000001ffffffff0100000026000000010000000800000000280000000100000008000000002a0000000100000008000000002b0000000100000008000000002e0000000100000008000000002f00000001000000080000000031000000010000000800000000320000000100000008000000003400000001000000080000000037000000010000000800000000390000000100000008000000003a0000000100000008000000003c0000000100000008000000003d0000000100000008000000003e000000010000000800,549491829,0,3000000,0,274745883,50605647,t,2026-09-24 14:30:10.254917+00,3
750209bf-6ab7-4b92-9c19-a50465550868,9ac44ac0-c7f6-4b33-a402-c9e92e17392b,4000000,4,2,1000000,64,64,9,\x0003061e363330180a0d1b090c0f273f3c39212432351d2f3d3a2c3e3b2911141725371f1c0e0b081a020513162e2b2810223426233119010407151220382a2d,\x000204204000020420800220001120000102102000098020001001082080130001049000015008008245100508029004401080000408400408000401011020010220a0808000a000,1,\x0000000f0000001d00000001ffffffff000000002a00000001ffffffff000000002d00000001ffffffff000000002f00000001ffffffff000000003000000001ffffffff000000003100000001ffffffff000000003300000001ffffffff000000003500000001ffffffff000000003600000001ffffffff000000003700000001ffffffff000000003900000001ffffffff000000003b00000001ffffffff010000003c0000000100000008000000003d0000000100000008000000003e000000010000000800,748419205,0,4000000,0,374209571,68137022,t,2026-09-24 14:32:07.43589+00,4
b308b184-713e-49d9-804a-a471a15eb77c,9ac44ac0-c7f6-4b33-a402-c9e92e17392b,5000000,4,2,1000000,64,64,9,\x0003061e363330180a0d1b090c0f273f3c39212432351d2f3d3a2c291123313422141725371f2d2a1c0e263e3b382012150704162e2b1301190b081a28100205,\x00020420400002042080022000112000010210200009802000100108208093006400820021420540200008122cc80411200001021060010041104000021c1004004110800008a000,1,\x0000000f0000002400000001ffffffff000000002a00000001ffffffff000000002b00000001ffffffff000000002c00000001ffffffff000000002d00000001ffffffff000000003000000001ffffffff000000003100000001ffffffff000000003400000001ffffffff000000003700000002000000070100000038000000010000000800000000390000000100000008000000003a0000000100000008000000003c0000000100000008000000003d0000000100000008000000003e000000010000000800,905841117,0,5000000,0,452920527,81998719,t,2026-09-24 14:33:13.329865+00,5
93455858-ae42-4ad5-a952-fcd86daca399,9ac44ac0-c7f6-4b33-a402-c9e92e17392b,6000000,4,2,1000000,64,64,9,\x0003061e363330180a0d1b090c0f273f3c39212432351d2f3d2b2e161325371f2d2a38201215070401191c3422100205171411293b3e2c3a281a080b0e262331,\x00020420400002042080022000112000010210200009802000100108600400024194002048202008022c00200810080420048304a100022040202020000804200081081080000404,1,\x0000000c0000002600000001ffffffff000000002800000001ffffffff000000002c00000001ffffffff010000002f000000010000000800000000300000000100000008000000003700000001000000080000000038000000010000000800000000390000000100000008000000003a0000000100000008000000003c0000000100000008000000003d0000000100000008000000003e000000010000000800,1096567517,0,6000000,0,548283727,99473966,t,2026-09-24 14:34:33.956317+00,6
0aea3ebf-d299-421f-879f-771408841816,9ac44ac0-c7f6-4b33-a402-c9e92e17392b,7000000,4,2,1000000,64,64,9,\x0003061e363330180a0d1b090c0f273f3c39212432351d2f3d2b2e160412152d2a1c190113100205171411292c3e3b3820233134260e0b081a283a2225371f07,\x00020420400002042080022000112000010210200009802000100108600400022343004210104502224012a100023040201040000408408220080008080408021008001240001020,1,\x000000100000001f00000001ffffffff0100000023000000010000000800000000270000000100000008000000002f000000010000000800000000320000000100000008000000003400000001000000080000000035000000010000000800000000360000000100000008000000003700000001000000080000000038000000010000000800000000390000000100000008000000003a0000000100000008000000003b0000000100000008000000003c0000000100000008000000003d0000000100000008000000003e000000010000000800,1238726985,0,7000000,0,619363461,112085956,t,2026-09-24 14:35:33.29397+00,7
89ac26e7-0a5e-4493-bc22-680671638fa0,9ac44ac0-c7f6-4b33-a402-c9e92e17392b,8000000,4,2,1000000,64,64,9,\x0003061e363330180a0d1b090c0f273f3c39212432351d2f3d2b2810223a2c291114021a080b0e1c2e16130517253734311901041220382a2d1f071523263e3b,\x000204204000020420800220001120000102102000098020001001086044103288002009400284200022400006028040002400810008108000099080010140010001418020000108,1,\x0000000e0000001d00000001ffffffff000000002300000001ffffffff000000002800000001ffffffff000000002b00000001ffffffff000000002c00000001ffffffff000000002d00000001ffffffff000000003100000001ffffffff000000003200000001ffffffff000000003700000001ffffffff000000003900000001ffffffff000000003a00000001ffffffff000000003b00000001ffffffff000000003d0000000200000002010000003e000000010000000800,1463043519,0,8000000,0,731521728,132396707,t,2026-09-24 14:37:07.67664+00,8
a9be99e3-8a71-4e7c-8f5e-125488ce66ae,9ac44ac0-c7f6-4b33-a402-c9e92e17392b,9000000,4,2,1000000,64,64,9,\x0003061e363330180a0d1b090c0f273f3c39212432351d2f3d2b13251705021411293b3e26233119010407151220382a2d1f37342210283a2c1a080b0e1c2e16,\x0002042040000204208002200011200001021020000980200010010860c419250804040710080c0800060b822040020c404001010140010011800002040101804080081000810020,0,\x0000000f0000001d00000001ffffffff000000002800000001ffffffff000000002a00000001ffffffff000000002e00000001ffffffff000000003000000001ffffffff000000003200000001ffffffff000000003500000001ffffffff000000003700000001ffffffff000000003800000001ffffffff000000003900000001ffffffff000000003a00000001ffffffff000000003b00000001ffffffff000000003c00000001ffffffff000000003d00000001ffffffff000000003e00000001ffffffff00,1698372561,0,9000000,0,849186249,153595515,t,2026-09-24 14:38:45.959613+00,9
e2f5b489-3b5e-479d-b7b1-2254e392f094,9ac44ac0-c7f6-4b33-a402-c9e92e17392b,10000000,4,2,1000000,64,64,9,\x0003061e363330180a0d1b090c0f273f3c39212432351d2f3d251705021a080b0e1c2e16132b190104071f37343123151220382a2d3b291114263e2c3a221028,\x00020420400002042080022000112000010210200009802000100108e008020181008800011808000281000c2001021020000102a0581410100014004108200104100081000c0802,1,\x0000000c0000002700000001ffffffff000000002b00000001ffffffff000000002d00000001ffffffff000000003100000001ffffffff000000003300000001ffffffff000000003400000001ffffffff000000003700000001ffffffff000000003900000001ffffffff000000003a00000001ffffffff000000003b00000001ffffffff000000003d0000000200000008010000003e000000010000000800,1918984509,0,10000000,0,959492223,173952168,t,2026-09-24 14:40:18.51435+00,10
477e9ed5-35f4-4f96-a053-e49f8be4dc9f,9ac44ac0-c7f6-4b33-a402-c9e92e17392b,11000000,4,2,1000000,64,64,9,\x0003061e363330180a0d1b090c0f273f3c39212432351d2f1705021a080b0e263e3b2d2a1c34221411292c3a3d25371f0704162e2b2810130119312315122038,\x0002042040000204208002200011200001021020000980200010014840402000224000020460c08280ec400c50140804401000880020403008200001029000200810000408020202,1,\x0000000f0000002400000001ffffffff01000000290000000100000008000000002a0000000100000008000000002e0000000100000008000000002f0000000100000008000000003300000001000000080000000035000000010000000800000000360000000100000008000000003700000001000000080000000038000000010000000800000000390000000100000008000000003a0000000100000008000000003c0000000100000008000000003d0000000100000008000000003e000000010000000800,2210410401,0,11000000,0,1105205169,201496667,t,2026-09-24 14:42:21.950793+00,11
bc1a713d-f47d-4507-a401-a7f305606150,9ac44ac0-c7f6-4b33-a402-c9e92e17392b,12000000,4,2,1000000,64,64,9,\x0003061e363330180a0d1b090c0f273f3c39212432351d2f1705021a2810221411292c3a3d2b2e16132537341c1f07152d2a383b3e260e0b0820120401193123,\x000204204000020420800220001120000102102000098020001001484040208002c880421008044010004c002010040880002d00100c042020081000081008100804020481000140,1,\x0000000a0000002300000001ffffffff000000002900000001ffffffff000000003400000001ffffffff000000003600000001ffffffff000000003800000001ffffffff000000003a0000000200000008010000003b0000000100000008000000003c0000000100000008000000003d0000000100000008000000003e000000010000000800,2352516883,0,12000000,0,1176258410,214559663,t,2026-09-24 14:43:21.838964+00,12
26989128-a408-41d5-9b09-5d0c0edec8b4,9ac44ac0-c7f6-4b33-a402-c9e92e17392b,13000000,4,2,1000000,64,64,9,\x0003061e363330180a0d1b090c0f273f3c39212432351d2f17050210283a221411292c1a080b0e1c2e2b3d253734311901131604122023263e3b382a2d1f0715,\x00020420400002042080022000112000010210200009802000100148404060404050904010080400012240000602a008002200020420400404009180418100042040001400181004,1,\x0000000b0000002300000001ffffffff000000002a00000001ffffffff000000002f00000001ffffffff000000003100000001ffffffff000000003200000001ffffffff000000003700000001ffffffff000000003800000001ffffffff000000003a00000001ffffffff000000003b00000001ffffffff000000003d0000000200000008010000003e000000010000000800,2520078637,0,13000000,0,1260039287,229889562,t,2026-09-24 14:44:47.023256+00,13
b0c576c0-5032-4cf2-b68f-c14178c73cc4,9ac44ac0-c7f6-4b33-a402-c9e92e17392b,14000000,4,2,1000000,64,64,9,\x0003061e363330180a0d1b090c0f273f3c39212432351d2f17050210223a3d2b281a0820382a1215070401191c1f2d3b3e2c291114260e0b233134372513162e,\x0002042040000204208002200011200001021020000980200010014840406070a0400030100081284000109000842848305068000204014040001240001008041004080002440002,0,\x0000000e0000002000000001ffffffff000000002d00000001ffffffff000000002e00000001ffffffff000000003200000001ffffffff000000003400000001ffffffff000000003600000001ffffffff000000003700000001ffffffff000000003800000001ffffffff000000003900000001ffffffff000000003a00000001ffffffff000000003b00000001ffffffff000000003c00000001ffffffff000000003d00000001ffffffff000000003e00000001ffffffff00,2679488101,0,14000000,0,1339744019,244197272,t,2026-09-24 14:46:16.472308+00,14
c7b60102-a50b-4ed6-af7d-bacde88377d1,9ac44ac0-c7f6-4b33-a402-c9e92e17392b,15000000,4,2,1000000,64,64,9,\x0003061e363330180a0d1b090c0f273f3c39212432351d2f1705021411292c3a2225373431230b0e263e3b382a2d1f1c2e160407151220081a28101301192b3d,\x00020420400002042080022000112000010210200009802000100148404070008140001561421880000158950004084080002c0030280280c0088000020220021000090082800001,1,\x0000000d0000002200000001ffffffff0100000028000000010000000800000000290000000100000008000000003300000001000000080000000034000000010000000800000000350000000100000008000000003600000001000000080000000037000000010000000800000000380000000100000008000000003a0000000100000008000000003c0000000100000008000000003d0000000100000008000000003e000000010000000800,2809245521,0,15000000,0,1404622729,255663096,t,2026-09-24 14:47:10.994567+00,15
0b18f7be-a4b9-440a-af36-5af68bd29a5c,9ac44ac0-c7f6-4b33-a402-c9e92e17392b,16000000,4,2,1000000,64,64,9,\x0003061e363330180a0d1b090c0f273f3c39212432351d2f170513162e2b3d25371f07152d2a122023311901041c34223a2c3e260e0b081a2810021411293b38,\x000204204000020420800220001120000102102000098020001001484060084000820020028000414000021244451004011280000110044009800204020401088000120081800008,1,\x0000000d0000002800000001ffffffff010000002b0000000100000008000000002c00000001000000080000000034000000010000000800000000350000000100000008000000003600000001000000080000000038000000010000000800000000390000000100000008000000003a0000000100000008000000003b0000000100000008000000003c0000000100000008000000003d0000000100000008000000003e000000010000000800,3001973083,0,16000000,0,1500986510,273014005,t,2026-09-24 14:48:31.571467+00,16
5aba892e-e9ca-4a92-a9a1-1c59b4fd39b8,9ac44ac0-c7f6-4b33-a402-c9e92e17392b,17000000,4,2,1000000,64,64,9,\x0003061e363330180a0d1b090c0f273f3c39212432351d2f1705130119313437253d3a221411292c3e26233b2d1f1c0e0b081a0210282b2e16040715122a3820,\x0002042040000204208002200011200001021020000980200010014840600851804080002008c000020a028100028040210009181440102008008280408000404004400081000220,1,\x0000000c0000002f00000001ffffffff000000003000000001ffffffff000000003300000001ffffffff000000003400000001ffffffff000000003500000001ffffffff000000003600000001ffffffff000000003700000001ffffffff000000003800000001ffffffff000000003a00000001ffffffff000000003b00000001ffffffff000000003d0000000200000003010000003e000000010000000800,3143709929,0,17000000,0,1571854933,285638398,t,2026-09-24 14:49:30.717595+00,17
df0160a8-27f8-4f19-84bd-e7c8740c9e7f,9ac44ac0-c7f6-4b33-a402-c9e92e17392b,18000000,4,2,1000000,64,64,9,\x0003061e363330180a0d1b090c0f273f3c39212432351d2f1725371f07152d2a1220383b2911230b081a283a3d2b2e16040113050210223431191c0e26142c3e,\x000204204000020420800220001120000102102000098020001001485008000204010108481010081002880024100428101000440020202008000401810041108004004480040101,1,\x0000000b0000002200000001ffffffff000000002800000001ffffffff000000002c00000001ffffffff000000003300000001ffffffff000000003500000001ffffffff000000003800000001ffffffff000000003900000001ffffffff000000003a00000001ffffffff000000003b00000001ffffffff000000003d0000000200000008010000003e000000010000000800,3366477833,0,18000000,0,1683238885,305938004,t,2026-09-24 14:51:04.2478+00,18
1dd2049e-2db7-4c80-a54c-15b6857994d8,9ac44ac0-c7f6-4b33-a402-c9e92e17392b,19000000,4,2,1000000,64,64,9,\x0003061e363330180a0d1b090c0f273f3c39212432351d2f17253d2b281a080b0e263e3b292c3a2210020513162e1c34371f07152d2a38201204011931231114,\x000204204000020420800220001120000102102000098020001001485018801141188800010810800123000220200005401080000802018020c14000020220800041204000108800,1,\x0000000d0000002600000001ffffffff000000002a0000000200000001010000002d00000001000000080000000030000000010000000800000000340000000100000008000000003600000001000000080000000038000000010000000800000000390000000100000008000000003a0000000100000008000000003b0000000100000008000000003c0000000100000008000000003d0000000100000008000000003e000000010000000800,3618720375,0,19000000,0,1809360156,329185684,t,2026-09-24 14:52:50.018186+00,19
9714a1d8-deb3-4591-9285-cf1bc89c1ce1,9ac44ac0-c7f6-4b33-a402-c9e92e17392b,20000000,4,2,1000000,64,64,9,\x0003061e363330180a0d1b090c0f273f3c39212432351d2f1714112320382a1204162e1c34311901132b2810223a3d25371f07152d3b292c3e260e0b081a0205,\x0002042040000204208002200011200001021020000980200010014870403090814020208106108051080210200208490022a0400020028000414000018800028000810041009000,1,\x000000110000002500000001ffffffff000000002700000001ffffffff000000002900000001ffffffff010000002e0000000100000008000000002f000000010000000800000000300000000100000008000000003200000001000000080000000033000000010000000800000000340000000100000008000000003600000001000000080000000038000000010000000800000000390000000100000008000000003a0000000100000008000000003b0000000100000008000000003c0000000100000008000000003d0000000100000008000000003e000000010000000800,3869099293,0,20000000,0,1934549615,352282837,t,2026-09-24 14:54:35.702803+00,20
a65cab7a-7113-436d-ae58-c8e3d00a89d2,9ac44ac0-c7f6-4b33-a402-c9e92e17392b,22000000,4,2,1000000,64,64,9,\x0003061e363330180a0d1b090c0f273f3c39212432351d2f2c3e26141705021022253d2b2e161301193134371f071512041c0e0b2311293b2d2a3820081a283a,\x000204204000020420800220001120000102102000098020001001580440411300040406020a1880110008041005080408000408060a800800824001040101802020000244000201,1,\x0000000e0000002300000001ffffffff01000000260000000100000008000000002b0000000100000008000000003000000001000000080000000032000000010000000800000000350000000100000008000000003600000001000000080000000038000000010000000800000000390000000100000008000000003a0000000100000008000000003b0000000100000008000000003c0000000100000008000000003d0000000100000008000000003e000000010000000800,4361413079,0,22000000,0,2180706508,397124721,t,2026-09-24 14:58:01.910225+00,22
2a4023d7-fe6e-46dd-b792-bf05833b6140,9ac44ac0-c7f6-4b33-a402-c9e92e17392b,23000000,4,2,1000000,64,64,9,\x0003061e363330180a0d1b090c0f273f3c39212432351d2f2c2911140210223a3d25170513162e2b281a0820383b3e260e0b23311901040715122a1c34371f2d,\x0002042040000204208002200011200001021020000980200010015824000910a2810002018000028120000108100081284020400020402010401004488000082010084420001004,1,\x0000000b0000002200000001ffffffff000000002300000001ffffffff000000002800000001ffffffff000000002900000001ffffffff000000002e00000001ffffffff000000003500000001ffffffff000000003900000001ffffffff000000003b00000001ffffffff010000003c0000000100000008000000003d0000000100000008000000003e000000010000000800,4520636331,0,23000000,0,2260318134,410997855,t,2026-09-24 14:59:07.914242+00,23
9a4b0d79-e338-45c1-8052-0166772a4f4c,9ac44ac0-c7f6-4b33-a402-c9e92e17392b,24000000,4,2,1000000,64,64,9,\x0003061e363330180a0d1b090c0f273f3c39212432351d2f2c3a3d2b281a080b0e263e3b291123311901041220382a2d15071f1c2e1613051714021022343725,\x000204204000020420800220001120000102102000098020001001583404001101108800010810800002c8000440800458808000a000400011a02000080448023080402060400010,1,\x0000000c0000002200000001ffffffff000000002400000001ffffffff000000002c00000001ffffffff000000002d00000001ffffffff000000003000000001ffffffff000000003100000001ffffffff000000003400000001ffffffff000000003500000001ffffffff000000003a00000001ffffffff000000003b00000001ffffffff000000003d0000000200000008010000003e000000010000000800,4726582581,0,24000000,0,2363291259,429283828,t,2026-09-24 15:00:33.549408+00,24
f0ddb6d1-a694-43dd-9342-bf35e7b6379d,9ac44ac0-c7f6-4b33-a402-c9e92e17392b,25000000,4,2,1000000,64,64,9,\x0003061e363330180a0d1b090c0f273f3c39212432351d05172f3d3a282b191c2e16130104122a38202331342210021a080b0e263e2c1411293b2d15071f3725,\x000204204000020420800220001120000102102000098020001021020820800022408862028040001120010104408220081022042002200204204000061008040400020288000110,1,\x0000000f0000002000000001ffffffff000000002300000001ffffffff000000002a00000001ffffffff000000002d000000020000000801000000300000000100000008000000003100000001000000080000000032000000010000000800000000360000000100000008000000003700000001000000080000000038000000010000000800000000390000000100000008000000003b0000000100000008000000003c0000000100000008000000003d0000000100000008000000003e000000010000000800,5102894055,0,25000000,0,2551446996,464830804,t,2026-09-24 15:03:12.643145+00,25
0a44cdec-fa29-4f70-bd37-9f9eb3f6334e,9ac44ac0-c7f6-4b33-a402-c9e92e17392b,26000000,4,2,1000000,64,64,9,\x0003061e363330180a0d1b090c0f273f3c39212432351d05172f3d3a223437251301193123263e2c1a0210282b2e16041220080b0e1c1f07152d2a383b291114,\x0002042040000204208002200011200001021020000980200010210208208000664400102062142000280c011870d0282010200010100d1200091000410020080840401000049000,1,\x000000100000001f00000001ffffffff000000002300000001ffffffff000000002a0000000200000008010000002b0000000100000008000000002c0000000100000008000000002e00000001000000080000000032000000010000000800000000330000000100000008000000003400000001000000080000000037000000010000000800000000380000000100000008000000003a0000000100000008000000003b0000000100000008000000003c0000000100000008000000003d0000000100000008000000003e000000010000000800,5254089081,0,26000000,0,2627044509,478690069,t,2026-09-24 15:04:16.143972+00,26
dc22d370-950a-4428-8c03-022a2c9ec011,9ac44ac0-c7f6-4b33-a402-c9e92e17392b,27000000,4,2,1000000,64,64,9,\x0003061e363330180a0d1b090c0f273f3c39212432351d05172f3d25371f070412152d2a38202331341c190113162e2b281a0210223a2c3e3b291114260e0b08,\x00020420400002042080022000112000010210200009802000102102082080220008100c1a021080800048100601c048022220000108108481412080002001104000092000080408,0,\x0000000e0000002b00000001ffffffff000000002d00000001ffffffff000000002e00000001ffffffff000000002f00000001ffffffff000000003200000001ffffffff000000003300000001ffffffff000000003500000001ffffffff000000003800000001ffffffff000000003900000001ffffffff000000003a00000001ffffffff000000003b00000001ffffffff000000003c00000001ffffffff000000003d00000001ffffffff000000003e00000001ffffffff00,5413474413,0,27000000,0,2706737175,493048286,t,2026-09-24 15:05:23.221948+00,27
04381380-aa78-45d7-aa1e-b036e2606769,9ac44ac0-c7f6-4b33-a402-c9e92e17392b,28000000,4,2,1000000,64,64,9,\x0003061e363330180a0d1b090c0f273f3c39212432351d05172f3d252210130104071f3734263e3b382a2d151220081a021411292c3a282b1931230b0e1c2e16,\x00020420400002042080022000112000010210200009802000102102082080228144a0100106102000011a0108108005000201019001400450201000018800210800021200810020,1,\x0000000f0000002100000001ffffffff01000000230000000100000008000000002a0000000100000008000000002c0000000100000008000000003000000001000000080000000033000000010000000800000000340000000100000008000000003500000001000000080000000036000000010000000800000000390000000100000008000000003a0000000100000008000000003b0000000100000008000000003c0000000100000008000000003d0000000100000008000000003e000000010000000800,5562487055,0,28000000,0,2781243496,506612363,t,2026-09-24 15:06:25.695265+00,28
65ec1f44-cf3a-416b-915c-109483ae8a5f,9ac44ac0-c7f6-4b33-a402-c9e92e17392b,29000000,4,2,1000000,64,64,9,\x0003061e363330180a0d1b090c0f273f3c39212432351d05172f3d2b2e1c34312315071f3725223a281013160401190b0e263e2c291114021a0820383b2d2a12,\x0002042040000204208002200011200001021020000980200010210208208013004ca708c0e201224000040402208004080002020140010810800101480010044010201400100420,1,\x0000000e0000002400000001ffffffff000000002b00000001ffffffff000000002d00000001ffffffff000000002e00000001ffffffff000000003000000001ffffffff000000003500000001ffffffff000000003600000001ffffffff000000003700000001ffffffff000000003800000001ffffffff000000003900000001ffffffff000000003b00000001ffffffff010000003c0000000100000008000000003d0000000100000008000000003e000000010000000800,5725707293,0,29000000,0,2862853615,521413503,t,2026-09-24 15:07:34.127927+00,29
90eb1536-cdab-4059-a3c4-909f9f5e9738,9ac44ac0-c7f6-4b33-a402-c9e92e17392b,30000000,4,2,1000000,64,64,9,\x0003061e363330180a0d1b090c0f273f3c39212432351d05172f2c3e260e1c2e16040119313437251310223a3d2b281a021411293b382a1220080b2315071f2d,\x00020420400002042080022000112000010210200009802000102102086010000508060140404430402040003024280820100004044040044020200002a020088004200088100104,1,\x0000000b0000002c00000001ffffffff000000002d00000001ffffffff000000002e00000001ffffffff000000003000000001ffffffff000000003100000001ffffffff000000003300000001ffffffff000000003900000001ffffffff000000003a00000001ffffffff000000003b00000001ffffffff000000003d0000000200000008010000003e000000010000000800,5913248543,0,30000000,0,2956624240,538355438,t,2026-09-24 15:08:52.448355+00,30
4595eb12-b568-4258-a3b0-89d96bc7304c,9ac44ac0-c7f6-4b33-a402-c9e92e17392b,31000000,4,2,1000000,64,64,9,\x0003061e363330180a0d1b090c0f273f3c39212432351d05172f2c291123313437253d3a22140210281a080b1901132b2e160407152d2a1220383b3e260e1c1f,\x00020420400002042080022000112000010210200009802000102102086090006400820001401080000490080604008108904088000201808008c080022620080804080004088200,1,\x0000000c0000002900000001ffffffff000000002f00000001ffffffff000000003100000001ffffffff000000003600000001ffffffff010000003700000001000000080000000038000000010000000800000000390000000100000008000000003a0000000100000008000000003b0000000100000008000000003c0000000100000008000000003d0000000100000008000000003e000000010000000800,6037016581,0,31000000,0,3018508259,548973028,t,2026-09-24 15:09:43.959056+00,31
9b869cd3-300a-46a7-a1a3-eb3d18973f03,9ac44ac0-c7f6-4b33-a402-c9e92e17392b,32000000,4,2,1000000,64,64,9,\x0003061e363330180a0d1b090c0f273f3c39212432351d051725371f2d2a3820233134221411293b3e260e0b081a0210283a2c2f3d2b190113162e1c04071512,\x000204204000020420800220001120000102102000098020001021021808008204028220c1180400410a0201010180008100410010040404000a8000448820020210000124000208,1,\x0000000d0000002500000001ffffffff000000002700000001ffffffff000000002900000001ffffffff000000002c00000001ffffffff000000002e00000001ffffffff000000003200000001ffffffff000000003300000001ffffffff000000003400000001ffffffff000000003800000001ffffffff000000003a00000001ffffffff000000003b00000001ffffffff000000003d0000000200000003010000003e000000010000000800,6287425001,0,32000000,0,3143712469,572124580,t,2026-09-24 15:11:29.737558+00,32
fb225e54-e14d-400c-b530-0179e667d93a,9ac44ac0-c7f6-4b33-a402-c9e92e17392b,33000000,4,2,1000000,64,64,9,\x0003061e363330180a0d1b090c0f273f3c39212432351d051725221013160401191c2e2b283a3d2f2c3e260e0b081a021411293b382a1220233134371f07152d,\x000204204000020420800220001120000102102000098020001021021858201128000908040e09802041400040100440010201820020022010100001581004011004080004090202,1,\x0000000f0000001f00000001ffffffff000000002200000001ffffffff000000002600000001ffffffff000000002700000001ffffffff000000002b00000001ffffffff000000002e00000001ffffffff000000002f00000001ffffffff000000003000000001ffffffff000000003200000001ffffffff000000003700000001ffffffff000000003900000001ffffffff000000003a00000001ffffffff000000003b00000001ffffffff000000003d0000000200000008010000003e000000010000000800,6520962675,0,33000000,0,3260481306,593584442,t,2026-09-24 15:13:07.918813+00,33
8567a65e-f6b3-45c1-bf1b-565cbed91113,9ac44ac0-c7f6-4b33-a402-c9e92e17392b,34000000,4,2,1000000,64,64,9,\x0003061e363330180a0d1b090c0f273f3c39212432351d0517140210223a281a080b0e1c04162e2b1301193134262311293b3e2c2f3d25371f07152d2a382012,\x0002042040000204208002200011200001021020000980200010210238c06020a000084020020460f065000108624010201020100510040604001100011001408020200001011040,1,\x0000000e0000002600000001ffffffff000000002900000001ffffffff000000002a00000001ffffffff000000002f00000001ffffffff000000003200000001ffffffff000000003300000001ffffffff000000003400000001ffffffff000000003500000001ffffffff000000003600000001ffffffff000000003700000001ffffffff000000003900000001ffffffff000000003b00000001ffffffff000000003d0000000200000006010000003e000000010000000800,6778572219,0,34000000,0,3389286078,617500169,t,2026-09-24 15:14:56.485596+00,34
0482de5c-6ede-45fd-9b3d-ebfd61158232,9ac44ac0-c7f6-4b33-a402-c9e92e17392b,35000000,4,2,1000000,64,64,9,\x0003061e363330180a0d1b090c0f273f3c39212432351d05021a080b0e261411292c3a281022341c1931232012040113162e2b3d2f1725371f07152d2a383b3e,\x000204204000020420800220001120000102102000098020001021120880081080008b0804022c0001448080281b08008240a8100401010840100008080201408020200001418000,1,\x0000000f0000002200000001ffffffff01000000290000000100000008000000002e00000001000000080000000030000000010000000800000000310000000100000008000000003200000001000000080000000034000000010000000800000000350000000100000008000000003600000001000000080000000037000000010000000800000000390000000100000008000000003a0000000100000008000000003c0000000100000008000000003d0000000100000008000000003e000000010000000800,7009451775,0,35000000,0,3504725856,638684978,t,2026-09-24 15:16:33.969994+00,35
d5e83bfb-17e6-4df2-b7b7-16acda6d82ef,9ac44ac0-c7f6-4b33-a402-c9e92e17392b,36000000,4,2,1000000,64,64,9,\x0003061e363330180a0d1b090c0f273f3c39212432351d05021a080b2311292c2f1714221013162e2b283a3d25371f2d3b3e260e1c34311901040715122a3820,\x00020420400002042080022000112000010210200009802000102112088008d0000781010180405040a2400002102008080044001424080200018280000420400204400081000220,1,\x0000000e0000002900000001ffffffff000000002a00000001ffffffff000000002b00000001ffffffff000000002c00000001ffffffff000000003100000001ffffffff000000003300000001ffffffff000000003500000001ffffffff000000003600000001ffffffff000000003700000001ffffffff000000003800000001ffffffff000000003a00000001ffffffff000000003b00000001ffffffff000000003d0000000200000003010000003e000000010000000800,7147439843,0,36000000,0,3573719890,651043632,t,2026-09-24 15:17:31.760172+00,36
17ce6875-b7f0-4463-b7b8-f2f5c749c615,9ac44ac0-c7f6-4b33-a402-c9e92e17392b,37000000,4,2,1000000,64,64,9,\x0003061e363330180a0d1b090c0f273f3c39212432351d05021a08202331190b0e1c34371f2d2a383b291114263e2c2f17253d3a2210282b2e16130104121507,\x00020420400002042080022000112000010210200009802000102112088028500841104001181c080004090404014200092080008800401010800004048100018040001120410040,1,\x0000000d0000001f00000001ffffffff000000002700000001ffffffff000000002a00000001ffffffff000000002c00000001ffffffff000000002d00000001ffffffff000000003000000001ffffffff000000003400000001ffffffff000000003600000001ffffffff000000003800000001ffffffff000000003a00000001ffffffff000000003b00000001ffffffff000000003d0000000200000008010000003e000000010000000800,7315943543,0,37000000,0,3657971740,666575332,t,2026-09-24 15:18:42.882315+00,37
342e954a-f156-4396-8c0b-7d621399bf31,9ac44ac0-c7f6-4b33-a402-c9e92e17392b,38000000,4,2,1000000,64,64,9,\x0003061e363330180a0d1b090c0f273f3c39212432351d05021a2c2911233119011310283a2214260e0b0820382a1c343725172f3d2b2e16041215071f2d3b3e,\x0002042040000204208002200011200001021020000980200010211208a898006400822040064420302008a0014c2040204020503002014000228000440020201004004400018200,1,\x0000000f0000002800000001ffffffff01000000290000000100000008000000002a0000000100000008000000002f000000010000000800000000320000000100000008000000003300000001000000080000000034000000010000000800000000350000000100000008000000003600000001000000080000000037000000010000000800000000390000000100000008000000003b0000000100000008000000003c0000000100000008000000003d0000000100000008000000003e000000010000000800,7597503771,0,38000000,0,3798751854,692873791,t,2026-09-24 15:20:41.443368+00,38
88f51a42-2cf9-42af-bdd4-ed166a899a33,9ac44ac0-c7f6-4b33-a402-c9e92e17392b,39000000,4,2,1000000,64,64,9,\x0003061e363330180a0d1b090c0f273f3c39212432351d050210283a3d2f1714263e2c1a080b192b2e1613010407152d2a1220383b29112331342225371f1c0e,\x00020420400002042080022000112000010210200009802000102112181010140010100c1e088000012240020101804000112000030a988020201000041001080280082000080440,1,\x0000000e0000002300000001ffffffff000000002600000001ffffffff010000002b0000000100000008000000003100000001000000080000000033000000010000000800000000350000000100000008000000003600000001000000080000000037000000010000000800000000380000000100000008000000003a0000000100000008000000003b0000000100000008000000003c0000000100000008000000003d0000000100000008000000003e000000010000000800,7788261773,0,39000000,0,3894130855,710761952,t,2026-09-24 15:22:01.930192+00,39
aa1bf4b0-c6cb-4bfa-b1f4-1222504a8e75,9ac44ac0-c7f6-4b33-a402-c9e92e17392b,40000000,4,2,1000000,64,64,9,\x0003061e363330180a0d1b090c0f273f3c39212432351d05021013162e1c0e0b081a282b3d2f1725371f2d2a383b3e261411292c3a2234311901040715232012,\x000204204000020420800220001120000102102000098020001021121814084000062008100420082002121004028020818020480030283810088000880008408004088000010440,1,\x0000000a0000003200000001ffffffff000000003300000001ffffffff000000003400000001ffffffff000000003500000001ffffffff000000003600000001ffffffff000000003800000001ffffffff000000003900000001ffffffff000000003b00000001ffffffff000000003d0000000200000004010000003e000000010000000800,7987435439,0,40000000,0,3993717688,728844670,t,2026-09-24 15:23:25.816007+00,40
4c3e4202-0dbb-485e-b2bf-bed5a88f9486,9ac44ac0-c7f6-4b33-a402-c9e92e17392b,41000000,4,2,1000000,64,64,9,\x0003061e363330180a0d1b090c0f273f3c39212432351d050210223a281a080b0e1c2a12150704162e2b3d2f1725130119312320383b2911142c3e2634371f2d,\x00020420400002042080022000112000010210200009802000102112181c20000210880001183c489280100501042008000404010810040804824020402820010808008220001004,1,\x0000000e0000002800000001ffffffff000000002e00000001ffffffff000000002f00000001ffffffff000000003000000001ffffffff000000003300000001ffffffff000000003400000001ffffffff000000003600000001ffffffff0100000037000000010000000800000000390000000100000008000000003a0000000100000008000000003b0000000100000008000000003c0000000100000008000000003d0000000100000008000000003e000000010000000800,8191402561,0,41000000,0,4095701249,747208318,t,2026-09-24 15:24:51.313075+00,41
653cb3cc-d8b7-4996-8780-a7bce42cc57c,9ac44ac0-c7f6-4b33-a402-c9e92e17392b,42000000,4,2,1000000,64,64,9,\x0003061e363330180a0d1b090c0f273f3c39212432351d0502102225172f3d3a282b2e161301041220233134371f07152d2a383b3e261411292c1a080b191c0e,\x00020420400002042080022000112000010210200009802000102112181c2820880002082002050002014480040d8a20081200081004042020081000080808040280001120410040,1,\x0000000c0000002400000001ffffffff000000002c00000001ffffffff000000002e00000001ffffffff000000002f00000001ffffffff000000003200000001ffffffff000000003700000001ffffffff000000003800000001ffffffff000000003900000001ffffffff000000003a00000001ffffffff000000003b00000001ffffffff000000003d0000000200000008010000003e000000010000000800,8343976025,0,42000000,0,4171987981,760514057,t,2026-09-24 15:25:54.69798+00,42
a4bfedde-8efb-4796-ab12-70022e1c04d6,9ac44ac0-c7f6-4b33-a402-c9e92e17392b,43000000,4,2,1000000,64,64,9,\x0003061e363330180a0d1b090c0f273f3c39212432351d0502102214263e2c2f17253d3a281a080b0e1c2e16132b190104122a2d15071f3734312320383b2911,\x00020420400002042080022000112000010210200009802000102112181c383481008c00401018800002108800011008800281000820011210480004100102102000824020000820,1,\x0000000f0000002000000001ffffffff000000002300000001ffffffff000000002500000001ffffffff000000002800000001ffffffff000000002d00000001ffffffff000000002f00000001ffffffff000000003500000001ffffffff000000003600000001ffffffff000000003700000001ffffffff000000003800000001ffffffff000000003900000001ffffffff000000003b0000000200000005010000003c0000000100000008000000003d0000000100000008000000003e000000010000000800,8531666631,0,43000000,0,4265833284,777276661,t,2026-09-24 15:27:13.11818+00,43
a226f246-c673-44cd-8572-0806d115a4c4,9ac44ac0-c7f6-4b33-a402-c9e92e17392b,44000000,4,2,1000000,64,64,9,\x0003061e363330180a0d1b090c0f273f3c39212432351d05021411293b3e26233119010407151220382a2d1f37342210283a2c2f17253d2b13162e1c0e0b081a,\x000204204000020420800220001120000102102000098020001021121c4420302000182c0882000910000105040400050044000218100504000a0104010110400210000108020401,0,\x0000000c0000002800000001ffffffff000000002a00000001ffffffff000000003300000001ffffffff000000003400000001ffffffff000000003600000001ffffffff000000003800000001ffffffff000000003900000001ffffffff000000003a00000001ffffffff000000003b00000001ffffffff000000003c00000001ffffffff000000003d00000001ffffffff000000003e00000001ffffffff00,8768358281,0,44000000,0,4384179109,799185942,t,2026-09-24 15:28:52.420618+00,44
a4a25dc8-9f9f-4c55-87ad-45c119883f68,9ac44ac0-c7f6-4b33-a402-c9e92e17392b,45000000,4,2,1000000,64,64,9,\x0003061e363330180a0d1b090c0f273f3c39212432351d0513162e2b3d2f1714112331343725223a2810021a0820382a2d3b292c3e260e0b1901041c1f071512,\x0002042040000204208002200011200001021020000980200010211a021080200010100c100c200812000404022080002220a2008140411080082000081008088004201000080208,1,\x0000000d0000002500000001ffffffff000000002900000001ffffffff000000002a00000001ffffffff000000003200000001ffffffff000000003300000001ffffffff000000003400000001ffffffff000000003500000001ffffffff000000003700000001ffffffff000000003900000001ffffffff000000003b0000000200000003010000003c0000000100000008000000003d0000000100000008000000003e000000010000000800,9033100671,0,45000000,0,4516550304,823485451,t,2026-09-24 15:30:43.551865+00,45
ad094995-8bdf-4bf2-ba60-99acb133d597,9ac44ac0-c7f6-4b33-a402-c9e92e17392b,46000000,4,2,1000000,64,64,9,\x0003061e363330180a0d1b090c0f273f3c39212432351d0513162e1c2a383b2d151220081a02102225172f3d3a282b190104071f373431230b0e261411292c3e,\x0002042040000204208002200011200001021020000980200010211a0210809108419050c02020003200080203010411400001440010400204204000020440400210200181400001,1,\x0000000e0000002d00000001ffffffff000000002e00000001ffffffff000000003000000001ffffffff000000003100000001ffffffff000000003200000001ffffffff000000003300000001ffffffff000000003400000001ffffffff000000003600000001ffffffff000000003800000001ffffffff000000003900000001ffffffff000000003b00000001ffffffff010000003c0000000100000008000000003d0000000100000008000000003e000000010000000800,9210418087,0,46000000,0,4605209012,839384984,t,2026-09-24 15:31:57.434165+00,46
bf7b7eb9-6acb-4060-b8f0-bb828fcf9dbc,9ac44ac0-c7f6-4b33-a402-c9e92e17392b,47000000,4,2,1000000,64,64,9,\x0003061e363330180a0d1b090c0f273f3c39212432351d0513011931341c2a38201204162e2b3d2f1725371f07152d3b2311292c14223a2810021a080b0e263e,\x0002042040000204208002200011200001021020000980200010211a4214201020dc220440800112400082004040100800020401010461401008a046010110400011001120000102,1,\x0000000f0000002300000001ffffffff000000002400000001ffffffff000000002a00000001ffffffff000000002c00000001ffffffff000000002e00000001ffffffff000000003200000001ffffffff000000003400000001ffffffff010000003600000001000000080000000038000000010000000800000000390000000100000008000000003a0000000100000008000000003b0000000100000008000000003c0000000100000008000000003d0000000100000008000000003e000000010000000800,9420854993,0,47000000,0,4710427465,858397934,t,2026-09-24 15:33:25.630983+00,47
b1b5bfad-7c7c-41b8-a045-13ff87682c30,9ac44ac0-c7f6-4b33-a402-c9e92e17392b,48000000,4,2,1000000,64,64,9,\x0003061e363330180a0d1b090c0f273f3c39212432351d051310021411292c3e26343725223a281a080b0e1c1f07152d2a1220383b2331190104162e2b3d2f17,\x0002042040000204208002200011200001021020000980200010211a6200321081408001509004000181400840200204401000080202189020201000080220400208200041002020,1,\x0000000e00000024000000020000000701000000270000000100000008000000002a0000000100000008000000003300000001000000080000000034000000010000000800000000350000000100000008000000003600000001000000080000000038000000010000000800000000390000000100000008000000003a0000000100000008000000003b0000000100000008000000003c0000000100000008000000003d0000000100000008000000003e000000010000000800,9627169943,0,48000000,0,4813584940,876798990,t,2026-09-24 15:34:51.754679+00,48
c296da93-8bc0-46bb-8caa-b604247de435,9ac44ac0-c7f6-4b33-a402-c9e92e17392b,49000000,4,2,1000000,64,64,9,\x0003061e363330180a0d1b090c0f273f3c39212432351d1a080b0e263e3b2311292c2f3d25373431191c1f07152d2a382012040113162e2b283a221002141705,\x000204204000020420800220001120000102102000098020001029200204204000023c1c040204400047000408408604408280000404400001822020000108100400010168400010,1,\x0000000e0000002000000001ffffffff000000002700000001ffffffff000000002d00000001ffffffff000000002f00000001ffffffff000000003000000001ffffffff000000003100000001ffffffff000000003300000001ffffffff000000003500000001ffffffff000000003600000001ffffffff000000003700000001ffffffff000000003900000001ffffffff000000003b00000001ffffffff000000003d0000000200000008010000003e000000010000000800,9962698981,0,49000000,0,4981349459,908499494,t,2026-09-24 15:37:14.569077+00,49
fdd48b79-c3b7-48e0-b055-8b1026d386f7,9ac44ac0-c7f6-4b33-a402-c9e92e17392b,50000000,4,2,1000000,64,64,9,\x0003061e363330180a0d1b090c0f273f3c39212432351d1a080b0e261411292c3e3b2d1f0715122a38202331192b130104162e1c34372522100205172f3d3a28,\x00020420400002042080022000112000010210200009802000102920020420c003028100022040834604010602088004401064c8141001041000412000080a240805104000010410,1,\x0000000f0000002000000001ffffffff000000002800000001ffffffff000000002900000001ffffffff000000002a00000001ffffffff000000002f00000001ffffffff000000003100000001ffffffff000000003200000001ffffffff000000003300000001ffffffff000000003500000001ffffffff00000000390000000200000008010000003a0000000100000008000000003b0000000100000008000000003c0000000100000008000000003d0000000100000008000000003e000000010000000800,10112678461,0,50000000,0,5056339199,921954103,t,2026-09-24 15:38:17.21879+00,50
0b0f67ee-e0b5-40db-9019-0d913efeb81f,9ac44ac0-c7f6-4b33-a402-c9e92e17392b,51000000,4,2,1000000,64,64,9,\x0003061e363330180a0d1b090c0f273f3c39212432351d1a080b0e1c2a382012152331190104071f2d3b291114263e2c2f17050210283a2234372513162e2b3d,\x00020420400002042080022000112000010210200009802000102920020460b000011040011821000224400002081084001240000110018080808080808020020280201180000401,1,\x0000000b0000002600000001ffffffff000000002800000001ffffffff000000002b00000001ffffffff000000002e00000001ffffffff000000003300000001ffffffff000000003800000001ffffffff000000003900000001ffffffff000000003b00000001ffffffff010000003c0000000100000008000000003d0000000100000008000000003e000000010000000800,10249952275,0,51000000,0,5124976106,933981946,t,2026-09-24 15:39:13.792399+00,51
04451054-5d99-4409-91fe-4421aa5354c9,9ac44ac0-c7f6-4b33-a402-c9e92e17392b,52000000,4,2,1000000,64,64,9,\x0003061e363330180a0d1b090c0f273f3c39212432351d1a080b1901040715122a2d1f37251705021013162e2b283a3d2f2c2911142234312320383b3e260e1c,\x0002042040000204208002200011200001021020000980200010292002242012200003080c0200220083100908080204200001828000802048001200810008802010081000081004,1,\x0000000c0000002a00000001ffffffff000000002d00000001ffffffff000000002f00000001ffffffff000000003000000001ffffffff000000003500000001ffffffff0000000037000000020000000601000000390000000100000008000000003a0000000100000008000000003b0000000100000008000000003c0000000100000008000000003d0000000100000008000000003e000000010000000800,10413293723,0,52000000,0,5206646830,948377612,t,2026-09-24 15:40:21.585348+00,52
de1973c8-f8e7-4afa-a5d3-7f9e764a767b,9ac44ac0-c7f6-4b33-a402-c9e92e17392b,53000000,4,2,1000000,64,64,9,\x0003061e363330180a0d1b090c0f273f3c39212432351d1a080b23152d2a1220383b29111417252210020513162e1c0e263e2c2f3d3a282b190104071f373431,\x000204204000020420800220001120000102102000098020001029200234c04508031204040284001220040b0b240005401080000c40040880088000028800208804084080000408,1,\x000000110000001f00000001ffffffff000000002000000001ffffffff000000002300000001ffffffff000000002900000001ffffffff000000002a00000001ffffffff000000002f00000001ffffffff000000003100000001ffffffff000000003300000001ffffffff000000003500000001ffffffff000000003600000001ffffffff000000003700000001ffffffff00000000390000000200000008010000003a0000000100000008000000003b0000000100000008000000003c0000000100000008000000003d0000000100000008000000003e000000010000000800,10571649401,0,53000000,0,5285824669,961786314,t,2026-09-24 15:41:27.330158+00,53
f2855aff-9f3a-4fc3-af42-94d35f3e8e13,9ac44ac0-c7f6-4b33-a402-c9e92e17392b,54000000,4,2,1000000,64,64,9,\x0003061e363330180a0d1b090c0f273f3c39212432351d1a0820382a1c0e0b1901041215071f2d3b3e26140205172f3d2b2e161310283a22253734312311292c,\x000204204000020420800220001120000102102000098020001029200a1000144c1004044402200800880002040180e080114000010c300200812081800060010440800008048100,0,\x0000000e0000002200000001ffffffff000000002400000001ffffffff000000002600000001ffffffff000000003100000001ffffffff000000003200000001ffffffff000000003500000001ffffffff000000003700000001ffffffff000000003800000001ffffffff000000003900000001ffffffff000000003a00000001ffffffff000000003b00000001ffffffff000000003c00000001ffffffff000000003d00000001ffffffff000000003e00000001ffffffff00,10742932769,0,54000000,0,5371466353,976940115,t,2026-09-24 15:42:39.221506+00,54
87e1f160-049f-436e-97fb-525b8851a4d0,9ac44ac0-c7f6-4b33-a402-c9e92e17392b,55000000,4,2,1000000,64,64,9,\x0003061e363330180a0d1b090c0f273f3c39212432351d1a082012152d2a383b3e261411292c3a282b3d2f170502102234372513162e1c0e0b2331190104071f,\x000204204000020420800220001120000102102000098020001029200a100a400802820001c0e0814020400210410600020202020201030280001180008840100820000224400002,1,\x0000000d0000001e00000001ffffffff000000002400000001ffffffff000000002a00000001ffffffff000000002d00000001ffffffff000000003200000001ffffffff000000003500000001ffffffff0000000037000000020000000801000000390000000100000008000000003a0000000100000008000000003b0000000100000008000000003c0000000100000008000000003d0000000100000008000000003e000000010000000800,10935121637,0,55000000,0,5467560787,994672306,t,2026-09-24 15:43:59.870409+00,55
a44611d3-931a-4ca6-886d-5f166c35fb60,9ac44ac0-c7f6-4b33-a402-c9e92e17392b,56000000,4,2,1000000,64,64,9,\x0003061e363330180a0d1b090c0f273f3c39212432351d1a283a3d2b2e161325371f070401193123263e2c2f1705021022341c0e0b082012152d2a383b291114,\x000204204000020420800220001120000102102000098020001029280404001500080459028000c10081008140f108c0080004040404020400010401020142010840401000049000,1,\x0000000e0000002400000001ffffffff000000002b00000001ffffffff000000002d00000001ffffffff000000002f00000001ffffffff0000000031000000020000000701000000330000000100000008000000003400000001000000080000000035000000010000000800000000380000000100000008000000003a0000000100000008000000003b0000000100000008000000003c0000000100000008000000003d0000000100000008000000003e000000010000000800,11192601543,0,56000000,0,5596300740,1018556753,t,2026-09-24 15:45:48.273044+00,56
b7488bc1-e779-4c0b-8952-899e9c4f846e,9ac44ac0-c7f6-4b33-a402-c9e92e17392b,57000000,4,2,1000000,64,64,9,\x0003061e363330180a0d1b090c0f273f3c39212432351d1a28100205172f2c14223a3d253734312311293b3820080b1901132b2e16040715122a2d1f1c0e263e,\x0002042040000204208002200011200001021020000980200010292884000a208000062d180804002200020460200808880004488004420410080004440006100804000401100102,0,\x0000000d0000002100000001ffffffff000000002800000001ffffffff000000002900000001ffffffff000000002b00000001ffffffff000000002d00000001ffffffff000000003200000001ffffffff000000003400000001ffffffff000000003800000001ffffffff000000003a00000001ffffffff000000003b00000001ffffffff000000003c00000001ffffffff000000003d00000001ffffffff000000003e00000001ffffffff00,11493207187,0,57000000,0,5746603562,1046488802,t,2026-09-24 15:47:54.898093+00,57
051bb86c-95b0-43cd-b669-4fd0781844fa,9ac44ac0-c7f6-4b33-a402-c9e92e17392b,58000000,4,2,1000000,64,64,9,\x0003061e363330180a0d1b090c0f273f3c39212432351d1a282b2e1604122a3820080b190113050210223a3d2f1725373431233b2911142c3e260e1c1f2d1507,\x00020420400002042080022000112000010210200009802000102928860400022343010440800448004400240808041008000c0802011020002a1502480002028000411000011040,1,\x0000000d0000002100000001ffffffff000000002400000001ffffffff000000002800000001ffffffff000000002e00000001ffffffff000000003100000001ffffffff000000003500000001ffffffff000000003700000001ffffffff000000003800000001ffffffff000000003900000001ffffffff000000003a00000001ffffffff000000003b00000001ffffffff000000003d0000000200000006010000003e000000010000000800,11798985275,0,58000000,0,5899492606,1074885121,t,2026-09-24 15:50:03.643163+00,58
e2b2f5a1-c492-46fd-9581-73d9935465da,9ac44ac0-c7f6-4b33-a402-c9e92e17392b,59000000,4,2,1000000,64,64,9,\x0003061e363330180a0d1b090c0f273f3c39212432351d1a02051714263437251301191c0e0b0820382a12152d1f0704162e2b2810223a3d2f2c3e3b29112331,\x000204204000020420800220001120000102102000098020001029680208e02081490010346214380408020402040001094400101008020840900044008100802008800002880004,1,\x000000100000002300000001ffffffff0100000024000000010000000800000000260000000100000008000000002d0000000100000008000000002e0000000100000008000000002f0000000100000008000000003000000001000000080000000031000000010000000800000000340000000100000008000000003500000001000000080000000037000000010000000800000000380000000100000008000000003a0000000100000008000000003c0000000100000008000000003d0000000100000008000000003e000000010000000800,12132584613,0,59000000,0,6066292275,1106434114,t,2026-09-24 15:52:24.231181+00,59
c166872e-49ff-4afc-b872-4c6a2bd6b45a,9ac44ac0-c7f6-4b33-a402-c9e92e17392b,60000000,4,2,1000000,64,64,9,\x0003061e363330180a0d1b090c0f273f3c39212432351d1a021411292c3e260e0b08201204162e2b283a22101301191c1f07152d2a383b23313437253d2f1705,\x0002042040000204208002200011200001021020000980200010296816402010600014201020102854680001081004040111000481020d8020200001410020080204004100101010,1,\x0000000e0000002100000001ffffffff000000002b00000001ffffffff000000002d000000020000000701000000310000000100000008000000003400000001000000080000000035000000010000000800000000360000000100000008000000003700000001000000080000000038000000010000000800000000390000000100000008000000003a0000000100000008000000003c0000000100000008000000003d0000000100000008000000003e000000010000000800,12494112873,0,60000000,0,6247056405,1140168113,t,2026-09-24 15:54:57.38909+00,60
28fa8df1-a01c-4c97-b806-1dabd09efa52,9ac44ac0-c7f6-4b33-a402-c9e92e17392b,61000000,4,2,1000000,64,64,9,\x0003061e363330180a0d1b090c0f273f3c39212432351d1a2c3a2210282b190113253d2f1705021411293b382a1220080b0e1c2e160407152d1f37343123263e,\x0002042040000204208002200011200001021020000980200010296a3684014120c0082202061100040404040110080888002c080220010230100004440006040011800001500002,1,\x000000110000001c00000001ffffffff000000002200000001ffffffff000000002300000001ffffffff000000002500000001ffffffff000000002600000001ffffffff000000002900000001ffffffff000000002b00000001ffffffff010000002f00000001000000080000000033000000010000000800000000340000000100000008000000003500000001000000080000000038000000010000000800000000390000000100000008000000003a0000000100000008000000003c0000000100000008000000003d0000000100000008000000003e000000010000000800,12887961041,0,61000000,0,6443980489,1176599274,t,2026-09-24 15:57:43.263826+00,61
d0537c34-b98c-4066-8c24-c4307fe47b27,9ac44ac0-c7f6-4b33-a402-c9e92e17392b,62000000,4,2,1000000,64,64,9,\x0003061e363330180a0d1b090c0f273f3c39212432351d0b0e263e2c140210223a281a0820382a2d3b29112331341c19011305172f3d2b2e16041215071f3725,\x00020420400002042080022000112000010210200009802000103901081080912746030104400002418040a020084000118020409009400600124000018800404020080088000110,1,\x0000000e0000002200000001ffffffff000000002300000001ffffffff000000002900000001ffffffff000000002a00000001ffffffff000000003200000001ffffffff000000003400000001ffffffff000000003600000002000000060100000037000000010000000800000000380000000100000008000000003a0000000100000008000000003b0000000100000008000000003c0000000100000008000000003d0000000100000008000000003e000000010000000800,13230787899,0,62000000,0,6615393918,1209474751,t,2026-09-24 16:00:07.996455+00,62
114344f8-1841-401f-b3ba-6e821fc8db12,9ac44ac0-c7f6-4b33-a402-c9e92e17392b,63000000,4,2,1000000,64,64,9,\x0003061e363330180a0d1b090c0f273f3c39212432351d0b0e1c2e2b1316040119313437253d2f1705021a082023263e2c3a2810221411293b2d1f0715122a38,\x0002042040000204208002200011200001021020000980200010390118088022270008080408040800860020202020300041a0500002301080002200100402022001028200020104,1,\x000000110000001d00000001ffffffff000000001f00000001ffffffff000000002000000001ffffffff000000002800000001ffffffff000000002b00000001ffffffff000000003200000001ffffffff000000003300000001ffffffff000000003400000001ffffffff000000003500000001ffffffff000000003600000001ffffffff000000003700000001ffffffff000000003900000001ffffffff010000003a0000000100000008000000003b0000000100000008000000003c0000000100000008000000003d0000000100000008000000003e000000010000000800,13667870233,0,63000000,0,6833935085,1251738853,t,2026-09-24 16:03:11.9848+00,63
51025578-f6fc-44be-9d57-73dac767aa28,9ac44ac0-c7f6-4b33-a402-c9e92e17392b,64000000,4,2,1000000,64,64,9,\x0003061e363330180a0d1b090c0f273f3c39212432351d0b0e1c190113050210283a3d2b2e1604122a3820081a2c2f1725371f07152d3b3e2614223431231129,\x00020420400002042080022000112000010210200009802000103901186c203220900404040605001100088804041000012240400020080400018280008200407020100001100802,1,\x0000000e0000002300000001ffffffff000000002400000001ffffffff000000002500000001ffffffff000000002b00000001ffffffff000000002c00000001ffffffff000000002e00000001ffffffff000000003300000001ffffffff000000003500000001ffffffff00000000370000000200000005010000003a0000000100000008000000003b0000000100000008000000003c0000000100000008000000003d0000000100000008000000003e000000010000000800,13947581637,0,64000000,0,6973790787,1277377804,t,2026-09-24 16:05:07.961561+00,64
0e270741-4478-49d6-960f-8b0d1cd5b7cf,9ac44ac0-c7f6-4b33-a402-c9e92e17392b,65000000,4,2,1000000,64,64,9,\x0003061e363330180a0d1b090c0f273f3c39212432351d0b0e1c041215071f2d2a383b3e262320081a282b2e1613050210223a3d2f2c29111417253734311901,\x00020420400002042080022000112000010210200009802000103901187cd9500010010610100409000403042002100c090004022c0808041808000c020420010220100001021020,1,\x000000110000001d00000001ffffffff000000002000000001ffffffff000000002600000001ffffffff000000002700000001ffffffff000000002b00000001ffffffff000000002c00000001ffffffff000000002e00000001ffffffff0100000030000000010000000800000000360000000100000008000000003700000001000000080000000038000000010000000800000000390000000100000008000000003a0000000100000008000000003b0000000100000008000000003c0000000100000008000000003d0000000100000008000000003e000000010000000800,14149576229,0,65000000,0,7074788083,1295191300,t,2026-09-24 16:06:31.438251+00,65
563a2280-37d7-444b-9478-ccafa8e336ba,9ac44ac0-c7f6-4b33-a402-c9e92e17392b,66000000,4,2,1000000,64,64,9,\x0003061e363330180a0d1b090c0f273f3c39212432351d0b081a0205172f3d3a282b2e161310221411292c3e3b382a2d1512202331190104071f1c0e26343725,\x00020420400002042080022000112000010210200009802000103911042009208000020820820400020182804014080410000102b000402020089000089000010850004400410010,1,\x0000000a0000002500000001ffffffff000000002700000001ffffffff010000002a0000000100000008000000003200000001000000080000000036000000010000000800000000380000000100000008000000003b0000000100000008000000003c0000000100000008000000003d0000000100000008000000003e000000010000000800,14363286649,0,66000000,0,7181643293,1314799238,t,2026-09-24 16:08:02.000528+00,66
88338f95-d81d-44a7-8323-8af9d13e5556,9ac44ac0-c7f6-4b33-a402-c9e92e17392b,67000000,4,2,1000000,64,64,9,\x0003061e363330180a0d1b090c0f273f3c39212432351d0b081a2c3a282b2e1613050210223431232012152d2a383b3e260e1c190104071f37253d2f17141129,\x000204204000020420800220001120000102102000098020001039110428d90022480020106041402060500460100805200401418000408020800024400002044010000404020402,1,\x0000000f0000002300000001ffffffff000000002d00000001ffffffff000000002f000000020000000501000000310000000100000008000000003300000001000000080000000034000000010000000800000000350000000100000008000000003600000001000000080000000037000000010000000800000000380000000100000008000000003a0000000100000008000000003b0000000100000008000000003c0000000100000008000000003d0000000100000008000000003e000000010000000800,14599066433,0,67000000,0,7299533185,1336398328,t,2026-09-24 16:09:41.865282+00,67
424a6926-7061-40c5-929f-7da766804577,9ac44ac0-c7f6-4b33-a402-c9e92e17392b,68000000,4,2,1000000,64,64,9,\x0003061e363330180a0d1b090c0f273f3c39212432351d0b23311901132b2e16040715122a2d1f372517050210221411292c2f3d3a281a0820383b3e26341c0e,\x0002042040000204208002200011200001021020000980200010391d10000132a050002020022080c0200020023008818080c0802108040604400001042010040804080004011040,1,\x0000000f0000001f00000001ffffffff000000002a00000001ffffffff000000002f00000001ffffffff000000003200000001ffffffff000000003300000001ffffffff000000003400000001ffffffff000000003500000001ffffffff000000003600000001ffffffff000000003700000001ffffffff000000003800000001ffffffff000000003900000001ffffffff000000003a00000001ffffffff000000003b00000001ffffffff000000003d0000000200000006010000003e000000010000000800,15182078079,0,68000000,0,7591039008,1393553003,t,2026-09-24 16:13:53.763291+00,68
4dcf76b2-323c-4698-b128-6eacd1188186,9ac44ac0-c7f6-4b33-a402-c9e92e17392b,69000000,4,2,1000000,64,64,9,\x0003061e363330180a0d1b090c0f273f3c39212432351d0b233b382a2d15071f1c0e263e2c291114021022253734311901132b2e16041220081a283a3d2f1705,\x0002042040000204208002200011200001021020000980200010391d7a45001600082402140011200002029000211a083820000204204006140a0004040204400420101000101010,0,\x000000140000002100000001ffffffff000000002300000001ffffffff000000002500000001ffffffff000000002600000001ffffffff000000002c00000001ffffffff000000002d00000001ffffffff000000002e00000001ffffffff000000003200000001ffffffff000000003300000001ffffffff000000003400000001ffffffff000000003500000001ffffffff000000003600000001ffffffff000000003700000001ffffffff000000003800000001ffffffff000000003900000001ffffffff000000003a00000001ffffffff000000003b00000001ffffffff000000003c00000001ffffffff000000003d00000001ffffffff000000003e00000001ffffffff00,15475161367,0,69000000,0,7737580652,1419457993,t,2026-09-24 16:15:56.032183+00,69
0847d5e4-29a0-44c3-a839-31337b1be5cf,9ac44ac0-c7f6-4b33-a402-c9e92e17392b,70000000,4,2,1000000,64,64,9,\x0003061e363330180a0d1b090c0f273f3c39212432351d2b2e161305172f3d25371f2d2a1215070401193123263e3b3820080b0e1c34223a2c291114021a2810,\x00020420400002042080022000112000010210200009802000103d018040002580000220028020818024002008100814085487000408408004088080000802a02000090082000220,1,\x0000000d0000002600000001ffffffff000000002800000001ffffffff000000002f00000001ffffffff000000003000000001ffffffff000000003200000001ffffffff000000003300000001ffffffff000000003400000001ffffffff000000003500000001ffffffff000000003900000001ffffffff000000003a00000001ffffffff000000003b00000001ffffffff000000003d0000000200000003010000003e000000010000000800,15636260097,0,70000000,0,7818130017,1433716881,t,2026-09-24 16:17:02.954227+00,70
8fcba93c-8376-44cb-b948-0d74fa1f3010,9ac44ac0-c7f6-4b33-a402-c9e92e17392b,71000000,4,2,1000000,64,64,9,\x0003061e363330180a0d1b090c0f273f3c39212432351d2b2e161310283a3d2f1705021a080b0e262331190104071f1c343725221411292c3e3b2d15122a3820,\x00020420400002042080022000112000010210200009802000103d0180408045404000404040402000224000023c100001122000030a040280800008028100022040020281000220,1,\x0000000b0000002100000001ffffffff000000002b00000001ffffffff000000003100000001ffffffff000000003200000001ffffffff000000003300000001ffffffff000000003500000001ffffffff000000003700000001ffffffff000000003800000001ffffffff000000003b00000001ffffffff000000003d0000000200000003010000003e000000010000000800,15777714607,0,71000000,0,7888857272,1446179293,t,2026-09-24 16:18:01.914774+00,71
f5389a96-23b8-47e1-8890-2f30d5db2c65,9ac44ac0-c7f6-4b33-a402-c9e92e17392b,72000000,4,2,1000000,64,64,9,\x0003061e363330180a0d1b090c0f273f3c39212432351d2b2e1604071f3734263e2c1411293b2d2a3820121523311901130502102225172f3d3a281a080b0e1c,\x00020420400002042080022000112000010210200009802000103d0180c00840800004780460e48140400024280880000a8000019020020049602020002002082080000422400004,1,\x0000000f0000002400000001ffffffff000000002800000001ffffffff000000002a00000001ffffffff000000002b00000001ffffffff000000002d00000001ffffffff000000002f000000020000000801000000360000000100000008000000003700000001000000080000000038000000010000000800000000390000000100000008000000003a0000000100000008000000003b0000000100000008000000003c0000000100000008000000003d0000000100000008000000003e000000010000000800,15946635105,0,72000000,0,7973317521,1460783036,t,2026-09-24 16:19:11.680688+00,72
4f9ff445-06ad-4cb1-b7cd-14815aba4028,9ac44ac0-c7f6-4b33-a402-c9e92e17392b,73000000,4,2,1000000,64,64,9,\x0003061e363330180a0d1b090c0f273f3c39212432351d2b2e1604011305172f3d25371f07152d3b291114223431191c0e0b23263e2c3a2810021a0820122a38,\x00020420400002042080022000112000010210200009802000103d0180c088200090000208800800020401010c318004606102029000882810084000040210400011004180100104,1,\x0000000a0000002400000001ffffffff000000003300000001ffffffff000000003400000001ffffffff000000003600000001ffffffff000000003800000001ffffffff000000003900000001ffffffff000000003a00000001ffffffff000000003b00000001ffffffff000000003d0000000200000008010000003e000000010000000800,16089181201,0,73000000,0,8044590569,1472980010,t,2026-09-24 16:20:10.501668+00,73
6ae16bca-b9fc-40f9-be3f-cc53e54fb8cf,9ac44ac0-c7f6-4b33-a402-c9e92e17392b,74000000,4,2,1000000,64,64,9,\x0003061e363330180a0d1b090c0f273f3c39212432351d2b2e16041220080b0e1c34371f07152d2a383b3e262331190113050210281a2c291114223a3d2f1725,\x00020420400002042080022000112000010210200009802000103d0180c0c8d0804880000c3a04000204010108080204000201011020020049604000900008400224201000181004,1,\x0000000c0000002400000001ffffffff000000002700000001ffffffff000000002800000001ffffffff000000002d00000001ffffffff000000002e00000001ffffffff000000002f00000001ffffffff000000003500000001ffffffff000000003700000001ffffffff000000003800000001ffffffff000000003b00000001ffffffff000000003d0000000200000008010000003e000000010000000800,16277324193,0,74000000,0,8138662065,1490106362,t,2026-09-24 16:21:29.518384+00,74
aeb1f03f-de15-4de9-88cc-be7231f14f0e,9ac44ac0-c7f6-4b33-a402-c9e92e17392b,75000000,4,2,1000000,64,64,9,\x0003061e363330180a0d1b090c0f273f3c39212432351d2b2e1c34312311292c2f3d3a281022141705021a0820382a12150704161325371f2d3b3e260e0b1901,\x00020420400002042080022000112000010210200009802000103d01c0748a000c04810101104000014c40a000282010005180402020010851100041800020081004000204020220,1,\x0000000d0000002900000001ffffffff000000002a00000001ffffffff000000003300000001ffffffff0000000035000000020000000501000000360000000100000008000000003700000001000000080000000038000000010000000800000000390000000100000008000000003a0000000100000008000000003b0000000100000008000000003c0000000100000008000000003d0000000100000008000000003e000000010000000800,16526655967,0,75000000,0,8263327952,1512937688,t,2026-09-24 16:23:12.665783+00,75
afff9146-93b8-4e31-aa80-f415b86463ed,9ac44ac0-c7f6-4b33-a402-c9e92e17392b,76000000,4,2,1000000,64,64,9,\x0003061e363330180a0d1b090c0f273f3c39212432351d2b3d2f2c29111417050210283a222513162e1c34371f07152d2a12040119312320383b3e260e0b081a,\x00020420400002042080022000112000010210200009802000103d030041d100244000101018101000248088000440140a000408060210900082408000a00a040204000204020401,1,\x0000000d00000023000000020000000701000000280000000100000008000000002b00000001000000080000000032000000010000000800000000330000000100000008000000003500000001000000080000000038000000010000000800000000390000000100000008000000003a0000000100000008000000003b0000000100000008000000003c0000000100000008000000003d0000000100000008000000003e000000010000000800,16786810369,0,76000000,0,8393405153,1536908834,t,2026-09-24 16:25:01.474679+00,76
320b1591-0875-482e-bf60-7123d35aeee8,9ac44ac0-c7f6-4b33-a402-c9e92e17392b,77000000,4,2,1000000,64,64,9,\x0003061e363330180a0d1b090c0f273f3c39212432351d2b283a3d2f1705021411292c1a080b0e263e3b2d2a3820233119011310222537341c2e16041215071f,\x00020420400002042080022000112000010210200009802000103d130404000404040407100804000122400002042040838000480004408008802020800008400600018120002002,1,\x0000000b0000002300000001ffffffff000000002800000001ffffffff000000002c00000001ffffffff000000003300000001ffffffff000000003500000001ffffffff000000003700000001ffffffff00000000390000000200000008010000003a0000000100000008000000003c0000000100000008000000003d0000000100000008000000003e000000010000000800,17116206603,0,77000000,0,8558103270,1567246244,t,2026-09-24 16:27:19.151947+00,77
3f3452ad-78e3-4788-99b6-630d256e8a71,9ac44ac0-c7f6-4b33-a402-c9e92e17392b,78000000,4,2,1000000,64,64,9,\x0003061e363330180a0d1b090c0f273f3c39212432351d2b281013162e1c0e0b081a0205172f3d25371f2d15070401193134262320122a383b3e2c3a22141129,\x00020420400002042080022000112000010210200009802000103d1384040a4000042008180400092080000228028020810208020402040280a20001100104010280400004100402,1,\x0000000d0000001c00000001ffffffff000000002300000001ffffffff000000002c00000001ffffffff000000002e00000001ffffffff000000002f00000001ffffffff000000003500000001ffffffff000000003600000001ffffffff000000003700000001ffffffff000000003900000001ffffffff000000003b0000000200000004010000003c0000000100000008000000003d0000000100000008000000003e000000010000000800,17410387605,0,78000000,0,8705193771,1594049801,t,2026-09-24 16:29:22.018253+00,78
f2cc4421-c162-42d8-946e-07b806626c1f,9ac44ac0-c7f6-4b33-a402-c9e92e17392b,79000000,4,2,1000000,64,64,9,\x0003061e363330180a0d1b090c0f273f3c39212432351d2b281a08201215070401190b0e1c2e161325371f2d2a383b3e2c2911142623313422100205172f3d3a,\x00020420400002042080022000112000010210200009802000103d13848128402800200a1208100ac0400010089204004100014180006020001930000282002048000a2080000208,1,\x0000000f0000002500000001ffffffff000000002600000001ffffffff000000002a00000001ffffffff000000002c00000001ffffffff000000002d00000001ffffffff000000003100000001ffffffff000000003500000001ffffffff000000003600000001ffffffff000000003700000001ffffffff00000000390000000200000008010000003a0000000100000008000000003b0000000100000008000000003c0000000100000008000000003d0000000100000008000000003e000000010000000800,17650691381,0,79000000,0,8825345659,1615721821,t,2026-09-24 16:31:02.029947+00,79
41240605-f8ab-40da-b00c-34875976aa94,9ac44ac0-c7f6-4b33-a402-c9e92e17392b,80000000,4,2,1000000,64,64,9,\x0003061e363330180a0d1b090c0f273f3c39212432351d2b1901041220080b0e1c2e16130517142210021a283a2c2f3d25371f07152d2a383b2911233134263e,\x00020420400002042080022000112000010210200009802000103d33880458d0804880000c040081004800071d210011402020500004400440018280000404014200118020002002,1,\x0000000f0000002100000001ffffffff000000002200000001ffffffff000000002900000001ffffffff000000002b00000001ffffffff000000002e00000001ffffffff000000002f00000001ffffffff000000003000000001ffffffff000000003300000001ffffffff000000003600000001ffffffff000000003700000001ffffffff00000000390000000200000008010000003a0000000100000008000000003c0000000100000008000000003d0000000100000008000000003e000000010000000800,17941312283,0,80000000,0,8970656110,1641811169,t,2026-09-24 16:33:03.246958+00,80
2113b43c-1374-41ea-927f-4e0561fcb9ba,9ac44ac0-c7f6-4b33-a402-c9e92e17392b,81000000,4,2,1000000,64,64,9,\x0003061e363330180a0d1b090c0f273f3c39212432351d2b130119313437253d3a281a0820230b0e1c2e16041215071f2d2a383b3e261411292c2f1705021022,\x00020420400002042080022000112000010210200009802000103d7342102010200008029040000351a01090000c040001912000200208202008100008080c040204000202020201,1,\x000000100000002600000001ffffffff000000002900000001ffffffff000000002a00000001ffffffff000000002e00000001ffffffff000000002f00000001ffffffff000000003100000001ffffffff000000003200000001ffffffff000000003500000001ffffffff000000003700000002000000080100000038000000010000000800000000390000000100000008000000003a0000000100000008000000003b0000000100000008000000003c0000000100000008000000003d0000000100000008000000003e000000010000000800,18155850279,0,81000000,0,9077925108,1660468908,t,2026-09-24 16:34:32.006245+00,81
50061adc-0a5a-4525-8541-d250200d2b57,9ac44ac0-c7f6-4b33-a402-c9e92e17392b,82000000,4,2,1000000,64,64,9,\x0003061e363330180a0d1b090c0f273f3c3921243235233134371f07152d3b2911140210281a1d2b2e1604122a3820080b191c0e263e2c2f3d3a222517051301,\x0002042040000204208002200011200001021020000980200018040102000182800082184002ac486040d008350180c0404000011020011204004480008800082000090008040210,1,\x0000000d0000002000000001ffffffff000000002d00000001ffffffff000000002e00000001ffffffff000000002f00000001ffffffff0000000032000000020000000601000000330000000100000008000000003400000001000000080000000035000000010000000800000000390000000100000008000000003a0000000100000008000000003c0000000100000008000000003d0000000100000008000000003e000000010000000800,18468771389,0,82000000,0,9234385663,1689507486,t,2026-09-24 16:36:43.578688+00,82
0d28818b-ea61-434c-8edb-e007c50f5c00,9ac44ac0-c7f6-4b33-a402-c9e92e17392b,83000000,4,2,1000000,64,64,9,\x0003061e363330180a0d1b090c0f273f3c3921243235233134371f07151204162e2b3d3a281a0820382a2d3b291114263e2c2f1d0b0e1c190113051725221002,\x000204204000020420800220001120000102102000098020001804010200018280022301046008800002180802040005401002480001044004000122000208400448128000020840,1,\x0000000d0000002700000001ffffffff000000002a00000001ffffffff000000002d00000001ffffffff000000003000000001ffffffff000000003100000001ffffffff000000003500000001ffffffff000000003600000001ffffffff000000003700000001ffffffff000000003800000001ffffffff000000003b0000000200000004010000003c0000000100000008000000003d0000000100000008000000003e000000010000000800,18577894101,0,83000000,0,9288947019,1699062824,t,2026-09-24 16:37:28.636539+00,83
7a3d835d-26f7-4f11-93a6-117ef77d6f03,9ac44ac0-c7f6-4b33-a402-c9e92e17392b,84000000,4,2,1000000,64,64,9,\x0003061e363330180a0d1b090c0f273f3c3921243235233134371f2d150704162e2b1d050210281a080b19011325223a3d2f171411293b3820122a1c0e263e2c,\x0002042040000204208002200011200001021020000980200018040102004102041004010460c813a381410140200224002240000502010001810081c08008400011000488000110,1,\x0000000e0000001d00000001ffffffff000000002b00000001ffffffff000000002c00000001ffffffff000000003000000001ffffffff000000003200000001ffffffff000000003400000001ffffffff000000003600000001ffffffff0100000038000000010000000800000000390000000100000008000000003a0000000100000008000000003b0000000100000008000000003c0000000100000008000000003d0000000100000008000000003e000000010000000800,18690804393,0,84000000,0,9345402165,1708548372,t,2026-09-24 16:38:14.956441+00,84
512eed8c-7c8e-44ca-a070-295fe97b35ff,9ac44ac0-c7f6-4b33-a402-c9e92e17392b,85000000,4,2,1000000,64,64,9,\x0003061e363330180a0d1b090c0f273f3c3921243235233134371f2d2a1215070401191c2e16132b283a2210021a1d0517253d2f2c291114260e0b0820383b3e,\x0002042040000204208002200011200001021020000980200018040102004182054900401024100820000804031284040101a8400820021010000441029000028840804080408000,1,\x000000100000001e00000001ffffffff000000001f00000001ffffffff000000002500000001ffffffff000000002b00000001ffffffff000000002f00000001ffffffff000000003100000001ffffffff000000003200000001ffffffff000000003300000001ffffffff000000003600000001ffffffff000000003700000001ffffffff00000000390000000200000008010000003a0000000100000008000000003b0000000100000008000000003c0000000100000008000000003d0000000100000008000000003e000000010000000800,18815914585,0,85000000,0,9407957261,1719017056,t,2026-09-24 16:39:06.116589+00,85
cb3ab404-b23f-4543-ad95-8abb61406643,9ac44ac0-c7f6-4b33-a402-c9e92e17392b,86000000,4,2,1000000,64,64,9,\x0003061e363330180a0d1b090c0f273f3c392124323523313437253d2b2e16041c2a1215071f2d3b3820081a1d2f170502101301190b0e263e2c291114223a28,\x00020420400002042080022000112000010210200009802000180401028021002b0010181d3221090088000204108000199040001010181004004100500002044040001200010110,1,\x000000100000002400000001ffffffff000000002500000001ffffffff000000002600000001ffffffff000000002800000001ffffffff000000002900000001ffffffff000000003200000002000000020100000033000000010000000800000000340000000100000008000000003500000001000000080000000036000000010000000800000000380000000100000008000000003a0000000100000008000000003b0000000100000008000000003c0000000100000008000000003d0000000100000008000000003e000000010000000800,18994530215,0,86000000,0,9497265076,1735074250,t,2026-09-24 16:40:19.505767+00,86
4675db28-ac9a-4c35-9a59-caea5a62dc2a,9ac44ac0-c7f6-4b33-a402-c9e92e17392b,87000000,4,2,1000000,64,64,9,\x0003061e363330180a0d1b090c0f273f3c392124323523313437251705021411293b382a2d1f07151220080b190104162e1c0e263e2c2f1d1a2810132b3d3a22,\x000204204000020420800220001120000102102000098020001804010280a1440282020804044400160018100410100009b00048000104400022400044001410100c094040000420,1,\x0000000c0000001f00000001ffffffff000000002700000001ffffffff000000002900000001ffffffff000000003100000001ffffffff000000003200000001ffffffff000000003300000001ffffffff000000003400000001ffffffff000000003800000001ffffffff000000003b0000000200000001010000003c0000000100000008000000003d0000000100000008000000003e000000010000000800,19142751009,0,87000000,0,9571375473,1748225175,t,2026-09-24 16:41:20.7137+00,87
856fc745-9f46-4351-95a2-2bd1b66a8b14,9ac44ac0-c7f6-4b33-a402-c9e92e17392b,88000000,4,2,1000000,64,64,9,\x0003061e363330180a0d1b090c0f273f3c3921243235233134263e2c2f1d0b0e1c04122a3820081a283a22100205171411293b2d15071f37253d2b190113162e,\x0002042040000204208002200011200001021020000980200018040102118011010d8c0008b66c288000081001080404010128800008100808000404100102200880080144400002,1,\x000000100000001f00000001ffffffff000000002500000001ffffffff000000002600000001ffffffff000000002f00000001ffffffff000000003000000001ffffffff000000003100000001ffffffff000000003200000001ffffffff000000003400000001ffffffff000000003500000001ffffffff000000003600000001ffffffff000000003700000001ffffffff000000003900000001ffffffff000000003b0000000200000008010000003c0000000100000008000000003d0000000100000008000000003e000000010000000800,19326887889,0,88000000,0,9663443913,1764886841,t,2026-09-24 16:42:37.239907+00,88
4577bec5-1011-4c70-a657-dd3d207f5de4,9ac44ac0-c7f6-4b33-a402-c9e92e17392b,89000000,4,2,1000000,64,64,9,\x0003061e363330180a0d1b090c0f273f3c3921243235233134260e1c1901040715122a3820080b1d05021a282b2e161310221411292c3e3b2d1f3725172f3d3a,\x000204204000020420800220001120000102102000098020001804010211c1b0014880000c2010480004480001522410401024001008100414824060800008800011000188000208,1,\x0000000e0000002400000001ffffffff000000002600000001ffffffff000000002d00000001ffffffff000000002e00000001ffffffff000000003000000001ffffffff000000003300000001ffffffff00000000360000000200000003010000003700000001000000080000000038000000010000000800000000390000000100000008000000003a0000000100000008000000003c0000000100000008000000003d0000000100000008000000003e000000010000000800,19505738689,0,89000000,0,9752869313,1780461454,t,2026-09-24 16:43:51.178167+00,89
3c7375d2-f4aa-4b45-be52-ea2d42256bbb,9ac44ac0-c7f6-4b33-a402-c9e92e17392b,90000000,4,2,1000000,64,64,9,\x0003061e363330180a0d1b090c0f273f3c3921243235233134223a281013162e1c2a383b2d15071f37253d2b1901041220080b0e263e2c1a02051d2f17141129,\x00020420400002042080022000112000010210200009802000180401421108012450000230122108120a082402044010000102480004088004084080008818410210100004020402,1,\x0000000e0000002700000001ffffffff000000002800000001ffffffff000000002d00000001ffffffff000000002e00000001ffffffff000000002f00000001ffffffff000000003000000001ffffffff000000003300000001ffffffff000000003500000001ffffffff000000003700000001ffffffff010000003a0000000100000008000000003b0000000100000008000000003c0000000100000008000000003d0000000100000008000000003e000000010000000800,19654940125,0,90000000,0,9827470031,1793258168,t,2026-09-24 16:44:52.244334+00,90
ef3aa79d-0114-4a30-87f5-e25afd87c5e4,9ac44ac0-c7f6-4b33-a402-c9e92e17392b,91000000,4,2,1000000,64,64,9,\x0003061e363330180a0d1b090c0f273f3c392124323523313422100205172f1d1a2c3e261411293b2d151204071f37253d3a282b190113162e1c0e0b0820382a,\x000204204000020420800220001120000102102000098020001804014291201440000114105408000202020101908040621480000110042080081006888000044020820081000140,1,\x000000100000002400000001ffffffff000000002500000001ffffffff000000002600000001ffffffff000000002c00000001ffffffff000000002e00000001ffffffff000000003100000001ffffffff000000003200000001ffffffff000000003500000001ffffffff000000003600000001ffffffff000000003700000001ffffffff000000003800000001ffffffff000000003a0000000200000008010000003b0000000100000008000000003c0000000100000008000000003d0000000100000008000000003e000000010000000800,19822812905,0,91000000,0,9911406421,1807749927,t,2026-09-24 16:46:00.744852+00,91
b7383dd0-43c2-437a-bb72-1c73e8ef7b24,9ac44ac0-c7f6-4b33-a402-c9e92e17392b,92000000,4,2,1000000,64,64,9,\x0003061e363330180a0d1b090c0f273f3c39212432352331342225371f0715120401190b0820382a2d3b291114172f3d3a2c1a281002051d2b13162e1c0e263e,\x00020420400002042080022000112000010210200009802000180401429510000408020a8c2410081481000140011084001220000104100089480004500002088004200002100102,0,\x0000000d0000001b00000001ffffffff000000002500000001ffffffff000000002800000001ffffffff000000002b00000001ffffffff000000003200000001ffffffff000000003500000001ffffffff000000003700000001ffffffff000000003900000001ffffffff000000003a00000001ffffffff000000003b00000001ffffffff000000003c00000001ffffffff000000003d00000001ffffffff000000003e00000001ffffffff00,19962705613,0,92000000,0,9981352775,1819533518,t,2026-09-24 16:46:57.897905+00,92
37af0a3f-80a2-4b4c-8ab8-422e6246a022,9ac44ac0-c7f6-4b33-a402-c9e92e17392b,93000000,4,2,1000000,64,64,9,\x0003061e363330180a0d1b090c0f273f3c39212432352331341c2e161301041220081a281002051d0b192b3d3a221411292c2f1725371f07152d2a383b3e260e,\x00020420400002042080022000112000010210200009802000180401c2090002034480040d880c400004500003281208100001482008040204008240001020080840401020001020,1,\x0000000e000000290000000200000008010000002a0000000100000008000000002f0000000100000008000000003200000001000000080000000033000000010000000800000000340000000100000008000000003500000001000000080000000037000000010000000800000000380000000100000008000000003a0000000100000008000000003b0000000100000008000000003c0000000100000008000000003d0000000100000008000000003e000000010000000800,20123548925,0,93000000,0,10061774431,1833116810,t,2026-09-24 16:48:03.370332+00,93
07744ab4-d5c8-4ad5-ad88-cf95206214cf,9ac44ac0-c7f6-4b33-a402-c9e92e17392b,94000000,4,2,1000000,64,64,9,\x0003061e363330180a0d1b090c0f273f3c3921243235233119010407151220382a2d1f37341c2e1613100205171422253d3a282b1d2f2c1a080b0e263e3b2911,\x000204204000020420800220001120000102102000098020001804418004088000020202800220220001880020102c180a2080838600042080080048000410200204204000020820,1,\x0000000d0000002700000001ffffffff000000002e00000001ffffffff010000002f00000001000000080000000033000000010000000800000000350000000100000008000000003700000001000000080000000038000000010000000800000000390000000100000008000000003a0000000100000008000000003b0000000100000008000000003c0000000100000008000000003d0000000100000008000000003e000000010000000800,20341172663,0,94000000,0,10170586300,1852485741,t,2026-09-24 16:49:32.755556+00,94
1e81e9d6-944b-48f3-8d0d-99afda6c5aaa,9ac44ac0-c7f6-4b33-a402-c9e92e17392b,95000000,4,2,1000000,64,64,9,\x0003061e363330180a0d1b090c0f273f3c39212432352331190104071f37341c2a2d151220383b2911141725223a2c3e260e0b081a02051d2f3d2b2e16131028,\x00020420400002042080022000112000010210200009802000180441800408c0800004208a020081808040801040020c600081402801408040802000490002021080080004020402,1,\x0000000e0000002200000001ffffffff000000002300000001ffffffff000000002500000001ffffffff000000002800000001ffffffff000000002f00000001ffffffff000000003000000001ffffffff000000003100000001ffffffff000000003300000001ffffffff000000003800000001ffffffff000000003900000001ffffffff000000003b0000000200000004010000003c0000000100000008000000003d0000000100000008000000003e000000010000000800,20462689643,0,95000000,0,10231344790,1863162133,t,2026-09-24 16:50:22.983498+00,95
39ece16d-96ee-42e5-81d2-17a46a4acbdc,9ac44ac0-c7f6-4b33-a402-c9e92e17392b,96000000,4,2,1000000,64,64,9,\x0003061e363330180a0d1b090c0f273f3c39212432352331190104162e1c34372517051d2f3d3a221411293b382a2d1f07151220080b0e263e2c1a282b131002,\x00020420400002042080022000112000010210200009802000180441800418400046a100606891e02000010c20a02010181001580040401040400024400002044080401200080440,1,\x0000000f0000002900000001ffffffff000000002f00000001ffffffff000000003000000001ffffffff000000003100000001ffffffff000000003200000001ffffffff000000003300000001ffffffff000000003500000001ffffffff000000003600000001ffffffff000000003700000001ffffffff000000003800000001ffffffff000000003900000001ffffffff000000003b00000001ffffffff010000003c0000000100000008000000003d0000000100000008000000003e000000010000000800,20609826501,0,96000000,0,10304913219,1876603644,t,2026-09-24 16:51:23.738657+00,96
e3c4973b-c3a7-4b85-ad38-92260b67d7ba,9ac44ac0-c7f6-4b33-a402-c9e92e17392b,97000000,4,2,1000000,64,64,9,\x0003061e363330180a0d1b090c0f273f3c392124323523311901041220080b0e1c2a383b291114021013162e2b3d3a281a1d05172f2c3e26342225371f2d1507,\x0002042040000204208002200011200001021020000980200018044180045890804880000c14200810024880110d0e04200041020410800200114000820020084004100004011040,1,\x0000000f0000002200000001ffffffff000000002500000001ffffffff000000002a00000001ffffffff000000002b00000001ffffffff000000002f00000001ffffffff000000003200000001ffffffff000000003400000001ffffffff000000003500000001ffffffff000000003600000001ffffffff000000003700000001ffffffff000000003900000001ffffffff000000003a00000001ffffffff000000003b00000001ffffffff000000003d0000000200000006010000003e000000010000000800,20753560839,0,97000000,0,10376780388,1889021298,t,2026-09-24 16:52:22.681697+00,97
6785a9f3-935d-461f-aeb7-0c758d57fe93,9ac44ac0-c7f6-4b33-a402-c9e92e17392b,98000000,4,2,1000000,64,64,9,\x0003061e363330180a0d1b090c0f273f3c39212432352331190113162e2b2810021411292c1a0820383b3e2634223a3d2f1d051725371f2d150704122a1c0e0b,\x00020420400002042080022000112000010210200009802000180441800c084000820420800e40203040058802040204008224048100c04080118040001004500041404000102008,1,\x0000000c0000002200000001ffffffff000000002a00000001ffffffff000000002e00000001ffffffff0000000032000000020000000801000000330000000100000008000000003400000001000000080000000035000000010000000800000000390000000100000008000000003b0000000100000008000000003c0000000100000008000000003d0000000100000008000000003e000000010000000800,20913206535,0,98000000,0,10456603236,1903355890,t,2026-09-24 16:53:28.395412+00,98
7e18d92f-8a80-4b09-9ac5-8a448f9ff7fa,9ac44ac0-c7f6-4b33-a402-c9e92e17392b,99000000,4,2,1000000,64,64,9,\x0003061e363330180a0d1b090c0f273f3c3921243235233119011310281a080b1d2b2e1604071f37341c0e263e2c3a22253d2f1705021411293b2d151220382a,\x00020420400002042080022000112000010210200009802000180441800c884060108800031004000222000302108000224000468220010800020202820008040440020281010140,1,\x0000000c0000002300000001ffffffff000000002a00000001ffffffff000000003100000001ffffffff000000003200000001ffffffff000000003400000001ffffffff000000003500000001ffffffff000000003600000001ffffffff000000003700000001ffffffff000000003800000001ffffffff000000003b00000001ffffffff000000003d0000000200000008010000003e000000010000000800,21043697073,0,99000000,0,10521848505,1914638113,t,2026-09-24 16:54:21.973056+00,99
2420c540-1d7a-4942-9f4a-a066a0bdae9e,9ac44ac0-c7f6-4b33-a402-c9e92e17392b,100000000,4,2,1000000,64,64,9,\x0003061e363330180a0d1b090c0f273f3c392124323523311901130517253d2f1d0b0e263e2c3a2210282b2e16041215071f37341c2a2d3b3820081a02141129,\x00020420400002042080022000112000010210200009802000180441800c882480810140205004204000060230220804080004448300800810800004410004108000110044000402,1,\x0000000e0000002a00000001ffffffff000000002c00000001ffffffff000000003000000001ffffffff000000003200000001ffffffff000000003300000001ffffffff000000003400000001ffffffff000000003600000001ffffffff0000000038000000020000000501000000390000000100000008000000003a0000000100000008000000003b0000000100000008000000003c0000000100000008000000003d0000000100000008000000003e000000010000000800,21166466587,0,100000000,0,10583233262,1924904825,t,2026-09-24 16:55:12.138619+00,100
a23c0eaf-98b0-419a-a9e3-4a1c2b688ce2,9ac44ac0-c7f6-4b33-a402-c9e92e17392b,101000000,4,2,1000000,64,64,9,\x0003061e363330180a0d1b090c0f273f3c39212432352331190113253d3a221411292c3e260e0b081a28100205172f1d2b2e16041c2a2d3b38201215071f3734,\x00020420400002042080022000112000010210200009802000180441800c9864000218511008041800050904080610000114400001100802000151a04112041080000a0088000108,0,\x000000110000002000000001ffffffff000000002a00000001ffffffff000000002b00000001ffffffff000000002d00000001ffffffff000000002e00000001ffffffff000000002f00000001ffffffff000000003000000001ffffffff000000003200000001ffffffff000000003500000001ffffffff000000003700000001ffffffff000000003800000001ffffffff000000003900000001ffffffff000000003a00000001ffffffff000000003b00000001ffffffff000000003c00000001ffffffff000000003d00000001ffffffff000000003e00000001ffffffff00,21292261453,0,101000000,0,10646130695,1935452387,t,2026-09-24 16:56:03.783549+00,101
66076875-deca-4562-be93-b221bc850704,9ac44ac0-c7f6-4b33-a402-c9e92e17392b,102000000,4,2,1000000,64,64,9,\x0003061e363330180a0d1b090c0f273f3c39212432352331190b0e263e3b2d1f37253d2b1d2f1705021022341c2e161301040715122a3820081a283a2c141129,\x000204204000020420800220001120000102102000098020001804418005204000022c68046010801549001010181c1c1000440010082002044000810002204004201000080a0402,1,\x0000000e0000002b00000001ffffffff000000002d00000001ffffffff000000002f00000001ffffffff000000003000000001ffffffff000000003200000001ffffffff000000003300000001ffffffff000000003500000001ffffffff000000003600000001ffffffff000000003700000001ffffffff000000003800000001ffffffff000000003a00000001ffffffff000000003b00000001ffffffff000000003d0000000200000008010000003e000000010000000800,21438034923,0,102000000,0,10719017430,1948157428,t,2026-09-24 16:57:03.79088+00,102
176ed9be-74fe-4f85-b1b6-103355f5898b,9ac44ac0-c7f6-4b33-a402-c9e92e17392b,103000000,4,2,1000000,64,64,9,\x0003061e363330180a0d1b090c0f273f3c39212432352331190b081a2c291114172f1d050210283a2234260e1c2a2d1f37253d2b2e1613010407151220383b3e,\x00020420400002042080022000112000010210200009802000180441804530b044029000210880000201010101410604228260410264044010001100080410010220808080408000,1,\x0000000e0000001e00000001ffffffff000000002400000001ffffffff000000002b0000000200000008010000003000000001000000080000000032000000010000000800000000340000000100000008000000003600000001000000080000000037000000010000000800000000390000000100000008000000003a0000000100000008000000003b0000000100000008000000003c0000000100000008000000003d0000000100000008000000003e000000010000000800,21624552481,0,103000000,0,10812276209,1965102782,t,2026-09-24 16:58:22.316779+00,103
11f309b0-e879-4fdc-aebe-c99b5f8060e6,9ac44ac0-c7f6-4b33-a402-c9e92e17392b,104000000,4,2,1000000,64,64,9,\x0003061e363330180a0d1b090c0f273f3c39212432352331192b2810021a1d2f170513162e1c34221411293b382a2d151220080b0e263e2c3a3d25371f070401,\x00020420400002042080022000112000010210200009802000180441844d1002a840083148402008410044a110852010181001580020101000091080000110080200110004080408,1,\x000000120000002100000001ffffffff000000002300000001ffffffff0100000024000000010000000800000000290000000100000008000000003100000001000000080000000032000000010000000800000000330000000100000008000000003400000001000000080000000035000000010000000800000000360000000100000008000000003700000001000000080000000038000000010000000800000000390000000100000008000000003a0000000100000008000000003b0000000100000008000000003c0000000100000008000000003d0000000100000008000000003e000000010000000800,21841223475,0,104000000,0,10920611706,1984689464,t,2026-09-24 16:59:52.611888+00,104
f19ceada-2861-4675-a37a-6296eadc370f,9ac44ac0-c7f6-4b33-a402-c9e92e17392b,105000000,4,2,1000000,64,64,9,\x0003061e363330180a0d1b090c0f273f3c39212432352331191c34371f0715122a2d3b3820080b0e263e2c291114223a3d2f1d1a0210282b2e16040113251705,\x00020420400002042080022000112000010210200009802000180441861d0a000408020a040220800004488000040880800024400202018081818024018100018080802040002010,1,\x0000000d0000002100000001ffffffff000000002300000001ffffffff000000002400000001ffffffff000000002700000001ffffffff000000002900000001ffffffff000000002b00000001ffffffff000000002c00000001ffffffff000000003600000001ffffffff000000003800000001ffffffff000000003a00000001ffffffff000000003b00000001ffffffff000000003d0000000200000007010000003e000000010000000800,22055633339,0,105000000,0,11027816638,2003605768,t,2026-09-24 17:01:21.184496+00,105
e3e060b2-5651-455a-a7f5-6858530839bd,9ac44ac0-c7f6-4b33-a402-c9e92e17392b,106000000,4,2,1000000,64,64,9,\x0003061e363330180a0d1b090c0f273f3c39212432352311293b3e2634311901130517142210021a1d2b283a2c2f3d25371f2d2a12150704162e1c0e0b082038,\x000204204000020420800220001120000102102000098020001814040404008204021020032209e0c0220420022b5440100028000220028020808224002008020880000401020102,1,\x000000120000001d00000001ffffffff000000002600000001ffffffff000000002a00000001ffffffff000000002c00000001ffffffff000000002d00000001ffffffff000000002e00000001ffffffff000000002f00000001ffffffff000000003000000001ffffffff000000003400000001ffffffff01000000350000000100000008000000003600000001000000080000000038000000010000000800000000390000000100000008000000003a0000000100000008000000003b0000000100000008000000003c0000000100000008000000003d0000000100000008000000003e000000010000000800,22251833275,0,106000000,0,11125916606,2021305590,t,2026-09-24 17:02:42.149367+00,106
c62098fa-08ac-4c69-a7e4-8f66a2764458,9ac44ac0-c7f6-4b33-a402-c9e92e17392b,107000000,4,2,1000000,64,64,9,\x0003061e363330180a0d1b090c0f273f3c39212432352311293b3820080b0e263e2c1a1d050210283a2214172f3d2b13162e1c1f2d2a12150704011931343725,\x0002042040000204208002200011200001021020000980200018140404440002244000020440a40820048202020282000a4000019830030880e8c000029000802040204020400010,1,\x0000000e0000002000000001ffffffff000000002a00000001ffffffff000000002c00000001ffffffff000000003000000001ffffffff0100000031000000010000000800000000350000000100000008000000003700000001000000080000000038000000010000000800000000390000000100000008000000003a0000000100000008000000003b0000000100000008000000003c0000000100000008000000003d0000000100000008000000003e000000010000000800,22505382507,0,107000000,0,11252691222,2045272511,t,2026-09-24 17:04:29.129621+00,107
1c91be62-728f-4c8e-ab66-7115580b5add,9ac44ac0-c7f6-4b33-a402-c9e92e17392b,108000000,4,2,1000000,64,64,9,\x0003061e363330180a0d1b090c0f273f3c39212432352311293b3820122a2d15071f37251705021a080b1d2f3d2b2e1c3431190104161310283a22142c3e260e,\x0002042040000204208002200011200001021020000980200018140404440002ac40002080081080418804040720020c108000460030d42000011240000408040400014440001020,1,\x0000000d0000001f00000001ffffffff000000002800000001ffffffff000000003000000001ffffffff010000003100000001000000080000000032000000010000000800000000340000000100000008000000003500000001000000080000000036000000010000000800000000380000000100000008000000003a0000000100000008000000003c0000000100000008000000003d0000000100000008000000003e000000010000000800,22650284329,0,108000000,0,11325142133,2058477301,t,2026-09-24 17:05:29.884102+00,108
3afdb9e8-c390-4816-9a4b-e5d2e2e17844,9ac44ac0-c7f6-4b33-a402-c9e92e17392b,109000000,4,2,1000000,64,64,9,\x0003061e363330180a0d1b090c0f273f3c39212432352311293b382a2d1f37252214172f3d3a2c3e260e0b082012150704011931341c2e16132b1d050210281a,\x000204204000020420800220001120000102102000098020001814040444001600180118944c05208000022001409040804000500040102410201000880020100840020281010140,1,\x0000000b0000002700000001ffffffff000000002c00000001ffffffff000000002e00000001ffffffff000000002f00000001ffffffff000000003300000001ffffffff000000003400000001ffffffff000000003500000001ffffffff000000003700000001ffffffff000000003b00000001ffffffff000000003d0000000200000008010000003e000000010000000800,22789132439,0,109000000,0,11394566188,2070300915,t,2026-09-24 17:06:27.681285+00,109
85e30f92-9789-4da2-b319-75501631ea47,9ac44ac0-c7f6-4b33-a402-c9e92e17392b,110000000,4,2,1000000,64,64,9,\x0003061e363330180a0d1b090c0f273f3c39212432352311293b2d15071f1c0e0b1d2f170513162e2b283a3d2522100214263e2c1a0820382a12040119313437,\x000204204000020420800220001120000102102000098020001814040444020288000545143408400202430002106408090044020840020410000102040102808000824080408000,1,\x000000100000002700000001ffffffff000000002b00000001ffffffff000000002d00000001ffffffff010000002e000000010000000800000000320000000100000008000000003300000001000000080000000034000000010000000800000000350000000100000008000000003700000001000000080000000038000000010000000800000000390000000100000008000000003a0000000100000008000000003b0000000100000008000000003c0000000100000008000000003d0000000100000008000000003e000000010000000800,22954825017,0,110000000,0,11477412477,2085130340,t,2026-09-24 17:07:36.397919+00,110
bb8d6e1d-0ef7-407c-b15e-ba54783189a3,9ac44ac0-c7f6-4b33-a402-c9e92e17392b,111000000,4,2,1000000,64,64,9,\x0003061e363330180a0d1b090c0f273f3c39212432352311293b2d1f37343119010407151220382a1c2e16130517252210282b1d2f3d3a2c14021a080b0e263e,\x00020420400002042080022000112000010210200009802000181404044482460002042040020440008101014080040081604900020a200805102400010440624010001120000102,1,\x0000000f0000001e00000001ffffffff000000002200000001ffffffff000000002300000001ffffffff000000002600000001ffffffff000000002700000001ffffffff000000002a00000001ffffffff000000003500000001ffffffff000000003600000001ffffffff000000003800000001ffffffff01000000390000000100000008000000003a0000000100000008000000003b0000000100000008000000003c0000000100000008000000003d0000000100000008000000003e000000010000000800,23131174915,0,111000000,0,11565587426,2100805848,t,2026-09-24 17:08:49.909643+00,111
c49e2c14-f87f-4999-ba76-0a0a37091328,9ac44ac0-c7f6-4b33-a402-c9e92e17392b,112000000,4,2,1000000,64,64,9,\x0003061e363330180a0d1b090c0f273f3c39212432352311292c3e3b382a2d151220081a2810223a3d2f1725371f070401193134261402051d0b0e1c2e2b1316,\x000204204000020420800220001120000102102000098020001814040608800001580020101000198040882002010081412000081008120c1008000c048800044004402000029000,1,\x0000000b0000002100000001ffffffff000000002700000001ffffffff000000002e00000001ffffffff000000003200000001ffffffff000000003500000001ffffffff000000003600000001ffffffff000000003900000001ffffffff000000003a00000001ffffffff000000003b00000001ffffffff000000003d0000000200000006010000003e000000010000000800,23280803715,0,112000000,0,11640401826,2113751103,t,2026-09-24 17:09:52.051804+00,112
2ee9b896-365f-455c-9587-e1ffa2f9ecbe,9ac44ac0-c7f6-4b33-a402-c9e92e17392b,113000000,4,2,1000000,64,64,9,\x0003061e363330180a0d1b090c0f273f3c39212432352311292c3e2614021a0820383b2d15071f373431190113252210283a3d2f17051d0b0e1c2a1204162e2b,\x000204204000020420800220001120000102102000098020001814040608800226440110040804000405120102102000013260120410040404000504040114011020000248000108,1,\x0000000d0000002200000001ffffffff000000002900000001ffffffff000000002f00000001ffffffff000000003100000001ffffffff000000003400000001ffffffff000000003500000001ffffffff0000000037000000020000000801000000380000000100000008000000003a0000000100000008000000003b0000000100000008000000003c0000000100000008000000003d0000000100000008000000003e000000010000000800,23458272821,0,113000000,0,11729136379,2129792321,t,2026-09-24 17:11:05.999371+00,113
3513dd96-fce1-460d-aeb5-be67db2ad1af,9ac44ac0-c7f6-4b33-a402-c9e92e17392b,114000000,4,2,1000000,64,64,9,\x0003061e363330180a0d1b090c0f273f3c39212432352311292c2f17051d0b0e263e3b382a2d151220081a02142210282b2e16130104071f1c19313437253d3a,\x00020420400002042080022000112000010210200009802000181404060c400283008c0004084080002c001008088008002200010902030200812022400002142010081000040108,1,\x0000000c0000002100000001ffffffff000000002800000001ffffffff000000002900000001ffffffff000000002c00000001ffffffff000000003000000001ffffffff0100000036000000010000000800000000390000000100000008000000003a0000000100000008000000003b0000000100000008000000003c0000000100000008000000003d0000000100000008000000003e000000010000000800,23606035593,0,114000000,0,11803017765,2142284567,t,2026-09-24 17:12:06.671303+00,114
362b5f47-329f-474f-9bfe-7087045cd564,9ac44ac0-c7f6-4b33-a402-c9e92e17392b,115000000,4,2,1000000,64,64,9,\x0003061e363330180a0d1b090c0f273f3c39212432352311292c3a3d25371f0704011931342214260e0b081a1d2f17050210282b13162e1c2a382012152d3b3e,\x00020420400002042080022000112000010210200009802000181404062c08004c00102018241820100004a801443040309044001010101010080024000110081200011480008200,1,\x0000000f0000002300000001ffffffff000000002800000001ffffffff010000002d0000000100000008000000002e0000000100000008000000003000000001000000080000000032000000010000000800000000340000000100000008000000003500000001000000080000000036000000010000000800000000370000000100000008000000003a0000000100000008000000003b0000000100000008000000003c0000000100000008000000003d0000000100000008000000003e000000010000000800,23765564911,0,115000000,0,11882782424,2155727041,t,2026-09-24 17:13:12.263695+00,115
72d7b241-6dbb-4f3e-81c3-030c29274b27,9ac44ac0-c7f6-4b33-a402-c9e92e17392b,116000000,4,2,1000000,64,64,9,\x0003061e363330180a0d1b090c0f273f3c39212432352311292c3a22251714263e3b2d15071f373431190113050210281a1d2f3d2b2e1604122a3820080b0e1c,\x00020420400002042080022000112000010210200009802000181404062c0813ca1005010420400202880001081080001910090202028042084000220010100c0820000224400004,1,\x0000000d0000002000000001ffffffff000000002600000001ffffffff000000002800000001ffffffff000000002e00000001ffffffff000000003200000001ffffffff000000003300000001ffffffff000000003400000001ffffffff000000003600000001ffffffff000000003a0000000200000007010000003b0000000100000008000000003c0000000100000008000000003d0000000100000008000000003e000000010000000800,23930900219,0,116000000,0,11965450078,2169710366,t,2026-09-24 17:14:20.143939+00,116
c4272c0b-187e-48d3-a07e-babcd45222a4,9ac44ac0-c7f6-4b33-a402-c9e92e17392b,117000000,4,2,1000000,64,64,9,\x0003061e363330180a0d1b090c0f273f3c39212432352311292c14172f3d25223a282b1d051310021a080b0e263e3b38201215070401193134371f2d2a1c2e16,\x0002042040000204208002200011200001021020000980200018140406ac0940000114090440040b0405030440044004084080000408400005204441020102010200410001900020,1,\x0000000d0000002000000001ffffffff000000002600000001ffffffff000000002700000001ffffffff000000002800000001ffffffff000000002d00000001ffffffff000000003000000001ffffffff000000003500000002000000080100000037000000010000000800000000390000000100000008000000003b0000000100000008000000003c0000000100000008000000003d0000000100000008000000003e000000010000000800,24099784889,0,117000000,0,12049892413,2183920010,t,2026-09-24 17:15:29.42082+00,117
2701b7d2-c8f1-4ce3-945f-74eab4b1e60d,9ac44ac0-c7f6-4b33-a402-c9e92e17392b,118000000,4,2,1000000,64,64,9,\x0003061e363330180a0d1b090c0f273f3c39212432352311292c14221013162e1c2a3820080b0e263e3b2d1f0715120401192b283a3d2f1d1a02051725373431,\x0002042040000204208002200011200001021020000980200018140406ac5941a2500002301a21080224400002042000024604010440100818802020003010108004108040000408,0,\x000000100000002600000001ffffffff000000002800000001ffffffff000000002900000001ffffffff000000002d00000001ffffffff000000002e00000001ffffffff000000002f00000001ffffffff000000003000000001ffffffff000000003200000001ffffffff000000003400000001ffffffff000000003800000001ffffffff000000003900000001ffffffff000000003a00000001ffffffff000000003b00000001ffffffff000000003c00000001ffffffff000000003d00000001ffffffff000000003e00000001ffffffff00,24253702031,0,118000000,0,12126850984,2196787369,t,2026-09-24 17:16:32.417427+00,118
4f4125e0-f994-4c81-a3b6-6b6f4e07c673,9ac44ac0-c7f6-4b33-a402-c9e92e17392b,119000000,4,2,1000000,64,64,9,\x0003061e363330180a0d1b090c0f273f3c39212432352311140205172f3d3a22253734311901041c2e161310282b1d1a080b0e263e2c293b2d2a38201215071f,\x000204204000020420800220001120000102102000098020001814054604104000010430010440800004c88007038040804020002008220204204000040401902021000228002002,0,\x0000000f0000002300000001ffffffff000000002900000001ffffffff000000002b00000001ffffffff000000002d00000001ffffffff000000003100000001ffffffff000000003200000001ffffffff000000003300000001ffffffff000000003500000001ffffffff000000003600000001ffffffff000000003900000001ffffffff000000003a00000001ffffffff000000003b00000001ffffffff000000003c00000001ffffffff000000003d00000001ffffffff000000003e00000001ffffffff00,24520898669,0,119000000,0,12260449303,2221408824,t,2026-09-24 17:18:23.931608+00,119
e8299806-4bac-477b-871d-66bb042a2116,9ac44ac0-c7f6-4b33-a402-c9e92e17392b,120000000,4,2,1000000,64,64,9,\x0003061e363330180a0d1b090c0f273f3c39212432352311142210282b193134263e3b292c3a3d2f1725371f07040113162e1c0e0b1d05021a082012152d2a38,\x000204204000020420800220001120000102102000098020001814055690203468048100810840001100410040401008008204030401010880000441001008044010201480000404,1,\x000000100000001e00000001ffffffff000000002300000001ffffffff000000002500000001ffffffff000000002a00000001ffffffff000000002e00000001ffffffff000000003000000001ffffffff000000003100000001ffffffff000000003300000001ffffffff000000003600000001ffffffff000000003700000001ffffffff000000003800000001ffffffff000000003900000001ffffffff000000003b00000001ffffffff010000003c0000000100000008000000003d0000000100000008000000003e000000010000000800,24769228271,0,120000000,0,12384614104,2243455562,t,2026-09-24 17:20:06.958612+00,120
7397eaed-1753-4d25-8383-d1cd6dab6b18,9ac44ac0-c7f6-4b33-a402-c9e92e17392b,121000000,4,2,1000000,64,64,9,\x0003061e363330180a0d1b090c0f273f3c39212432352320383b2d15122a1c2e160401193134223a282b3d2f1d05171411292c3e260e0b081a02101325371f07,\x00020420400002042080022000112000010210200009802000181c04028482028100a0014040442040204028022182080006028e000c100804100004080408028020082040001020,0,\x000000110000001d00000001ffffffff000000002200000001ffffffff000000002400000001ffffffff000000003000000001ffffffff000000003100000001ffffffff000000003300000001ffffffff000000003400000001ffffffff000000003500000001ffffffff000000003600000001ffffffff000000003700000001ffffffff000000003800000001ffffffff000000003900000001ffffffff000000003a00000001ffffffff000000003b00000001ffffffff000000003c00000001ffffffff000000003d00000001ffffffff000000003e00000001ffffffff00,25008076885,0,121000000,0,12504038411,2265215773,t,2026-09-24 17:21:47.211533+00,121
fdf5d223-0398-4d32-b528-5b2eebf3dfbf,9ac44ac0-c7f6-4b33-a402-c9e92e17392b,122000000,4,2,1000000,64,64,9,\x0003061e363330180a0d1b090c0f273f3c39212432352320382a2d3b291114172f2c3e260e1c1f071512040113162e2b19313437253d3a281a080b1d05021022,\x00020420400002042080022000112000010210200009802000181c040205411002488000043008000204430022082000926020000108220804080082000430c04004100004020201,1,\x000000100000001d00000001ffffffff000000002200000001ffffffff000000002800000001ffffffff000000002900000001ffffffff000000002d00000001ffffffff000000002e00000001ffffffff000000003100000001ffffffff000000003300000001ffffffff000000003500000001ffffffff000000003700000001ffffffff01000000390000000100000008000000003a0000000100000008000000003b0000000100000008000000003c0000000100000008000000003d0000000100000008000000003e000000010000000800,25195659079,0,122000000,0,12597829508,2281483070,t,2026-09-24 17:23:05.339494+00,122
63d016f9-3b6e-499f-96c5-da527a853666,9ac44ac0-c7f6-4b33-a402-c9e92e17392b,123000000,4,2,1000000,64,64,9,\x0003061e363330180a0d1b090c0f273f3c39212432352320081a1d2f1705021411292c3e260e0b19011310282b3d3a2225371f07152d3b382a1204162e1c3431,\x00020420400002042080022000112000010210200009802000181c440624118104040405100804100005080404440644201060000420010440018280000208808000124000040108,1,\x0000000c0000002000000001ffffffff000000002600000001ffffffff000000002800000001ffffffff010000002e000000010000000800000000300000000100000008000000003600000001000000080000000037000000010000000800000000390000000100000008000000003b0000000100000008000000003c0000000100000008000000003d0000000100000008000000003e000000010000000800,25611983483,0,123000000,0,12805991710,2321690059,t,2026-09-24 17:26:01.219185+00,123
493f1a10-99b1-4924-b26e-d53ed4539cdf,9ac44ac0-c7f6-4b33-a402-c9e92e17392b,124000000,4,2,1000000,64,64,9,\x0003061e363330180a0d1b090c0f273f3c39212432352320122a383b2d15071f3725132b283a3d2f1d1a080b0e1c2e160401193134263e2c2911141705021022,\x00020420400002042080022000112000010210200009802000181cc40a2008100a0820020460d0aa354148004060a080081080810020202010201000140110108004080002020201,1,\x000000110000001a00000001ffffffff000000001d00000001ffffffff000000002600000001ffffffff000000002a00000001ffffffff000000002e00000001ffffffff000000002f00000001ffffffff000000003000000001ffffffff000000003100000001ffffffff000000003200000001ffffffff000000003300000001ffffffff000000003600000001ffffffff000000003800000001ffffffff000000003900000001ffffffff000000003b0000000200000003010000003c0000000100000008000000003d0000000100000008000000003e000000010000000800,25869526223,0,124000000,0,12934763080,2345645240,t,2026-09-24 17:27:49.401862+00,124
43761d45-92cd-4e9f-b8bb-119765e03b2a,9ac44ac0-c7f6-4b33-a402-c9e92e17392b,125000000,4,2,1000000,64,64,9,\x0003061e363330180a0d1b090c0f273f3c39212432352315071f2d2a383b3e260e0b0820120401191c2e16132b3d2f1d1a2810223a2c29111402051725373431,\x00020420400002042080022000112000010210200009802000185c800830c08020400020402040200008900402050400814040003410501008114400100420014004108040000408,1,\x0000000d0000002300000001ffffffff000000002400000001ffffffff000000002800000001ffffffff010000002a000000010000000800000000340000000100000008000000003600000001000000080000000037000000010000000800000000390000000100000008000000003a0000000100000008000000003b0000000100000008000000003c0000000100000008000000003d0000000100000008000000003e000000010000000800,26152969929,0,125000000,0,13076484933,2371656954,t,2026-09-24 17:29:47.615045+00,125
af146948-5caa-42ce-aa16-6f4b0868c74a,9ac44ac0-c7f6-4b33-a402-c9e92e17392b,126000000,4,2,1000000,64,64,9,\x0003061e363330180a0d1b090c0f273f3c3921243235231507040113162e2b281a0820383b29111422100205172f1d0b0e1c193134263e2c3a3d25371f2d2a12,\x00020420400002042080022000112000010210200009802000185c802868301080000409c240102014200490002f40000a2080010810011840201000100110080200110004010420,1,\x000000120000001c00000001ffffffff000000002300000001ffffffff0100000026000000010000000800000000290000000100000008000000002a0000000100000008000000002e000000010000000800000000320000000100000008000000003300000001000000080000000035000000010000000800000000360000000100000008000000003700000001000000080000000038000000010000000800000000390000000100000008000000003a0000000100000008000000003b0000000100000008000000003c0000000100000008000000003d0000000100000008000000003e000000010000000800,26447989585,0,126000000,0,13223994761,2398701569,t,2026-09-24 17:31:50.835692+00,126
78ceb343-553c-4b20-8835-4ef427d7606a,9ac44ac0-c7f6-4b33-a402-c9e92e17392b,127000000,4,2,1000000,64,64,9,\x0003061e363330180a0d1b090c0f273f3c392124323523151220382a2d3b3e260e1c1f070401193134221411292c1a080b1d2b2e1613050210283a3d2f172537,\x00020420400002042080022000112000010210200009802000185c941010001400410020403004000241020102014294824020400a10010428090004022408080808080008080201,1,\x000000100000002300000001ffffffff000000002700000001ffffffff000000002900000001ffffffff010000002b0000000100000008000000002c0000000100000008000000002f0000000100000008000000003000000001000000080000000033000000010000000800000000340000000100000008000000003700000001000000080000000038000000010000000800000000390000000100000008000000003a0000000100000008000000003c0000000100000008000000003d0000000100000008000000003e000000010000000800,26831676099,0,127000000,0,13415838018,2433633668,t,2026-09-24 17:34:30.224767+00,127
04aa4001-11c0-4131-8758-e4b81d8a1e51,9ac44ac0-c7f6-4b33-a402-c9e92e17392b,128000000,4,2,1000000,64,64,9,\x0003061e363330180a0d1b090c0f273f3c392124323523263e3b3820080b0e1c2e2b3d3a223431190104122a2d15071f3725172f2c2911140210281a1d051316,\x00020420400002042080022000112000010210200009802000985c04204000022440000402a08880004600042040022c201000082002044080220003029000201a10001400088200,1,\x000000110000001e00000001ffffffff000000002600000001ffffffff000000002700000001ffffffff000000002a00000001ffffffff010000002b0000000100000008000000002d0000000100000008000000002e0000000100000008000000002f000000010000000800000000300000000100000008000000003500000001000000080000000036000000010000000800000000370000000100000008000000003a0000000100000008000000003b0000000100000008000000003c0000000100000008000000003d0000000100000008000000003e000000010000000800,27228028069,0,128000000,0,13614014003,2469440063,t,2026-09-24 17:37:15.881326+00,128
f1e1de78-4f44-44b6-89b8-627f2d4bafb3,9ac44ac0-c7f6-4b33-a402-c9e92e17392b,129000000,4,2,1000000,64,64,9,\x0003061e363330180a0d1b090c0f273f3c392124323523263e3b2d15071f37251705130104122a3820081a1d2b2810021411292c2f3d3a223431190b0e1c2e16,\x00020420400002042080022000112000010210200009802000985c0420c002028800011884487008114001010440800c08a262021040022010081000010420022000011400810020,1,\x0000000f0000002500000001ffffffff0100000027000000010000000800000000280000000100000008000000002f000000010000000800000000310000000100000008000000003200000001000000080000000034000000010000000800000000350000000100000008000000003600000001000000080000000037000000010000000800000000390000000100000008000000003b0000000100000008000000003c0000000100000008000000003d0000000100000008000000003e000000010000000800,27405290625,0,129000000,0,13702645281,2485239252,t,2026-09-24 17:38:29.437504+00,129
3a8b66ef-9c23-4c57-9fa9-e2abf37319a3,9ac44ac0-c7f6-4b33-a402-c9e92e17392b,130000000,4,2,1000000,64,64,9,\x0003061e363330180a0d1b090c0f273f3c392124323523263e2c2f17051d2b13253d3a2210281a021411293b382a1220080b0e1c2e160401193134371f2d1507,\x00020420400002042080022000112000010210200009802000985c046044400283008e39230840000382002020022010100001581004400204402000080808040804080004011040,1,\x000000120000002100000001ffffffff000000002500000001ffffffff000000002700000001ffffffff000000002800000001ffffffff000000002900000001ffffffff000000002a00000001ffffffff000000002f00000001ffffffff000000003000000001ffffffff000000003200000001ffffffff000000003400000001ffffffff000000003500000001ffffffff000000003700000001ffffffff000000003800000001ffffffff000000003900000001ffffffff000000003a00000001ffffffff000000003b00000001ffffffff000000003d0000000200000006010000003e000000010000000800,27570627585,0,130000000,0,13785313761,2499294524,t,2026-09-24 17:39:37.392154+00,130
afd1bebc-84c9-40a5-9aba-0df4fad251b1,9ac44ac0-c7f6-4b33-a402-c9e92e17392b,131000000,4,2,1000000,64,64,9,\x0003061e363330180a0d1b090c0f273f3c392124323523263e2c1a283a2210130104162e2b3d25172f1d05021411293b382a2d1f07151220080b0e1c19313437,\x00020420400002042080022000112000010210200009802000985c0460e4402120088840210208200041001041044000812000020101108005004604010404400204400081408000,1,\x000000100000002200000001ffffffff000000002800000001ffffffff000000002a00000001ffffffff000000002b00000001ffffffff000000002c00000001ffffffff000000002d00000001ffffffff000000002e00000001ffffffff0000000034000000020000000801000000350000000100000008000000003600000001000000080000000037000000010000000800000000380000000100000008000000003a0000000100000008000000003c0000000100000008000000003d0000000100000008000000003e000000010000000800,27724767629,0,131000000,0,13862383783,2511848835,t,2026-09-24 17:40:40.152042+00,131
fc37a2d9-92aa-4d11-94d7-9bb762beee6a,9ac44ac0-c7f6-4b33-a402-c9e92e17392b,132000000,4,2,1000000,64,64,9,\x0003061e363330180a0d1b090c0f273f3c392124323523260e0b081a0210282b2e1c2a1220383b3e2c291114223a3d25172f1d0513160401193134371f2d1507,\x00020420400002042080022000112000010210200009802000985c44204030902401810101c074488280408000202000099080400060820880008220000808040804080004011040,1,\x000000110000002400000001ffffffff000000002500000001ffffffff000000002700000001ffffffff000000002900000001ffffffff000000002a00000001ffffffff000000002d00000001ffffffff000000003100000001ffffffff000000003200000001ffffffff000000003300000001ffffffff000000003500000001ffffffff000000003700000001ffffffff000000003800000001ffffffff000000003900000001ffffffff000000003a00000001ffffffff000000003b00000001ffffffff000000003d0000000200000006010000003e000000010000000800,27906613201,0,132000000,0,13953306569,2527675284,t,2026-09-24 17:41:55.266482+00,132
e947e336-c690-418d-a13d-480b32d3f349,9ac44ac0-c7f6-4b33-a402-c9e92e17392b,133000000,4,2,1000000,64,64,9,\x0003061e363330180a0d1b090c0f273f3c39212432352326343119011310281a02051725371f2d150704122a1c0e0b0820383b3e2c291114223a3d2f1d2b2e16,\x00020420400002042080022000112000010210200009802000985c4c2000013220828141600208602000081220802028208008100408040804080002029000080804000402410020,1,\x000000120000001900000001ffffffff000000002400000001ffffffff000000002800000001ffffffff000000002a00000001ffffffff010000002d0000000100000008000000002f00000001000000080000000030000000010000000800000000310000000100000008000000003300000001000000080000000035000000010000000800000000360000000100000008000000003700000001000000080000000038000000010000000800000000390000000100000008000000003b0000000100000008000000003c0000000100000008000000003d0000000100000008000000003e000000010000000800,28186918739,0,133000000,0,14093459338,2552738152,t,2026-09-24 17:43:51.140869+00,133
6238140f-80ca-49aa-bc00-2b38744df243,9ac44ac0-c7f6-4b33-a402-c9e92e17392b,134000000,4,2,1000000,64,64,9,\x0003061e363330180a0d1b090c0f273f3c3921243235233b3e2c291114260e0b1d2f3d2b2e1613011931341c04122a3820081a283a221002051725371f07152d,\x00020420400002042080022000112000010210200009802000985e01c040001240001008120420811100080410040804080324410104408008402000080840010420100004090202,1,\x0000000f0000001a00000001ffffffff000000001b00000001ffffffff000000002900000001ffffffff000000002f00000001ffffffff000000003000000001ffffffff000000003100000001ffffffff000000003400000001ffffffff000000003600000001ffffffff000000003700000001ffffffff000000003800000001ffffffff000000003900000001ffffffff000000003a00000001ffffffff000000003b00000001ffffffff000000003d0000000200000008010000003e000000010000000800,28454296573,0,134000000,0,14227148255,2576958949,t,2026-09-24 17:45:42.252718+00,134
65468ed8-17a1-4e9e-8b8e-f291f8c214ea,9ac44ac0-c7f6-4b33-a402-c9e92e17392b,135000000,4,2,1000000,64,64,9,\x0003061e363330180a0d1b090c0f273f3c3921243235233b291114263e2c2f1d1a080b0e1c2e161301041220382a2d15071f3734222517050210283a3d2b1931,\x00020420400002042080022000112000010210200009802000985e318004184000440034104004088040001018200224404000500020800810800023002010101010101000040802,0,\x000000120000001900000001ffffffff000000001c00000001ffffffff000000002300000001ffffffff000000002b00000001ffffffff000000002c00000001ffffffff000000002d00000001ffffffff000000002f00000001ffffffff000000003000000001ffffffff000000003100000001ffffffff000000003400000001ffffffff000000003600000001ffffffff000000003700000001ffffffff000000003800000001ffffffff000000003900000001ffffffff000000003b00000001ffffffff000000003c00000001ffffffff000000003d00000001ffffffff000000003e00000001ffffffff00,28826329215,0,135000000,0,14413164576,2611692288,t,2026-09-24 17:48:18.455987+00,135
2b2c624e-4890-4654-b9c4-285b8fb30097,9ac44ac0-c7f6-4b33-a402-c9e92e17392b,136000000,4,2,1000000,64,64,9,\x0003061e363330180a0d1b090c0f273f3c3921243235230b0e263e3b3820081a1d2b13162e1c2a2d15071f37253d3a28100205172f2c29111422343119010412,\x00020420400002042080022000112000010210200009802000987e0108108000010810010194cc094000048200402011200083002410400405104000020420011008800004480004,1,\x000000100000001e00000001ffffffff000000002400000001ffffffff000000002900000001ffffffff010000002a0000000100000008000000002f0000000100000008000000003200000001000000080000000034000000010000000800000000360000000100000008000000003700000001000000080000000038000000010000000800000000390000000100000008000000003a0000000100000008000000003b0000000100000008000000003c0000000100000008000000003d0000000100000008000000003e000000010000000800,29157297027,0,136000000,0,14578648482,2642075493,t,2026-09-24 17:50:37.252768+00,136
e5841837-2823-4911-93c9-f52db147fe9c,9ac44ac0-c7f6-4b33-a402-c9e92e17392b,137000000,4,2,1000000,64,64,9,\x0003061e363330180a0d1b090c0f273f3c3921243235230b0e263e2c3a281022341c2e2b3d2f1d05021a0820122a383b2911141725371f2d1507041613011931,\x00020420400002042080022000112000010210200009802000987e01081080912104100102a2088022001008281208802040a8008200208004088040001004400041100001040102,1,\x000000100000002100000001ffffffff01000000290000000100000008000000002a0000000100000008000000002e00000001000000080000000030000000010000000800000000310000000100000008000000003200000001000000080000000033000000010000000800000000350000000100000008000000003700000001000000080000000038000000010000000800000000390000000100000008000000003b0000000100000008000000003c0000000100000008000000003d0000000100000008000000003e000000010000000800,29325452725,0,137000000,0,14662726331,2657128082,t,2026-09-24 17:51:46.661802+00,137
cb4978b2-ad40-4a9b-bfdb-85a89075f8b3,9ac44ac0-c7f6-4b33-a402-c9e92e17392b,138000000,4,2,1000000,64,64,9,\x0003061e363330180a0d1b090c0f273f3c3921243235230b0e1c04071f37253d3a223431190113162e2b281002051714263e3b382a2d151220081a1d2f2c2911,\x00020420400002042080022000112000010210200009802000987e01187c094080000c0210c00880000488800004204000022880000a02084080002c001008088008082000020420,1,\x0000000f0000002300000001ffffffff000000002500000001ffffffff000000002700000001ffffffff000000002800000001ffffffff000000002b00000001ffffffff000000003000000002000000040100000035000000010000000800000000360000000100000008000000003700000001000000080000000038000000010000000800000000390000000100000008000000003b0000000100000008000000003c0000000100000008000000003d0000000100000008000000003e000000010000000800,29589457685,0,138000000,0,14794728811,2681133926,t,2026-09-24 17:53:36.128948+00,138
1d7ab75d-8da8-4874-900e-917baf394a5b,9ac44ac0-c7f6-4b33-a402-c9e92e17392b,139000000,4,2,1000000,64,64,9,\x0003061e363330180a0d1b090c0f273f3c3921243235230b0820382a2d3b291114223a3d25172f1d050210281a2c3e260e1c2e2b193134371f07151204011316,\x00020420400002042080022000112000010210200009802000987e110810081404410820015e1008004410011840203020004880002040100c800082408000408020800048828000,1,\x0000000d0000001f00000001ffffffff000000002c00000001ffffffff000000002d00000001ffffffff000000002e00000001ffffffff000000003000000001ffffffff000000003500000001ffffffff000000003600000001ffffffff000000003700000001ffffffff000000003800000001ffffffff000000003a00000001ffffffff000000003b00000001ffffffff000000003d0000000200000008010000003e000000010000000800,29729305687,0,139000000,0,14864652812,2693027329,t,2026-09-24 17:54:34.085679+00,139
ec0a9211-ae59-484a-9c57-5894508c42d8,9ac44ac0-c7f6-4b33-a402-c9e92e17392b,140000000,4,2,1000000,64,64,9,\x0003061e363330180a0d1b090c0f273f3c3921243235230b081a283a2210021411292c3e3b2d2a3820121507040113162e2b3d2f1d051725371f1c0e26343119,\x00020420400002042080022000112000010210200009802000987e110c2410100404a001100804100001121404400005004441828100042008000602880004028040804400010420,1,\x0000000e0000002000000001ffffffff000000002700000001ffffffff000000002800000001ffffffff000000002a00000001ffffffff000000002f00000001ffffffff000000003400000001ffffffff000000003500000001ffffffff000000003600000001ffffffff000000003700000001ffffffff000000003900000001ffffffff000000003b0000000200000008010000003c0000000100000008000000003d0000000100000008000000003e000000010000000800,29891742081,0,140000000,0,14945871009,2706867639,t,2026-09-24 17:55:41.626669+00,140
81edcb02-0aed-48d6-a965-722ea6cfa8fc,9ac44ac0-c7f6-4b33-a402-c9e92e17392b,141000000,4,2,1000000,64,64,9,\x0003061e363330180a0d1b090c0f273f3c3921243235230b1d05172f2c3e260e1c2e161310021a082012152d1f07040119313437253d2b283a221411293b382a,\x00020420400002042080022000112000010210200009802000987e138408208041001420080400816103900110040805208409080408040804080082000808028000824040000440,0,\x000000110000001f00000001ffffffff000000002700000001ffffffff000000002c00000001ffffffff000000002d00000001ffffffff000000002e00000001ffffffff000000002f00000001ffffffff000000003100000001ffffffff000000003300000001ffffffff000000003600000001ffffffff000000003700000001ffffffff000000003800000001ffffffff000000003900000001ffffffff000000003a00000001ffffffff000000003b00000001ffffffff000000003c00000001ffffffff000000003d00000001ffffffff000000003e00000001ffffffff00,30081394189,0,141000000,0,15040697063,2722848268,t,2026-09-24 17:56:59.843841+00,141
1de485aa-0f00-4956-a25f-81ace9101d94,9ac44ac0-c7f6-4b33-a402-c9e92e17392b,142000000,4,2,1000000,64,64,9,\x0003061e363330180a0d1b090c0f273f3c3921243235230b193134372522100205171411292c2f1d2b3d3a281a0820121507040113162e1c1f2d2a383b3e260e,\x00020420400002042080022000112000010210200009802000987e1b0804080086020942010450804060400014180440000108040142010051802020000110011040401020001020,1,\x000000110000001900000001ffffffff000000002300000001ffffffff000000002900000001ffffffff000000002a00000001ffffffff000000002b00000001ffffffff000000002c00000001ffffffff000000002d00000001ffffffff000000003300000001ffffffff000000003400000001ffffffff000000003500000001ffffffff000000003600000001ffffffff00000000380000000200000007010000003a0000000100000008000000003b0000000100000008000000003c0000000100000008000000003d0000000100000008000000003e000000010000000800,30260757879,0,142000000,0,15130378908,2737568703,t,2026-09-24 17:58:17.458316+00,142
a4123b81-3f26-419a-a029-587031517b8b,9ac44ac0-c7f6-4b33-a402-c9e92e17392b,143000000,4,2,1000000,64,64,9,\x0003061e363330180a0d1b090c0f273f3c3921243220382a12152d3b2911140210282b2e1604071f37343123351d1a080b191c0e263e2c2f3d3a222517051301,\x000204204000020420800220001120000102102000098020040140400210401002c88010090c0c0a0004460002042040002600080410011204004480008800082000090008040210,1,\x0000000c0000002600000001ffffffff000000002c00000001ffffffff000000002f00000001ffffffff0000000032000000020000000601000000330000000100000008000000003400000001000000080000000035000000010000000800000000390000000100000008000000003a0000000100000008000000003c0000000100000008000000003d0000000100000008000000003e000000010000000800,30441161297,0,143000000,0,15220580617,2752807462,t,2026-09-24 17:59:32.44161+00,143
420b9dcd-b537-4eea-97a6-19ab2d7b82b9,9ac44ac0-c7f6-4b33-a402-c9e92e17392b,144000000,4,2,1000000,64,64,9,\x0003061e363330180a0d1b090c0f273f3c3921243220382a1215071f2d3b291114223a3d2f17050210281a080b1d352331343725130104162e2b191c0e263e2c,\x000204204000020420800220001120000102102000098020040140400210228000410820035e1008000c0a0a080808001211600001100802040001a2440001042080080088000110,1,\x0000000c0000001c00000001ffffffff000000002b0000000200000008010000002e000000010000000800000000320000000100000008000000003300000001000000080000000037000000010000000800000000390000000100000008000000003a0000000100000008000000003b0000000100000008000000003c0000000100000008000000003d0000000100000008000000003e000000010000000800,30596518333,0,144000000,0,15298259135,2765906513,t,2026-09-24 18:00:37.827883+00,144
1a5abe43-30b4-4947-ae30-7f7475ffd95e,9ac44ac0-c7f6-4b33-a402-c9e92e17392b,145000000,4,2,1000000,64,64,9,\x0003061e363330180a0d1b090c0f273f3c3921243220382a121507040113162e1c1f2d3b291123351d05172f3d25373431192b283a2c3e260e0b081a02102214,\x000204204000020420800220001120000102102000098020040140400210a220c14000023002204010028800014080082080008c0008108008802000980020402040100044810040,1,\x0000000d0000001e00000001ffffffff000000002200000001ffffffff000000002700000001ffffffff000000002e00000001ffffffff000000003000000001ffffffff000000003200000001ffffffff000000003600000001ffffffff000000003800000001ffffffff000000003900000001ffffffff000000003a00000001ffffffff000000003b00000001ffffffff000000003d0000000200000008010000003e000000010000000800,30769254301,0,145000000,0,15384627119,2780403516,t,2026-09-24 18:01:50.178633+00,145
6a86280e-dfa1-4cd4-869a-edd289c88225,9ac44ac0-c7f6-4b33-a402-c9e92e17392b,146000000,4,2,1000000,64,64,9,\x0003061e363330180a0d1b090c0f273f3c3921243220382a1204011931341c2e161310282b3d3a2214260e0b081a02051d352311293b3e2c2f1725371f2d1507,\x00020420400002042080022000112000010210200009802004014040024d204020401001402050301040000420816600810041009000060880004160400010018020100004011040,1,\x0000000e0000002000000001ffffffff000000002a00000001ffffffff000000002c00000001ffffffff000000002e00000001ffffffff000000003100000001ffffffff000000003300000001ffffffff000000003600000001ffffffff000000003700000001ffffffff000000003800000001ffffffff000000003900000001ffffffff000000003a00000001ffffffff000000003b00000001ffffffff000000003d0000000200000006010000003e000000010000000800,31040313759,0,146000000,0,15520156848,2804414947,t,2026-09-24 18:03:44.71794+00,146
7631a0ba-5fdd-4b7d-b7f9-99b81f090aaa,9ac44ac0-c7f6-4b33-a402-c9e92e17392b,147000000,4,2,1000000,64,64,9,\x0003061e363330180a0d1b090c0f273f3c3921243220382a2d3b3e2c291114260e0b1901132b28100205172f3d3a2225371f07151204162e1c343123351d1a08,\x0002042040000204208002200011200001021020000980200401404110040003014880014020702032e0d2042180020820800002900002a000410001900002200840002400080410,1,\x0000000e0000001c00000001ffffffff000000002200000001ffffffff010000002d0000000100000008000000002f00000001000000080000000034000000010000000800000000360000000100000008000000003700000001000000080000000038000000010000000800000000390000000100000008000000003a0000000100000008000000003b0000000100000008000000003c0000000100000008000000003d0000000100000008000000003e000000010000000800,31263751303,0,147000000,0,15631875620,2823532006,t,2026-09-24 18:05:18.422303+00,147
8e3061f5-1b92-4427-b0cd-7a44ca4613bd,9ac44ac0-c7f6-4b33-a402-c9e92e17392b,164000000,4,2,1000000,64,64,9,\x0003061e363330180a0d1b090c0f273f3c392124321a0820383b2d1f0715122a1c2e160401130517140210283a2225373431190b0e263e2c291123351d2b3d2f,\x0002042040000204208002200011200001021020000980200c08020402858246040104028004000101c10024091c4020203000480001102000111480000110108008100044810040,1,\x0000000c0000001f00000001ffffffff000000002300000001ffffffff000000002900000001ffffffff000000002f00000001ffffffff000000003400000001ffffffff000000003600000001ffffffff000000003800000001ffffffff000000003900000001ffffffff000000003a00000001ffffffff000000003b00000001ffffffff000000003d0000000200000008010000003e000000010000000800,37233109917,0,164000000,0,18616554927,3379689078,t,2026-09-24 18:47:42.131721+00,164
7ebd9a3f-2022-4ddd-aeb9-696016190c8f,9ac44ac0-c7f6-4b33-a402-c9e92e17392b,148000000,4,2,1000000,64,64,9,\x0003061e363330180a0d1b090c0f273f3c3921243220382a2d1f07151204161301193123351d05172f3d3a2c14222537341c2e2b2810021a080b0e263e3b2911,\x00020420400002042080022000112000010210200009802004014041901141000190000a2008100824000818010410c0012747470001108008800001082002200204204000020820,1,\x000000120000001c00000001ffffffff000000002000000001ffffffff000000002400000001ffffffff000000002d00000001ffffffff010000002e0000000100000008000000002f000000010000000800000000320000000100000008000000003300000001000000080000000035000000010000000800000000360000000100000008000000003700000001000000080000000038000000010000000800000000390000000100000008000000003a0000000100000008000000003b0000000100000008000000003c0000000100000008000000003d0000000100000008000000003e000000010000000800,31557909919,0,148000000,0,15778954928,2850024643,t,2026-09-24 18:07:24.26017+00,148
f669da5d-cf85-4605-9dfd-c16cc51570f2,9ac44ac0-c7f6-4b33-a402-c9e92e17392b,149000000,4,2,1000000,64,64,9,\x0003061e363330180a0d1b090c0f273f3c3921243220383b3e260e0b081a1d35233119011305021411292c2f3d3a2210282b2e16040715122a2d1f1c34372517,\x000204204000020420800220001120000102102000098020048140018000810041401202201004013220100405100804088004021810040204000222000208040200824020000840,1,\x0000000f0000001c00000001ffffffff000000001f00000001ffffffff000000002800000001ffffffff000000002900000001ffffffff000000002c00000001ffffffff010000002f00000001000000080000000030000000010000000800000000310000000100000008000000003300000001000000080000000037000000010000000800000000390000000100000008000000003b0000000100000008000000003c0000000100000008000000003d0000000100000008000000003e000000010000000800,31902298309,0,149000000,0,15951149123,2881659224,t,2026-09-24 18:09:49.62867+00,149
c4b84d66-aa2e-4432-91c5-dcdac64dd91e,9ac44ac0-c7f6-4b33-a402-c9e92e17392b,150000000,4,2,1000000,64,64,9,\x0003061e363330180a0d1b090c0f273f3c3921243220383b3e2c291114260e0b081a02051d35233134371f2d2a1215070401191c2e16132b3d3a28102225172f,\x00020420400002042080022000112000010210200009802004814001c040001260001008100400096080000804010200410001480040102c10082000080402122081002220002002,0,\x0000000d0000001a00000001ffffffff000000002000000001ffffffff000000002500000001ffffffff000000002e00000001ffffffff000000002f00000001ffffffff000000003300000001ffffffff000000003500000001ffffffff000000003900000001ffffffff000000003a00000001ffffffff000000003b00000001ffffffff000000003c00000001ffffffff000000003d00000001ffffffff000000003e00000001ffffffff00,32130571969,0,150000000,0,16065285953,2902077012,t,2026-09-24 18:11:25.086719+00,150
705f8cda-240a-4366-a84e-a1770309eb33,9ac44ac0-c7f6-4b33-a402-c9e92e17392b,151000000,4,2,1000000,64,64,9,\x0003061e363330180a0d1b090c0f273f3c3921243220383b2911142c3e260e0b081a0210223437253d3a282b2e161305172f1d3523311901040715122a1c1f2d,\x0002042040000204208002200011200001021020000980200481402180043821000810081004004960c0400010842080081000080450020880200002011020010230804020500004,1,\x0000000d0000001c00000001ffffffff000000002000000001ffffffff000000002900000001ffffffff000000002a00000001ffffffff000000003000000001ffffffff000000003100000001ffffffff000000003200000001ffffffff000000003300000001ffffffff000000003500000001ffffffff000000003700000001ffffffff000000003b00000001ffffffff000000003d0000000200000008010000003e000000010000000800,32346055957,0,151000000,0,16173027947,2921261494,t,2026-09-24 18:12:55.899735+00,151
54d82238-05cf-4359-8265-b39c1b809626,9ac44ac0-c7f6-4b33-a402-c9e92e17392b,152000000,4,2,1000000,64,64,9,\x0003061e363330180a0d1b090c0f273f3c3921243220383b2d2a1215071f1c2e2b2810131604011931343725223a3d2f1d352311292c3e260e0b081a02051714,\x000204204000020420800220001120000102102000098020048140a12000090088000501502408091400040402040204004181400040700880004120800020402040100024800008,1,\x0000000e0000002400000001ffffffff000000002500000001ffffffff000000002600000001ffffffff000000002a00000001ffffffff000000002e00000001ffffffff000000003100000001ffffffff000000003400000001ffffffff000000003600000001ffffffff000000003800000001ffffffff000000003900000001ffffffff000000003a00000001ffffffff000000003b00000001ffffffff000000003d0000000200000001010000003e000000010000000800,32547270313,0,152000000,0,16273635125,2939094656,t,2026-09-24 18:14:20.219893+00,152
1aeb8ce6-0f97-4e4f-b67a-e4a9588b7576,9ac44ac0-c7f6-4b33-a402-c9e92e17392b,153000000,4,2,1000000,64,64,9,\x0003061e363330180a0d1b090c0f273f3c3921243220080b0e1c2e2b3d2f2c3e26343725223a2810021a1d3523311901131604071f2d15122a383b2911141705,\x000204204000020420800220001120000102102000098020049100011808802202121c01401004000389000820810804200002011020020280084000011008041004000124400010,1,\x000000100000002500000001ffffffff000000002900000001ffffffff000000002b00000001ffffffff000000002d00000001ffffffff000000002e00000001ffffffff000000003100000002000000070100000034000000010000000800000000360000000100000008000000003700000001000000080000000038000000010000000800000000390000000100000008000000003a0000000100000008000000003b0000000100000008000000003c0000000100000008000000003d0000000100000008000000003e000000010000000800,33154872569,0,153000000,0,16577436253,2997668409,t,2026-09-24 18:18:40.298189+00,153
62dc3d01-eac9-4aed-b198-e29a347e954c,9ac44ac0-c7f6-4b33-a402-c9e92e17392b,154000000,4,2,1000000,64,64,9,\x0003061e363330180a0d1b090c0f273f3c3921243220081a282b2e161305172537343123351d0b190104071f2d15122a1c0e263e2c2f3d3a2210021411293b38,\x00020420400002042080022000112000010210200009802004910108860400020196040602a040002600888804400204208001080402880011200023000208404000120081800008,1,\x0000000f0000002400000001ffffffff000000002800000001ffffffff000000002d00000001ffffffff000000002e00000001ffffffff000000003000000002000000080100000031000000010000000800000000350000000100000008000000003600000001000000080000000037000000010000000800000000390000000100000008000000003a0000000100000008000000003b0000000100000008000000003c0000000100000008000000003d0000000100000008000000003e000000010000000800,33964755007,0,154000000,0,16982377472,3078670557,t,2026-09-24 18:24:30.604412+00,154
83560053-24ed-4ec9-a490-f51827e7748b,9ac44ac0-c7f6-4b33-a402-c9e92e17392b,155000000,4,2,1000000,64,64,9,\x0003061e363330180a0d1b090c0f273f3c39212432201215071f2d2a383b3e263437253d2f2c29112331192b130104162e1c0e0b081a0210283a221417051d35,\x00020420400002042080022000112000010210200009802004b1008008308080204000204802802000090a0420031400191605440001044000820041409205040400011400040102,1,\x000000110000001c00000001ffffffff000000002100000001ffffffff000000002600000001ffffffff00000000290000000200000008010000002d0000000100000008000000002f0000000100000008000000003000000001000000080000000031000000010000000800000000320000000100000008000000003400000001000000080000000038000000010000000800000000390000000100000008000000003a0000000100000008000000003b0000000100000008000000003c0000000100000008000000003d0000000100000008000000003e000000010000000800,34731054085,0,155000000,0,17365527011,3156309002,t,2026-09-24 18:30:04.889166+00,155
fcd899fc-2662-459d-9a1d-e9543f67b808,9ac44ac0-c7f6-4b33-a402-c9e92e17392b,156000000,4,2,1000000,64,64,9,\x0003061e363330180a0d1b090c0f273f3c39212432201215070401193134371f2d3b382a1c0e0b081a283a221411292c3e2623351d2f17253d2b2e1613100205,\x00020420400002042080022000112000010210200009802004b10080284820402040002008304000044810050802100808124a02810002804010004400120404400400020102a000,1,\x0000000d0000002200000001ffffffff000000002300000001ffffffff000000002700000001ffffffff000000002e00000001ffffffff000000003000000001ffffffff000000003100000001ffffffff000000003200000001ffffffff000000003300000001ffffffff000000003800000001ffffffff000000003a00000001ffffffff000000003b00000001ffffffff000000003d0000000200000007010000003e000000010000000800,34939279657,0,156000000,0,17469639797,3174368650,t,2026-09-24 18:31:33.215435+00,156
6906499e-cd81-46d7-ae0d-268daab728d1,9ac44ac0-c7f6-4b33-a402-c9e92e17392b,157000000,4,2,1000000,64,64,9,\x0003061e363330180a0d1b090c0f273f3c392124322012152d2a383b3e2c291114172f1d352331192b3d3a22253734260e0b081a2810020513162e1c1f070401,\x00020420400002042080022000112000010210200009802004b1008420200810000c0420010210404100448220c2064000134000044040204010800008a000084210001100080408,1,\x0000000e0000001a00000001ffffffff000000001e00000001ffffffff000000002400000001ffffffff000000002f00000001ffffffff000000003100000001ffffffff000000003200000001ffffffff000000003400000001ffffffff000000003600000001ffffffff000000003700000001ffffffff000000003900000001ffffffff010000003a0000000100000008000000003c0000000100000008000000003d0000000100000008000000003e000000010000000800,35151684805,0,157000000,0,17575842371,3192366328,t,2026-09-24 18:33:02.319803+00,157
02d78021-70f4-4b46-bc3f-e903712551db,9ac44ac0-c7f6-4b33-a402-c9e92e17392b,158000000,4,2,1000000,64,64,9,\x0003061e363330180a0d1b090c0f273f3c3921243220121523351d05172f3d3a2c291114263e3b382a2d1f07040113162e2b2810021a080b0e1c193134222537,\x00020420400002042080022000112000010210200009802004b1008c0400112380000208e02400092082000408800200020241828000042040000288008800011040201020440001,1,\x0000000f0000001900000001ffffffff000000002200000001ffffffff000000002500000001ffffffff000000002700000001ffffffff000000002900000001ffffffff000000002b00000001ffffffff000000002f00000001ffffffff000000003400000001ffffffff000000003500000001ffffffff000000003600000001ffffffff000000003800000001ffffffff000000003a00000001ffffffff000000003b00000001ffffffff000000003d0000000200000008010000003e000000010000000800,35437846749,0,158000000,0,17718923343,3217386886,t,2026-09-24 18:35:01.941468+00,158
3a2856c3-cef9-4ac3-a87e-f98749f01bb9,9ac44ac0-c7f6-4b33-a402-c9e92e17392b,159000000,4,2,1000000,64,64,9,\x0003061e363330180a0d1b090c0f273f3c3921243220122a383b2911142210282b19011305172f1d35233134263e2c3a3d25371f2d150704162e1c0e0b081a02,\x00020420400002042080022000112000010210200009802004b1020802840012e005094283461019304802031c044020081088000804018008008200082008020880000401820020,1,\x000000130000001800000001ffffffff000000002500000001ffffffff01000000280000000100000008000000002a0000000100000008000000002d0000000100000008000000002f00000001000000080000000030000000010000000800000000310000000100000008000000003200000001000000080000000034000000010000000800000000350000000100000008000000003600000001000000080000000038000000010000000800000000390000000100000008000000003a0000000100000008000000003b0000000100000008000000003c0000000100000008000000003d0000000100000008000000003e000000010000000800,35666835117,0,159000000,0,17833417527,3237546504,t,2026-09-24 18:36:38.131043+00,159
022f6a28-0107-4006-88d9-281164df9749,9ac44ac0-c7f6-4b33-a402-c9e92e17392b,160000000,4,2,1000000,64,64,9,\x0003061e363330180a0d1b090c0f273f3c39212432201204162e2b283a3d2537343119011310221411292c2f1705021a080b0e1c1f07152d2a383b3e2623351d,\x00020420400002042080022000112000010210200009802004b14203084090202000300150200001220082004011080408000404040220020c601000080202101004080004820020,0,\x0000000d0000002300000001ffffffff000000002600000001ffffffff000000002c00000001ffffffff000000002e00000001ffffffff000000003000000001ffffffff000000003200000001ffffffff000000003500000001ffffffff000000003800000001ffffffff000000003900000001ffffffff000000003b00000001ffffffff000000003c00000001ffffffff000000003d00000001ffffffff000000003e00000001ffffffff00,36036323695,0,160000000,0,18018161816,3270350390,t,2026-09-24 18:39:15.398164+00,160
68a72c78-74e5-4dea-a442-20ad51ca5f70,9ac44ac0-c7f6-4b33-a402-c9e92e17392b,161000000,4,2,1000000,64,64,9,\x0003061e363330180a0d1b090c0f273f3c392124322012040113162e1c0e0b081a283a3d2f2c291114170502102225371f07152d2a383b3e2623351d2b193134,\x00020420400002042080022000112000010210200009802004b142130c0420000311050802100c09000e8204200102a0808040400001508020200001418000403008008200048100,1,\x0000000f0000001a00000001ffffffff000000001f00000001ffffffff000000002b00000001ffffffff000000002c00000001ffffffff000000002e00000001ffffffff000000003100000001ffffffff000000003400000001ffffffff000000003500000001ffffffff000000003700000001ffffffff000000003900000001ffffffff010000003a0000000100000008000000003b0000000100000008000000003c0000000100000008000000003d0000000100000008000000003e000000010000000800,36296095263,0,161000000,0,18148047600,3292631702,t,2026-09-24 18:41:04.190812+00,161
c3296cf1-e237-4a8a-aba3-e02d7f059674,9ac44ac0-c7f6-4b33-a402-c9e92e17392b,162000000,4,2,1000000,64,64,9,\x0003061e363330180a0d1b090c0f273f3c392124321a0820382a12150704161301193134263e3b23351d0b0e1c2e2b2810223a2c2911140205172f3d25371f2d,\x0002042040000204208002200011200001021020000980200c080204000109408882000a20081008108e000470028080088040000408400411080401480010010410400044001004,1,\x0000000f0000002000000001ffffffff000000002700000001ffffffff01000000280000000100000008000000002a0000000100000008000000002b0000000100000008000000002d000000010000000800000000340000000100000008000000003500000001000000080000000037000000010000000800000000380000000100000008000000003a0000000100000008000000003b0000000100000008000000003c0000000100000008000000003d0000000100000008000000003e000000010000000800,36699348603,0,162000000,0,18349674270,3330417436,t,2026-09-24 18:43:55.379376+00,162
ce02da8e-854c-41a1-96f9-e619b7a3a6ca,9ac44ac0-c7f6-4b33-a402-c9e92e17392b,163000000,4,2,1000000,64,64,9,\x0003061e363330180a0d1b090c0f273f3c392124321a0820383b3e2c291114172f3d3a2225371f2d2a1215070401132b281002051d35233134260e0b191c2e16,\x0002042040000204208002200011200001021020000980200c080204020500010148801004104000134000140410800400044182804a1080000a4080008804010001818020800020,1,\x0000000d0000001c00000001ffffffff000000002b00000001ffffffff000000002f00000001ffffffff010000003000000001000000080000000031000000010000000800000000320000000100000008000000003300000001000000080000000035000000010000000800000000390000000100000008000000003b0000000100000008000000003c0000000100000008000000003d0000000100000008000000003e000000010000000800,36992222141,0,163000000,0,18496111039,3357490987,t,2026-09-24 18:46:00.251697+00,163
899e8cab-d622-4057-a61d-aaad71e1cab2,9ac44ac0-c7f6-4b33-a402-c9e92e17392b,165000000,4,2,1000000,64,64,9,\x0003061e363330180a0d1b090c0f273f3c392124321a0820122a383b3e2623152d1f07040113162e2b3d2f17050210283a2c2911142225373431191c0e0b1d35,\x0002042040000204208002200011200001021020000980200c0802840a200810000c16550400018120c1400002302440838382020202020041001200410001102000090008820002,1,\x000000100000001a00000001ffffffff000000001f00000001ffffffff010000002000000001000000080000000022000000010000000800000000260000000100000008000000002f0000000100000008000000003200000001000000080000000033000000010000000800000000340000000100000008000000003600000001000000080000000037000000010000000800000000390000000100000008000000003b0000000100000008000000003c0000000100000008000000003d0000000100000008000000003e000000010000000800,37502962909,0,165000000,0,18751481423,3404762523,t,2026-09-24 18:49:36.565254+00,165
268c9a54-292b-47a8-a2a4-6b6530749982,9ac44ac0-c7f6-4b33-a402-c9e92e17392b,166000000,4,2,1000000,64,64,9,\x0003061e363330180a0d1b090c0f273f3c392124321a080b0e263e3b38201204162e1c2a2d1f37253d2b283a22343119011310021411292c2f17051d35231507,\x0002042040000204208002200011200001021020000980200c880201081080000108a0420308804010001811180460411000440004204004400034a0028100018080204000042040,0,\x0000000e0000002300000001ffffffff000000002600000001ffffffff000000002d00000001ffffffff000000002f00000001ffffffff000000003000000001ffffffff000000003200000001ffffffff000000003600000001ffffffff000000003700000001ffffffff000000003900000001ffffffff000000003a00000001ffffffff000000003b00000001ffffffff000000003c00000001ffffffff000000003d00000001ffffffff000000003e00000001ffffffff00,37791043647,0,166000000,0,18895521792,3431116937,t,2026-09-24 18:51:38.900116+00,166
d43bff3e-5279-43e3-8f1c-fd3991fb912a,9ac44ac0-c7f6-4b33-a402-c9e92e17392b,167000000,4,2,1000000,64,64,9,\x0003061e363330180a0d1b090c0f273f3c392124321a080b0e263e2c2f3d251705021411293b3820120407152d2a1c1f3734223a281013162e2b1d3523311901,\x0002042040000204208002200011200001021020000980200c8802010810801101011441302808804040000420810a0540400002a0000420c0200002488000042000220002011020,1,\x0000000d0000002400000001ffffffff000000002d00000001ffffffff000000002f00000001ffffffff000000003000000001ffffffff000000003300000001ffffffff000000003500000001ffffffff0000000037000000020000000501000000380000000100000008000000003a0000000100000008000000003b0000000100000008000000003c0000000100000008000000003d0000000100000008000000003e000000010000000800,37953261281,0,167000000,0,18976630609,3445628442,t,2026-09-24 18:52:46.406666+00,167
84f9673d-0a69-4778-a63a-3ab2d7a8ca4f,9ac44ac0-c7f6-4b33-a402-c9e92e17392b,168000000,4,2,1000000,64,64,9,\x0003061e363330180a0d1b090c0f273f3c392124321a080b0e26341c2a382012152d3b3e2c291114172f1d352331190113050210282b2e1604071f37253d3a22,\x0002042040000204208002200011200001021020000980200c880201083088b3000110400108200a00020290012108a0200002011020030041406020400020200210200082000420,1,\x0000000f0000002300000001ffffffff000000002500000001ffffffff000000002b00000001ffffffff000000002c00000001ffffffff000000002d00000001ffffffff000000003100000001ffffffff000000003200000001ffffffff000000003600000001ffffffff000000003700000001ffffffff000000003800000001ffffffff000000003900000001ffffffff000000003a00000001ffffffff000000003b00000001ffffffff000000003d0000000200000004010000003e000000010000000800,38123516819,0,168000000,0,19061758378,3460524334,t,2026-09-24 18:53:57.711237+00,168
37d2fd70-516f-4989-b940-0782b3adc78f,9ac44ac0-c7f6-4b33-a402-c9e92e17392b,169000000,4,2,1000000,64,64,9,\x0003061e363330180a0d1b090c0f273f3c392124321a080b0e1c1f3725221002051d35233b2d2a382012150704162e2b1301193134263e2c291114172f3d3a28,\x0002042040000204208002200011200001021020000980200c880201180c200083920942010c1000d12b160404400005000441000108504010201000100110108004084000010410,1,\x000000130000002200000001ffffffff000000002700000001ffffffff000000002800000001ffffffff000000002a00000001ffffffff000000002b00000001ffffffff000000002e00000001ffffffff0000000030000000020000000801000000310000000100000008000000003200000001000000080000000033000000010000000800000000340000000100000008000000003600000001000000080000000038000000010000000800000000390000000100000008000000003a0000000100000008000000003b0000000100000008000000003c0000000100000008000000003d0000000100000008000000003e000000010000000800,38328794069,0,169000000,0,19164397003,3478806475,t,2026-09-24 18:55:23.639963+00,169
0c943ef0-5b7f-4548-a458-831cdf26d4fe,9ac44ac0-c7f6-4b33-a402-c9e92e17392b,170000000,4,2,1000000,64,64,9,\x0003061e363330180a0d1b090c0f273f3c392124321a080b1d352315071f37252210283a3d2f2c3e260e1c34311901132b2e16041220382a2d3b291114020517,\x0002042040000204208002200011200001021020000980200c8802030880c00588000118944c10101000101401508020200001889001040200018100010140011080001220440001,1,\x000000100000001900000001ffffffff000000002900000001ffffffff000000002b00000001ffffffff000000002c00000001ffffffff000000003000000001ffffffff000000003100000001ffffffff000000003200000001ffffffff000000003300000001ffffffff000000003500000001ffffffff000000003700000001ffffffff000000003800000001ffffffff000000003900000001ffffffff000000003a00000001ffffffff000000003b00000001ffffffff000000003d0000000200000008010000003e000000010000000800,38578579431,0,170000000,0,19289289684,3501617550,t,2026-09-24 18:57:08.771433+00,170
c941a62a-0230-4880-903c-1039b34a443b,9ac44ac0-c7f6-4b33-a402-c9e92e17392b,171000000,4,2,1000000,64,64,9,\x0003061e363330180a0d1b090c0f273f3c392124321a080b23351d2f2c3e260e1c2e1604071f3734311901130517253d2b283a2210021411293b3820122a2d15,\x0002042040000204208002200011200001021020000980200c88020f04001180450014200804000111800001081080001140480002022020080002029000080404400002a8400020,1,\x0000000e0000001900000001ffffffff000000001f00000001ffffffff000000002800000001ffffffff000000002a00000001ffffffff000000003000000001ffffffff000000003200000001ffffffff000000003400000001ffffffff000000003500000001ffffffff000000003600000001ffffffff000000003700000001ffffffff000000003800000001ffffffff000000003b00000001ffffffff000000003d0000000200000008010000003e000000010000000800,38826208625,0,171000000,0,19413104281,3523175283,t,2026-09-24 18:58:52.874781+00,171
9b7b3c14-d96e-427a-8710-1fa1451603db,9ac44ac0-c7f6-4b33-a402-c9e92e17392b,172000000,4,2,1000000,64,64,9,\x0003061e363330180a0d1b090c0f273f3c392124321a283a3d2b1901132537343123351d2f2c3e260e0b0820382a1204162e1c1f07152d3b2911141705021022,\x0002042040000204208002200011200001021020000980200c0a010140852032608200281000090022008a0020402040204020109040020880080004010104208004080002020201,1,\x000000110000002000000001ffffffff000000002200000001ffffffff000000002900000001ffffffff000000002a00000001ffffffff000000003000000001ffffffff000000003100000001ffffffff000000003200000001ffffffff000000003400000001ffffffff000000003500000001ffffffff000000003600000001ffffffff000000003700000001ffffffff000000003800000001ffffffff000000003900000001ffffffff000000003b0000000200000003010000003c0000000100000008000000003d0000000100000008000000003e000000010000000800,39075749541,0,172000000,0,19537874739,3545229201,t,2026-09-24 19:00:37.636296+00,172
229a28ff-2588-42f6-bad8-1b3a3ffa6a3e,9ac44ac0-c7f6-4b33-a402-c9e92e17392b,173000000,4,2,1000000,64,64,9,\x0003061e363330180a0d1b090c0f273f3c392124321a283a2225371f2d2a12150704162e2b3d2f17142c291123351d05021013011931341c0e0b0820383b3e26,\x0002042040000204208002200011200001021020000980200c0a01414208808204029200802008200043002020300848002240001020101004004180400020802840204020400020,1,\x000000100000002000000001ffffffff000000002500000001ffffffff000000002b00000001ffffffff000000002d00000001ffffffff000000003000000001ffffffff000000003100000001ffffffff000000003200000001ffffffff000000003300000001ffffffff000000003500000001ffffffff000000003700000001ffffffff00000000390000000200000008010000003a0000000100000008000000003b0000000100000008000000003c0000000100000008000000003d0000000100000008000000003e000000010000000800,39329367365,0,173000000,0,19664683651,3567540073,t,2026-09-24 19:02:24.417468+00,173
d1531211-989a-4ce1-85f6-162848ece38c,9ac44ac0-c7f6-4b33-a402-c9e92e17392b,174000000,4,2,1000000,64,64,9,\x0003061e363330180a0d1b090c0f273f3c392124321a28100205172f3d3a2c291114223431191c0e263e3b3820080b23351d2b2e161301040715122a2d1f3725,\x0002042040000204208002200011200001021020000980200c0a21800208208000023009400220181001c8304104084080000c480003028020080004828800011840201000100110,1,\x0000000b0000002900000001ffffffff000000002d00000001ffffffff000000003000000001ffffffff000000003100000001ffffffff000000003300000001ffffffff00000000360000000200000008010000003a0000000100000008000000003b0000000100000008000000003c0000000100000008000000003d0000000100000008000000003e000000010000000800,39653229591,0,174000000,0,19826614764,3596164851,t,2026-09-24 19:04:40.627414+00,174
08c1c59d-4370-43af-8ee5-498266e9efa1,9ac44ac0-c7f6-4b33-a402-c9e92e17392b,175000000,4,2,1000000,64,64,9,\x0003061e363330180a0d1b090c0f273f3c392124321a281002051325172f2c3e2614223a3d2b1d352311293b2d1f3734311901040715122a3820080b0e1c2e16,\x0002042040000204208002200011200001021020000980200c0a21800238182188000e015040202010004420022040101000091a0108108000091000010402088000091000810020,1,\x000000110000002300000001ffffffff000000002400000001ffffffff000000002700000001ffffffff000000002900000001ffffffff000000002a00000001ffffffff000000002e00000001ffffffff000000003000000001ffffffff000000003200000001ffffffff00000000340000000200000001010000003500000001000000080000000038000000010000000800000000390000000100000008000000003a0000000100000008000000003b0000000100000008000000003c0000000100000008000000003d0000000100000008000000003e000000010000000800,39877538859,0,175000000,0,19938769398,3616082544,t,2026-09-24 19:06:14.588612+00,175
2c49c406-210f-4db2-9a4d-30f7abf8bc62,9ac44ac0-c7f6-4b33-a402-c9e92e17392b,176000000,4,2,1000000,64,64,9,\x0003061e363330180a0d1b090c0f273f3c392124321a281013162e2b1d35233134223a3d2f2c29111402051725371f070401191c2a383b3e260e0b082012152d,\x0002042040000204208002200011200001021020000980200c0a2183021080208a00080441421008000c820420014004108040001020182010088028418000408040804000500002,1,\x000000100000001d00000001ffffffff000000002700000001ffffffff000000002900000001ffffffff000000002a00000001ffffffff000000002b00000001ffffffff000000002c00000001ffffffff000000002d00000001ffffffff000000003100000001ffffffff000000003700000002000000070100000038000000010000000800000000390000000100000008000000003a0000000100000008000000003b0000000100000008000000003c0000000100000008000000003d0000000100000008000000003e000000010000000800,40207470039,0,176000000,0,20103734988,3645638850,t,2026-09-24 19:08:34.017172+00,176
e43eeb29-a225-4031-a519-db0f43f186e1,9ac44ac0-c7f6-4b33-a402-c9e92e17392b,177000000,4,2,1000000,64,64,9,\x0003061e363330180a0d1b090c0f273f3c392124321a282b3d3a2210021411293b2d15122a3820080b0e263e2c2f1d35233134371f0704162e1c190113251705,\x0002042040000204208002200011200001021020000980200c8a21032000010168000402032241814400011020010210200022000802201004080006080401044040002240002010,1,\x0000000d0000002500000001ffffffff000000002700000001ffffffff000000002b00000001ffffffff000000002c00000001ffffffff000000002f00000001ffffffff000000003000000001ffffffff000000003500000001ffffffff000000003800000001ffffffff000000003900000001ffffffff000000003a00000001ffffffff000000003b00000001ffffffff000000003d0000000200000007010000003e000000010000000800,40487399405,0,177000000,0,20243699671,3670174087,t,2026-09-24 19:10:31.232649+00,177
baefc15e-2f5d-4dd9-b71d-b3f9d1033654,9ac44ac0-c7f6-4b33-a402-c9e92e17392b,178000000,4,2,1000000,64,64,9,\x0003061e363330180a0d1b090c0f273f3c392124321a0205172f3d253734260e1c1f070412152d2a3820080b1d352331190113162e2b283a2c3e3b2911142210,\x0002042040000204208002200011200001021020000980200c9a000208208022000a2c22180200c1a021000108088000092080000804408008084000020421c00440000124000210,1,\x0000000f0000002700000001ffffffff000000002a00000001ffffffff000000002d00000001ffffffff000000002f00000001ffffffff000000003100000001ffffffff000000003300000001ffffffff000000003400000001ffffffff000000003500000001ffffffff000000003700000001ffffffff01000000390000000100000008000000003a0000000100000008000000003b0000000100000008000000003c0000000100000008000000003d0000000100000008000000003e000000010000000800,40811703263,0,178000000,0,20405851600,3698600637,t,2026-09-24 19:12:46.965528+00,178
3352c32a-d47a-4be8-ba30-49a8c083f4e1,9ac44ac0-c7f6-4b33-a402-c9e92e17392b,179000000,4,2,1000000,64,64,9,\x0003061e363330180a0d1b090c0f273f3c392124321a0205171411292c3e3b2d15122a3820080b0e2623351d2f3d25371f0704162e2b283a22101301191c3431,\x0002042040000204208002200011200001021020000980200c9a00023840201060000448502011400004488000042008002200011401408040104000060401404004004120000108,1,\x0000000b0000002300000001ffffffff000000002500000001ffffffff000000002a00000001ffffffff000000002c00000001ffffffff000000003100000001ffffffff000000003700000001ffffffff000000003900000001ffffffff000000003a00000001ffffffff000000003b00000001ffffffff000000003d0000000200000002010000003e000000010000000800,41056965919,0,179000000,0,20528482928,3720461672,t,2026-09-24 19:14:29.817788+00,179
4daee3d9-a8a3-4b68-bcca-f0df8ff239e4,9ac44ac0-c7f6-4b33-a402-c9e92e17392b,180000000,4,2,1000000,64,64,9,\x0003061e363330180a0d1b090c0f273f3c392124321a02051d3523260e0b082012152d2a383b3e2c291114223a3d2f1725371f0704162e1c34311901132b2810,\x0002042040000204208002200011200001021020000980200c9a00060880c84704020402840210828020400010108004484020042020080440010241000110042000012280000420,1,\x0000000e0000001900000001ffffffff000000001e00000001ffffffff000000002400000001ffffffff000000002600000001ffffffff000000002800000001ffffffff000000002900000001ffffffff000000002e00000001ffffffff000000002f00000001ffffffff000000003300000001ffffffff000000003800000001ffffffff000000003900000001ffffffff000000003b00000001ffffffff000000003d0000000200000004010000003e000000010000000800,41285623731,0,180000000,0,20642811834,3740769678,t,2026-09-24 19:16:05.525361+00,180
c81c3573-8221-4dad-a652-879c992f103f,9ac44ac0-c7f6-4b33-a402-c9e92e17392b,181000000,4,2,1000000,64,64,9,\x0003061e363330180a0d1b090c0f273f3c392124321a0210283a2234311901132b3d2f2c293b3e26141123351d051725371f0704162e1c0e0b0820382a12152d,\x0002042040000204208002200011200001021020000980200c9a04040404191001089001870600832041480020202008100004880004028020c12080000840102010200028480002,1,\x0000000f0000002600000001ffffffff000000002900000001ffffffff000000002b00000001ffffffff000000002d00000001ffffffff000000002e00000001ffffffff000000002f00000001ffffffff000000003000000001ffffffff000000003400000001ffffffff000000003500000001ffffffff000000003700000001ffffffff000000003800000001ffffffff000000003900000001ffffffff000000003b00000001ffffffff000000003d0000000200000008010000003e000000010000000800,41614304639,0,181000000,0,20807152288,3770444769,t,2026-09-24 19:18:24.635548+00,181
d318f814-8045-4620-8413-842e243e1a0b,9ac44ac0-c7f6-4b33-a402-c9e92e17392b,182000000,4,2,1000000,64,64,9,\x0003061e363330180a0d1b090c0f273f3c392124321a0210282b1d3523263e2c291114223431190104162e1c0e0b0820122a383b2d15071f37251305172f3d3a,\x0002042040000204208002200011200001021020000980200c9a0404068c2300221f0118198004486000021020030610000108020402840a20080008082002044080002480000208,1,\x000000130000001b00000001ffffffff000000002100000001ffffffff000000002400000001ffffffff01000000250000000100000008000000002a0000000100000008000000002c0000000100000008000000002d0000000100000008000000002e0000000100000008000000003200000001000000080000000033000000010000000800000000350000000100000008000000003600000001000000080000000037000000010000000800000000380000000100000008000000003a0000000100000008000000003b0000000100000008000000003c0000000100000008000000003d0000000100000008000000003e000000010000000800,41878346431,0,182000000,0,20939173184,3793687231,t,2026-09-24 19:20:15.404395+00,182
fd91e356-1d6a-4e32-a2ed-9a2ff7c8694b,9ac44ac0-c7f6-4b33-a402-c9e92e17392b,183000000,4,2,1000000,64,64,9,\x0003061e363330180a0d1b090c0f273f3c392124321a021411292c3e260e1c2a383b2d15071f37251310283a22343123351d05172f3d2b2e160401190b082012,\x0002042040000204208002200011200001021020000980200c9a05100804100005088607080200020689000118b42218100044000460028000114000018800404060200008020140,1,\x0000000f0000002500000001ffffffff000000002c00000001ffffffff000000002d00000001ffffffff000000003000000001ffffffff000000003200000001ffffffff000000003300000001ffffffff000000003400000001ffffffff000000003500000001ffffffff000000003700000001ffffffff000000003800000001ffffffff000000003a0000000200000008010000003b0000000100000008000000003c0000000100000008000000003d0000000100000008000000003e000000010000000800,42188382957,0,183000000,0,21094191447,3821146699,t,2026-09-24 19:22:25.912217+00,183
483acb6a-42a6-4d96-b43f-12965a483fd9,9ac44ac0-c7f6-4b33-a402-c9e92e17392b,184000000,4,2,1000000,64,64,9,\x0003061e363330180a0d1b090c0f273f3c392124321a1d352331343725221411293b382a2d1f1c2e160407151220080b1901132b3d2f17050210283a2c3e260e,\x0002042040000204208002200011200001021020000980204c1a02201004080086022908040644001600181401404004400001019000098008202000121010101010100048001020,0,\x000000120000001700000001ffffffff000000001f00000001ffffffff000000002a00000001ffffffff000000002b00000001ffffffff000000002c00000001ffffffff000000002d00000001ffffffff000000002e00000001ffffffff000000003000000001ffffffff000000003100000001ffffffff000000003600000001ffffffff000000003700000001ffffffff000000003800000001ffffffff000000003900000001ffffffff000000003a00000001ffffffff000000003b00000001ffffffff000000003c00000001ffffffff000000003d00000001ffffffff000000003e00000001ffffffff00,42561456627,0,184000000,0,21280728282,3854699595,t,2026-09-24 19:25:03.709447+00,184
3ead8b0d-6767-436d-9c3c-34db2c60b98d,9ac44ac0-c7f6-4b33-a402-c9e92e17392b,185000000,4,2,1000000,64,64,9,\x0003061e363330180a0d1b090c0f273f3c392124321a1d352311292c3a282b131022343119010407152d1f37253d2f17050214263e3b382a1220080b0e1c2e16,\x0002042040000204208002200011200001021020000980204c1a0220501018b00044903111040d820004488001082820220082002020202008104000020460401000091000810020,0,\x000000130000001700000001ffffffff000000002300000001ffffffff000000002500000001ffffffff000000002700000001ffffffff000000002b00000001ffffffff000000002d00000001ffffffff000000002e00000001ffffffff000000003000000001ffffffff000000003100000001ffffffff000000003200000001ffffffff000000003400000001ffffffff000000003500000001ffffffff000000003800000001ffffffff000000003900000001ffffffff000000003a00000001ffffffff000000003b00000001ffffffff000000003c00000001ffffffff000000003d00000001ffffffff000000003e00000001ffffffff00,42745608011,0,185000000,0,21372803974,3870388554,t,2026-09-24 19:26:18.608626+00,185
dd20f552-b3fe-43a2-8a12-43d56ff4ee0c,9ac44ac0-c7f6-4b33-a402-c9e92e17392b,186000000,4,2,1000000,64,64,9,\x0003061e363330180a0d1b090c0f273f3c392124321a2c3e3b291123351d05021013011931342614223a282b3d2f1725371f07152d2a38201204162e1c0e0b08,\x000204204000020420800220001120000102102000098020cc1a011040001920008818080a0a84284020402010090880083000101004028020414000020220c00009200002100408,1,\x000000100000001900000001ffffffff000000001c00000001ffffffff000000002400000001ffffffff000000002a00000001ffffffff000000002d00000001ffffffff000000002e00000001ffffffff000000002f00000001ffffffff000000003000000001ffffffff000000003400000001ffffffff000000003600000001ffffffff00000000380000000200000008010000003a0000000100000008000000003b0000000100000008000000003c0000000100000008000000003d0000000100000008000000003e000000010000000800,43099845125,0,186000000,0,21549922531,3901776743,t,2026-09-24 19:28:46.783941+00,186
9a907a0a-c134-4d04-9d9a-f5adb07d1f6e,9ac44ac0-c7f6-4b33-a402-c9e92e17392b,187000000,4,2,1000000,64,64,9,\x0003061e363330180a0d1b090c0f273f3c392124321a2c3e2623351d050210282b2e16130104122a2d15071f37253d2f171411293b3820080b0e1c193134223a,\x000204204000020420800220001120000102102000098020cc1a0150f008002206820202030200810022408206098000224000060148402040202000021020010220804020000802,1,\x000000100000001a00000001ffffffff000000002900000001ffffffff000000002a00000001ffffffff000000002f00000002000000080100000030000000010000000800000000320000000100000008000000003300000001000000080000000034000000010000000800000000350000000100000008000000003600000001000000080000000037000000010000000800000000390000000100000008000000003b0000000100000008000000003c0000000100000008000000003d0000000100000008000000003e000000010000000800,43315915113,0,187000000,0,21657957525,3919990917,t,2026-09-24 19:30:16.34246+00,187
61ef8314-ad29-4d5f-8ea7-6caf36d5f0c2,9ac44ac0-c7f6-4b33-a402-c9e92e17392b,188000000,4,2,1000000,64,64,9,\x0003061e363330180a0d1b090c0f273f3c392124321a2c2f3d25170513162e1c0e263e3b2911140210223a282b1d35230b0820382a2d1f373431190104121507,\x000204204000020420800220001120000102102000098020cc9a0908a00802c121000118800810800002480010080410001100100110482010200028003002102000011220410040,1,\x0000000f0000002200000001ffffffff000000002400000001ffffffff000000002700000001ffffffff000000002a00000001ffffffff000000002b00000001ffffffff000000002e00000001ffffffff000000003100000001ffffffff000000003300000001ffffffff000000003700000001ffffffff000000003800000001ffffffff000000003900000001ffffffff000000003a00000001ffffffff000000003b00000001ffffffff000000003d0000000200000008010000003e000000010000000800,43573428819,0,188000000,0,21786714378,3942053764,t,2026-09-24 19:32:03.605581+00,188
df753dfb-3643-43cb-95f6-2dc3174e3bea,9ac44ac0-c7f6-4b33-a402-c9e92e17392b,189000000,4,2,1000000,64,64,9,\x0003061e363330180a0d1b090c0f273f3c392124162e2b3d3a28101305172f1d35321a02142225371f07040119312311292c3e3b382a2d151220080b0e1c3426,\x00020420400002042080022000112000010210200009808800040110400009204a020110042000012280410001508060804080402010040208800001580020101000091080010140,1,\x0000000d0000002300000001ffffffff000000002600000001ffffffff000000002b00000001ffffffff000000002f00000001ffffffff000000003100000001ffffffff000000003600000001ffffffff000000003700000001ffffffff000000003800000001ffffffff000000003900000001ffffffff000000003a00000001ffffffff000000003b00000001ffffffff000000003d0000000200000008010000003e000000010000000800,44018258513,0,189000000,0,22009129225,3983197335,t,2026-09-24 19:35:12.812643+00,189
1c389319-6b8c-4a82-a1d5-abb94f7e0c3b,9ac44ac0-c7f6-4b33-a402-c9e92e17392b,190000000,4,2,1000000,64,64,9,\x0003061e363330180a0d1b090c0f273f3c392124162e2b3d3a2810223431233b29111402051301191c0e263e2c2f1725371f070412152d2a3820321a080b1d35,\x00020420400002042080022000112000010210200009808800040110400019302002b053318004101140810802818011200022001004028020818020000108088008080222800002,1,\x0000000f0000002100000001ffffffff000000002a00000001ffffffff000000002b00000001ffffffff000000002e00000001ffffffff000000002f00000001ffffffff000000003000000001ffffffff000000003300000001ffffffff000000003500000001ffffffff000000003600000001ffffffff000000003700000001ffffffff000000003800000001ffffffff000000003b00000001ffffffff010000003c0000000100000008000000003d0000000100000008000000003e000000010000000800,44189061751,0,190000000,0,22094530844,3998556516,t,2026-09-24 19:36:24.818508+00,190
293abcff-8f3c-4d18-b623-e1eb3774f1a1,9ac44ac0-c7f6-4b33-a402-c9e92e17392b,191000000,4,2,1000000,64,64,9,\x0003061e363330180a0d1b090c0f273f3c392124162e2b3d3a28100205172f2c3e260e1c34371f2d150704122a383b29111422251301193123351d1a3220080b,\x00020420400002042080022000112000010210200009808800040110400019144001011802a080c15020001824580041404000410010400220080002040102800440814100049000,1,\x0000000d0000002900000001ffffffff000000002c00000001ffffffff000000002f00000001ffffffff000000003100000001ffffffff000000003200000001ffffffff000000003300000001ffffffff000000003400000001ffffffff000000003500000001ffffffff000000003700000001ffffffff000000003b00000001ffffffff010000003c0000000100000008000000003d0000000100000008000000003e000000010000000800,44347138697,0,191000000,0,22173569317,4012543587,t,2026-09-24 19:37:30.898349+00,191
3a15e873-d854-4814-815a-97d9289dd9d6,9ac44ac0-c7f6-4b33-a402-c9e92e17392b,192000000,4,2,1000000,64,64,9,\x0003061e363330180a0d1b090c0f273f3c392124162e2b3d3a281a32351d2f1705021411292c3e260e0b0820383b233134372522101301191c2a120407152d1f,\x000204204000020420800220001120000102102000098088000401104000231000880028202028a04020800028402040204020001004410280800022000802011204011480010140,1,\x000000090000002500000001ffffffff000000002a00000001ffffffff000000003300000001ffffffff000000003400000001ffffffff000000003500000001ffffffff000000003700000001ffffffff000000003b00000001ffffffff000000003d0000000200000008010000003e000000010000000800,44520496665,0,192000000,0,22260248301,4028264842,t,2026-09-24 19:38:43.549816+00,192
a7ac2daf-0d74-48f2-a1e8-201f62c192ae,9ac44ac0-c7f6-4b33-a402-c9e92e17392b,193000000,4,2,1000000,64,64,9,\x0003061e363330180a0d1b090c0f273f3c392124162e2b3d3a281a080b193134371f07152d2a1c0e263e3b382012040113102225171402051d2f2c2911233532,\x00020420400002042080022000112000010210200009808800040110400023116001810001c000414000023240040840800044102008022408080088068800040440800044800008,1,\x0000000e0000002700000001ffffffff000000002b00000001ffffffff000000002d0000000200000008010000002e0000000100000008000000002f000000010000000800000000330000000100000008000000003600000001000000080000000037000000010000000800000000390000000100000008000000003a0000000100000008000000003b0000000100000008000000003c0000000100000008000000003d0000000100000008000000003e000000010000000800,44660108773,0,193000000,0,22330054355,4040504360,t,2026-09-24 19:39:41.312281+00,193
2bafc2b7-bc0a-4238-9877-0e49a63b7ca7,9ac44ac0-c7f6-4b33-a402-c9e92e17392b,194000000,4,2,1000000,64,64,9,\x0003061e363330180a0d1b090c0f273f3c392124162e2b3d3a22251301191c04071f37343123260e0b082012152d2a383b3e2c2f17051d35321a281002141129,\x00020420400002042080022000112000010210200009808800040110c0041001a3402120010810800001d02820102010301480000404010280880004060102108020000248000402,0,\x0000000f0000002200000001ffffffff000000002400000001ffffffff000000002700000001ffffffff000000002c00000001ffffffff000000002e00000001ffffffff000000002f00000001ffffffff000000003100000001ffffffff000000003300000001ffffffff000000003700000001ffffffff000000003800000001ffffffff000000003a00000001ffffffff000000003b00000001ffffffff000000003c00000001ffffffff000000003d00000001ffffffff000000003e00000001ffffffff00,44935005237,0,194000000,0,22467502587,4066269876,t,2026-09-24 19:41:37.325378+00,194
46876c4b-a399-407c-85f9-f8299cee6447,9ac44ac0-c7f6-4b33-a402-c9e92e17392b,195000000,4,2,1000000,64,64,9,\x0003061e363330180a0d1b090c0f273f3c392124162e2b3d3a221411292c3e3b3820080b0e262335321a281002051d2f172513011931341c2a2d151204071f37,\x00020420400002042080022000112000010210200009808800040110c08c824020c00008108009091080000601108020000228000101401080004180408020080200810028000102,1,\x0000000d0000002800000001ffffffff000000002a00000001ffffffff000000002c00000001ffffffff000000002e00000001ffffffff000000002f00000001ffffffff000000003000000001ffffffff000000003200000001ffffffff000000003500000001ffffffff000000003700000001ffffffff010000003b0000000100000008000000003c0000000100000008000000003d0000000100000008000000003e000000010000000800,45196510433,0,195000000,0,22598255185,4090040356,t,2026-09-24 19:43:26.894855+00,195
ef69d70c-8792-4614-bdec-0b658f4f7fcb,9ac44ac0-c7f6-4b33-a402-c9e92e17392b,196000000,4,2,1000000,64,64,9,\x0003061e363330180a0d1b090c0f273f3c392124162e2b3d2f1725371f07152d3b29111422341c0e263e2c3a28101305021a082032351d0b2331190104122a38,\x00020420400002042080022000112000010210200009808800040190802010000408020218620009c0c0003464040880400002480050100894282020001010041000011200010104,1,\x0000000c0000002900000001ffffffff000000002b00000001ffffffff000000003000000001ffffffff00000000340000000200000002010000003600000001000000080000000038000000010000000800000000390000000100000008000000003a0000000100000008000000003b0000000100000008000000003c0000000100000008000000003d0000000100000008000000003e000000010000000800,45520303015,0,196000000,0,22760151476,4120309387,t,2026-09-24 19:45:43.193841+00,196
b2d0d318-18dc-4f0d-a2c5-58ce8d34bc0c,9ac44ac0-c7f6-4b33-a402-c9e92e17392b,197000000,4,2,1000000,64,64,9,\x0003061e363330180a0d1b090c0f273f3c392124162e2b3d2f17253734260e1c2a383b3e2c291114223a2810020513011931230b1d35321a08201204071f2d15,\x000204204000020420800220001120000102102000098088000401908020100005161104091004080002029000080880001228000210050800122280000420200800021480000220,1,\x0000000c0000002300000001ffffffff000000002500000001ffffffff000000002900000001ffffffff000000002e00000001ffffffff000000003100000001ffffffff000000003500000001ffffffff000000003700000001ffffffff000000003800000001ffffffff000000003900000001ffffffff000000003b00000001ffffffff000000003d0000000200000003010000003e000000010000000800,45677965035,0,197000000,0,22838982486,4134823615,t,2026-09-24 19:46:49.290298+00,197
ac213b5a-dc4a-456a-aef1-1e757003c0c0,9ac44ac0-c7f6-4b33-a402-c9e92e17392b,198000000,4,2,1000000,64,64,9,\x0003061e363330180a0d1b090c0f273f3c392124162e2b3d2f17051d353220383b230b081a2c2911140210283a22251301040715122a2d1f373431191c0e263e,\x0002042040000204208002200011200001021020000980880004019080a020400002080281c2a1812040890420014020202000480010200a04400081400040042040001200100102,1,\x0000000f0000002300000001ffffffff000000002600000002000000080100000027000000010000000800000000290000000100000008000000002b0000000100000008000000002c0000000100000008000000002f0000000100000008000000003400000001000000080000000036000000010000000800000000380000000100000008000000003a0000000100000008000000003b0000000100000008000000003c0000000100000008000000003d0000000100000008000000003e000000010000000800,45873332285,0,198000000,0,22936666111,4152584229,t,2026-09-24 19:48:10.999519+00,198
71cf622b-9d11-41dc-8bec-84808679a690,9ac44ac0-c7f6-4b33-a402-c9e92e17392b,199000000,4,2,1000000,64,64,9,\x0003061e363330180a0d1b090c0f273f3c392124162e2b3d2f1705131022253734312311292c3a281a1d353220080b0e1c190104071f2d15122a383b3e261402,\x0002042040000204208002200011200001021020000980880004019080a06020c35000011020001341600002108082108000024880000c2000091080000220100820081000080810,0,\x000000120000001e00000001ffffffff000000002600000001ffffffff000000002700000001ffffffff000000002900000001ffffffff000000002a00000001ffffffff000000002b00000001ffffffff000000002d00000001ffffffff000000003100000001ffffffff000000003200000001ffffffff000000003500000001ffffffff000000003700000001ffffffff000000003800000001ffffffff000000003900000001ffffffff000000003a00000001ffffffff000000003b00000001ffffffff000000003c00000001ffffffff000000003d00000001ffffffff000000003e00000001ffffffff00,46072100747,0,199000000,0,23036050342,4171045911,t,2026-09-24 19:49:34.533765+00,199
2b8fb383-fdac-460c-b2fe-2038a8bbfb71,9ac44ac0-c7f6-4b33-a402-c9e92e17392b,200000000,4,2,1000000,64,64,9,\x0003061e363330180a0d1b090c0f273f3c392124162e2b3d2f1714112331190b0820122a383b292c3e260e1c1f2d1507040113253734223a281002051d35321a,\x0002042040000204208002200011200001021020000980880004019080e08060400110601108182a80200088000280004150040110401020081020000208022080000a4080000420,1,\x000000100000002400000001ffffffff000000002600000001ffffffff000000002800000001ffffffff000000002a00000001ffffffff000000002d00000001ffffffff000000002e00000001ffffffff000000002f00000001ffffffff000000003000000001ffffffff000000003100000001ffffffff000000003400000001ffffffff000000003500000001ffffffff000000003700000001ffffffff000000003900000001ffffffff000000003b00000001ffffffff000000003d0000000200000004010000003e000000010000000800,46269007519,0,200000000,0,23134503728,4189648960,t,2026-09-24 19:50:57.268927+00,200
96cdc81f-167a-42f9-9d57-5407a58311e0,9ac44ac0-c7f6-4b33-a402-c9e92e17392b,201000000,4,2,1000000,64,64,9,\x0003061e363330180a0d1b090c0f273f3c392124162e2b3d2f1d353220382a12041c0e0b081a0210283a2c2911142234263e3b2d1f0715233119011305172537,\x00020420400002042080022000112000010210200009808800040190c010800082002020812a0082004100920404040093002440820191084000068c080204088000110048000201,1,\x0000000c0000002400000001ffffffff000000002800000001ffffffff000000003100000001ffffffff0000000035000000020000000801000000360000000100000008000000003700000001000000080000000038000000010000000800000000390000000100000008000000003a0000000100000008000000003c0000000100000008000000003d0000000100000008000000003e000000010000000800,46459973737,0,201000000,0,23229986837,4206622430,t,2026-09-24 19:52:16.854172+00,201
79f95cd3-ddf3-4c12-a57b-f20260978b24,9ac44ac0-c7f6-4b33-a402-c9e92e17392b,202000000,4,2,1000000,64,64,9,\x0003061e363330180a0d1b090c0f273f3c392124162e2b3d2f1d35321a283a222537341c1f07152d2a1204011310020517142c29112331190b0820383b3e260e,\x00020420400002042080022000112000010210200009808800040190c01080000681006021044080160008060210900082200002a000022010900044000220802210201020001020,1,\x0000000d0000002a00000001ffffffff000000002d00000001ffffffff000000002f00000001ffffffff000000003000000001ffffffff000000003400000001ffffffff000000003600000001ffffffff000000003700000001ffffffff00000000390000000200000008010000003a0000000100000008000000003b0000000100000008000000003c0000000100000008000000003d0000000100000008000000003e000000010000000800,46594664843,0,202000000,0,23297332390,4218532362,t,2026-09-24 19:53:12.750299+00,202
283fb5e5-2cac-46cc-8db8-5103464bac4d,9ac44ac0-c7f6-4b33-a402-c9e92e17392b,203000000,4,2,1000000,64,64,9,\x0003061e363330180a0d1b090c0f273f3c392124162e2b3d2f1d352311293b382a2d1f3725170513011931341c0407151220321a080b0e263e2c3a2214021028,\x00020420400002042080022000112000010210200009808800040190c010808182808008c00200230002100804200a10080004480004101008000222400002044020000308040202,1,\x0000000d0000002a00000001ffffffff000000002e00000001ffffffff000000002f00000001ffffffff000000003000000001ffffffff000000003200000001ffffffff000000003400000001ffffffff000000003500000001ffffffff000000003600000001ffffffff000000003800000001ffffffff000000003b00000001ffffffff010000003c0000000100000008000000003d0000000100000008000000003e000000010000000800,46740206817,0,203000000,0,23370103377,4231556743,t,2026-09-24 19:54:13.287667+00,203
9d806fa7-92a2-4121-ba4d-d45c445dbef3,9ac44ac0-c7f6-4b33-a402-c9e92e17392b,204000000,4,2,1000000,64,64,9,\x0003061e363330180a0d1b090c0f273f3c392124162e2b3d2f1d1a32352331190113050210283a2c3e2634221411293b2d2a3820080b0e1c041215071f372517,\x00020420400002042080022000112000010210200009808800040190c0d021100004022040060092808080006002a02009112802010190a020000224400004411004004480000840,1,\x0000000e0000001c00000001ffffffff000000002500000001ffffffff000000002d0000000200000008010000002e00000001000000080000000032000000010000000800000000340000000100000008000000003500000001000000080000000036000000010000000800000000390000000100000008000000003a0000000100000008000000003b0000000100000008000000003c0000000100000008000000003d0000000100000008000000003e000000010000000800,47012853565,0,204000000,0,23506426751,4256704123,t,2026-09-24 19:56:07.755761+00,204
a6293de9-446d-4df6-8246-f721b5301e16,9ac44ac0-c7f6-4b33-a402-c9e92e17392b,205000000,4,2,1000000,64,64,9,\x0003061e363330180a0d1b090c0f273f3c392124162e2b3d2f2c29111417050210283a223437251301193123151204071f2d2a1c0e263e3b3820081a32351d0b,\x00020420400002042080022000112000010210200009808800040190e068001220000a08080a08003220000810200a1000748c12a000041060000488000108108008194020001010,1,\x0000000e0000002200000001ffffffff000000002600000001ffffffff000000002700000001ffffffff000000002a00000001ffffffff000000002f00000001ffffffff000000003300000001ffffffff000000003500000001ffffffff000000003600000001ffffffff000000003700000001ffffffff000000003800000001ffffffff000000003b00000001ffffffff010000003c0000000100000008000000003d0000000100000008000000003e000000010000000800,47320464033,0,205000000,0,23660231985,4286084018,t,2026-09-24 19:58:16.929351+00,205
9a4b3cdf-6f1b-4d78-99c0-236071c833c2,9ac44ac0-c7f6-4b33-a402-c9e92e17392b,206000000,4,2,1000000,64,64,9,\x0003061e363330180a0d1b090c0f273f3c392124162e2b3d25371f070412152311292c3a281a080b0e1c34263e3b2d2a382032351d2f17050214221013011931,\x000204204000020420800220001120000102102000098088000401d004000182014300062a080c580002188902011870804500022008088008080044001018180420001100040102,1,\x0000000f0000002b00000001ffffffff010000002c0000000100000008000000002e0000000100000008000000002f0000000100000008000000003000000001000000080000000031000000010000000800000000320000000100000008000000003300000001000000080000000035000000010000000800000000390000000100000008000000003a0000000100000008000000003b0000000100000008000000003c0000000100000008000000003d0000000100000008000000003e000000010000000800,47562614351,0,206000000,0,23781307144,4308736370,t,2026-09-24 19:59:59.0231+00,206
974b11ec-c88c-45ab-b201-59e37c97e587,9ac44ac0-c7f6-4b33-a402-c9e92e17392b,207000000,4,2,1000000,64,64,9,\x0003061e363330180a0d1b090c0f273f3c392124162e2b3d253734312311293b3820081a32351d05130104071f2d15122a1c190b0e263e2c2f17140210283a22,\x000204204000020420800220001120000102102000098088000401d0044081004c0401011180081940200010310a40140840000110080400410014800001100180400081c0800020,1,\x0000000e0000002400000001ffffffff000000002500000001ffffffff000000002e00000001ffffffff000000002f00000001ffffffff000000003000000001ffffffff000000003200000001ffffffff000000003300000001ffffffff000000003400000001ffffffff000000003600000001ffffffff000000003800000001ffffffff000000003900000001ffffffff000000003b00000001ffffffff000000003d0000000200000008010000003e000000010000000800,47776063989,0,207000000,0,23888031963,4328582280,t,2026-09-24 20:01:29.361381+00,207
a96de6b2-fecc-4b4b-95ef-72a2060ae616,9ac44ac0-c7f6-4b33-a402-c9e92e17392b,208000000,4,2,1000000,64,64,9,\x0003061e363330180a0d1b090c0f273f3c392124162e2b3d251305172f1d353220122a383b291114021a080b2331342210283a2c3e260e1c19010407152d1f37,\x000204204000020420800220001120000102102000098088000401d044c0124000040108208815401020049000201880085000419010200808002400081004108004088080002002,1,\x000000100000002300000001ffffffff000000002a00000001ffffffff000000002f00000001ffffffff010000003000000001000000080000000031000000010000000800000000320000000100000008000000003300000001000000080000000034000000010000000800000000350000000100000008000000003600000001000000080000000038000000010000000800000000390000000100000008000000003a0000000100000008000000003c0000000100000008000000003d0000000100000008000000003e000000010000000800,48021623065,0,208000000,0,24010811501,4351490823,t,2026-09-24 20:03:12.963479+00,208
3babfc35-8c67-4864-826a-9a4e8bc65d06,9ac44ac0-c7f6-4b33-a402-c9e92e17392b,209000000,4,2,1000000,64,64,9,\x0003061e363330180a0d1b090c0f273f3c392124162e2b3d25223a281013011931233b2d151204071f37341c2a382032351d2f171411292c3e260e0b081a0205,\x000204204000020420800220001120000102102000098088000401d0641100012400880204029d8b050412a100040840008200011001018008000203028100028000810041009000,1,\x0000000f0000002700000001ffffffff000000002900000001ffffffff000000002c00000001ffffffff000000002d00000001ffffffff000000003000000001ffffffff000000003400000001ffffffff01000000350000000100000008000000003600000001000000080000000038000000010000000800000000390000000100000008000000003a0000000100000008000000003b0000000100000008000000003c0000000100000008000000003d0000000100000008000000003e000000010000000800,48302797165,0,209000000,0,24151398551,4377721933,t,2026-09-24 20:05:11.593721+00,209
f75a8c5f-ebe6-4138-8744-b880110f83fc,9ac44ac0-c7f6-4b33-a402-c9e92e17392b,210000000,4,2,1000000,64,64,9,\x0003061e363330180a0d1b090c0f273f3c392124162e2b283a3d2f1725371f2d2a121507041c342214260e0b23311901131002051d35321a0820383b3e2c2911,\x000204204000020420800220001120000102102000098088000409020200028240001024109004000481022118a0240081e0010110200220000a4080000430200810081000040420,1,\x0000000e0000002300000001ffffffff000000002a00000001ffffffff000000002d0000000200000005010000002e0000000100000008000000002f00000001000000080000000031000000010000000800000000330000000100000008000000003500000001000000080000000038000000010000000800000000390000000100000008000000003a0000000100000008000000003c0000000100000008000000003d0000000100000008000000003e000000010000000800,48532973897,0,210000000,0,24266486917,4398594250,t,2026-09-24 20:06:48.024048+00,210
5f3949b0-fadb-4765-a3e2-b5d5f107fe1f,9ac44ac0-c7f6-4b33-a402-c9e92e17392b,211000000,4,2,1000000,64,64,9,\x0003061e363330180a0d1b090c0f273f3c392124162e2b283a3d2f17051d3532201204011310021a080b2311142c293b3e260e1c1931342225371f07152d2a38,\x0002042040000204208002200011200001021020000980880004090202000282820001086088158a2040022002200234405180000401018000410081400010010400018280000404,1,\x0000000d0000002800000001ffffffff000000002e00000001ffffffff00000000300000000200000004010000003200000001000000080000000034000000010000000800000000350000000100000008000000003700000001000000080000000038000000010000000800000000390000000100000008000000003b0000000100000008000000003c0000000100000008000000003d0000000100000008000000003e000000010000000800,48656982961,0,211000000,0,24328491449,4409565033,t,2026-09-24 20:07:39.921835+00,211
99cae0c3-bdec-41b3-b3e8-f54b69dc283d,9ac44ac0-c7f6-4b33-a402-c9e92e17392b,212000000,4,2,1000000,64,64,9,\x0003061e363330180a0d1b090c0f273f3c392124162e2b283a3d2f17142c291123263e3b382a2d1f37252210021a32351d0513010407151220080b0e1c193134,\x0002042040000204208002200011200001021020000980880004090202000282838204200216108000015800600440401011a8008100408020001120000208088004088080028100,1,\x0000000d0000001f00000001ffffffff000000002200000001ffffffff000000002f00000001ffffffff000000003100000001ffffffff000000003200000001ffffffff000000003500000001ffffffff000000003600000001ffffffff000000003700000001ffffffff000000003800000001ffffffff000000003900000001ffffffff000000003b00000001ffffffff000000003d0000000200000008010000003e000000010000000800,48802732287,0,212000000,0,24401366112,4423012858,t,2026-09-24 20:08:40.99119+00,212
345a72c5-f2ac-4ba8-8427-40d45042177c,9ac44ac0-c7f6-4b33-a402-c9e92e17392b,213000000,4,2,1000000,64,64,9,\x0003061e363330180a0d1b090c0f273f3c392124162e2b283a3d2f2c291123353220080b1d1a0214170513102225373431190104071f2d15122a383b3e260e1c,\x000204204000020420800220001120000102102000098088000409020200822201c80001104010193000029005014020802020800008108000091080000620100820081000081004,1,\x0000000d0000002500000001ffffffff000000002900000001ffffffff000000002b00000001ffffffff000000002d00000001ffffffff000000003000000001ffffffff000000003200000001ffffffff000000003700000001ffffffff000000003800000001ffffffff000000003a0000000200000007010000003b0000000100000008000000003c0000000100000008000000003d0000000100000008000000003e000000010000000800,48957457009,0,213000000,0,24478728473,4436916283,t,2026-09-24 20:09:45.236141+00,213
6f5bd948-5990-4ef2-9c42-0785092c6e8e,9ac44ac0-c7f6-4b33-a402-c9e92e17392b,214000000,4,2,1000000,64,64,9,\x0003061e363330180a0d1b090c0f273f3c392124162e2b283a3d2f1d353220383b2311292c3e260e0b081a020517142210130104071f2d15122a1c1931343725,\x00020420400002042080022000112000010210200009808800040902020082430002180281c2a1201040001020102008001240000404200288281080010320100800824020400010,1,\x0000000e0000002300000001ffffffff000000002500000001ffffffff000000002900000001ffffffff000000002a00000001ffffffff000000002e00000001ffffffff000000003000000001ffffffff000000003200000001ffffffff010000003700000001000000080000000038000000010000000800000000390000000100000008000000003b0000000100000008000000003c0000000100000008000000003d0000000100000008000000003e000000010000000800,49098197231,0,214000000,0,24549098584,4449641709,t,2026-09-24 20:10:43.940272+00,214
a02397e8-8f1c-49a2-b6b2-b932df22d9c9,9ac44ac0-c7f6-4b33-a402-c9e92e17392b,215000000,4,2,1000000,64,64,9,\x0003061e363330180a0d1b090c0f273f3c392124162e2b283a3d25371f071512041c0e263e2c142234312311293b2d2a382032351d1a080b190113100205172f,\x00020420400002042080022000112000010210200009808800040902020013000408020a802820224000469c04022000034140002008088008080044028800088008800028800002,0,\x000000100000002800000001ffffffff000000002b00000001ffffffff000000002c00000001ffffffff000000002e00000001ffffffff000000002f00000001ffffffff000000003000000001ffffffff000000003300000001ffffffff000000003500000001ffffffff000000003600000001ffffffff000000003700000001ffffffff000000003800000001ffffffff000000003900000001ffffffff000000003b00000001ffffffff000000003c00000001ffffffff000000003d00000001ffffffff000000003e00000001ffffffff00,49282158843,0,215000000,0,24641079390,4466337030,t,2026-09-24 20:12:00.777671+00,215
8dfad86d-ce77-4eee-bffe-57e362446045,9ac44ac0-c7f6-4b33-a402-c9e92e17392b,216000000,4,2,1000000,64,64,9,\x0003061e363330180a0d1b090c0f273f3c392124162e2b283a3d2522101301191c0407151220321a080b0e2623351d2f1705021411292c3e3b382a2d1f373431,\x00020420400002042080022000112000010210200009808800040902020093002200880285800460008181802020020420c0410010014040401000814000011020000a0088000408,1,\x0000000e0000002800000001ffffffff000000002a00000001ffffffff000000002d0000000200000003010000003100000001000000080000000032000000010000000800000000340000000100000008000000003600000001000000080000000037000000010000000800000000390000000100000008000000003a0000000100000008000000003b0000000100000008000000003c0000000100000008000000003d0000000100000008000000003e000000010000000800,49441184743,0,216000000,0,24720592340,4480763335,t,2026-09-24 20:13:07.997399+00,216
52143493-c6dc-4fd9-942b-82f2e1945258,9ac44ac0-c7f6-4b33-a402-c9e92e17392b,217000000,4,2,1000000,64,64,9,\x0003061e363330180a0d1b090c0f273f3c392124162e2b283a3d251705130119312311293b3e260e0b081a32351d2f2c14021022341c2a3820120407152d1f37,\x000204204000020420800220001120000102102000098088000409020200934502018c020402892020200018201020183810008800084040201020204812044000010a8080002002,1,\x0000000e0000002c00000001ffffffff000000002d00000001ffffffff000000002e00000001ffffffff000000002f00000001ffffffff000000003100000001ffffffff000000003200000001ffffffff000000003300000001ffffffff000000003500000001ffffffff0100000037000000010000000800000000380000000100000008000000003a0000000100000008000000003c0000000100000008000000003d0000000100000008000000003e000000010000000800,49641717013,0,217000000,0,24820858475,4498942977,t,2026-09-24 20:14:32.179346+00,217
ed4b5063-aa30-4828-a986-9773bf817a13,9ac44ac0-c7f6-4b33-a402-c9e92e17392b,218000000,4,2,1000000,64,64,9,\x0003061e363330180a0d1b090c0f273f3c392124162e2b283a221002051d35321a080b190113253d2f17142c3e260e1c2a2d151204071f3734312311293b3820,\x0002042040000204208002200011200001021020000980880004090282800814c00101084040044840448000028080402020000810044d1220830028000102102000824140000420,1,\x0000000e0000002500000001ffffffff000000002700000001ffffffff000000002900000001ffffffff000000002e00000001ffffffff000000003400000001ffffffff000000003500000001ffffffff000000003600000001ffffffff000000003700000001ffffffff000000003800000001ffffffff000000003900000001ffffffff000000003b0000000200000008010000003c0000000100000008000000003d0000000100000008000000003e000000010000000800,49826095861,0,218000000,0,24913047899,4515952877,t,2026-09-24 20:15:50.218535+00,218
9eecd7f5-3754-4f4d-8332-dcb5ae20fc69,9ac44ac0-c7f6-4b33-a402-c9e92e17392b,219000000,4,2,1000000,64,64,9,\x0003061e363330180a0d1b090c0f273f3c392124162e2b283a2225371f2d3b2911231507041220382a1c34311901131002142c3e260e0b081a32351d05172f3d,\x00020420400002042080022000112000010210200009808800040902828430000509961840062802040101030280001180000488000880061c100004080408020804000244000104,1,\x000000100000001b00000001ffffffff010000002300000001000000080000000027000000010000000800000000280000000100000008000000002b0000000100000008000000002d0000000100000008000000002f00000001000000080000000033000000010000000800000000340000000100000008000000003500000001000000080000000037000000010000000800000000390000000100000008000000003a0000000100000008000000003c0000000100000008000000003d0000000100000008000000003e000000010000000800,49994896463,0,219000000,0,24997448200,4530999261,t,2026-09-24 20:17:00.859711+00,219
c33cba0f-e5e3-440a-b232-d905deb85080,9ac44ac0-c7f6-4b33-a402-c9e92e17392b,220000000,4,2,1000000,64,64,9,\x0003061e363330180a0d1b090c0f273f3c392124162e2b283a22142c291123263e3b2d151204071f37343119011310021a080b0e1c2a382032351d2f3d251705,\x00020420400002042080022000112000010210200009808800040902828cba2101888005042040020289510002042040000244000440054804088000010220020200118200082010,1,\x000000110000001d00000001ffffffff000000002000000001ffffffff000000002600000001ffffffff000000002a00000001ffffffff000000002c00000001ffffffff000000002e00000001ffffffff000000003300000001ffffffff000000003400000001ffffffff000000003500000001ffffffff000000003600000001ffffffff000000003700000001ffffffff000000003800000001ffffffff000000003900000001ffffffff000000003b00000001ffffffff010000003c0000000100000008000000003d0000000100000008000000003e000000010000000800,50203614863,0,220000000,0,25101807400,4549796651,t,2026-09-24 20:18:28.316511+00,220
934b58b0-2329-456a-b532-7b2c6f045b29,9ac44ac0-c7f6-4b33-a402-c9e92e17392b,221000000,4,2,1000000,64,64,9,\x0003061e363330180a0d1b090c0f273f3c392124162e2b283a2c2911233134221013051714021a32351d2f3d25371f07151220080b1901041c0e263e3b2d2a38,\x00020420400002042080022000112000010210200009808800040902824900324041901020028892c001040102018008400044001020082820001220019000040011200001120404,1,\x0000000e0000002500000001ffffffff000000002800000001ffffffff000000002a00000001ffffffff000000002b00000001ffffffff000000002c00000001ffffffff000000002d00000001ffffffff000000003300000001ffffffff000000003600000001ffffffff000000003700000001ffffffff000000003900000001ffffffff000000003a00000001ffffffff000000003b00000001ffffffff000000003d0000000200000008010000003e000000010000000800,50404246021,0,221000000,0,25202122979,4568143129,t,2026-09-24 20:19:51.74488+00,221
7577789e-8976-4970-be6a-f059d2bc8b8b,9ac44ac0-c7f6-4b33-a402-c9e92e17392b,222000000,4,2,1000000,64,64,9,\x0003061e363330180a0d1b090c0f273f3c392124162e2b28101301041c1931233b291114223437251705021a32351d2f3d3a2c3e260e0b0820382a2d1f071512,\x00020420400002042080022000112000010210200009808800040942028008d000028140e7620009b0424000108440402040200010010820001200040804080408000a0208080208,1,\x000000100000002200000001ffffffff000000002a00000001ffffffff000000002d00000001ffffffff000000003000000001ffffffff000000003100000001ffffffff000000003200000001ffffffff000000003300000001ffffffff000000003400000001ffffffff000000003500000001ffffffff000000003600000001ffffffff000000003700000001ffffffff000000003900000001ffffffff000000003b00000001ffffffff010000003c0000000100000008000000003d0000000100000008000000003e000000010000000800,50657711509,0,222000000,0,25328855723,4592256839,t,2026-09-24 20:21:39.427634+00,222
d2572feb-ae58-4ae0-86fd-8fca866264a8,9ac44ac0-c7f6-4b33-a402-c9e92e17392b,223000000,4,2,1000000,64,64,9,\x0003061e363330180a0d1b090c0f273f3c392124162e2b28101301190b1d05021a3235233134223a3d2f2c2911141725371f2d3b3e260e1c040715122a382008,\x000204204000020420800220001120000102102000098088000409420280284068021108044804008120400802018041910024400004028020411000081004480220804000011020,1,\x0000000f0000002100000001ffffffff0100000022000000010000000800000000240000000100000008000000002c0000000100000008000000002e0000000100000008000000002f00000001000000080000000030000000010000000800000000340000000100000008000000003500000001000000080000000036000000010000000800000000390000000100000008000000003a0000000100000008000000003c0000000100000008000000003d0000000100000008000000003e000000010000000800,50804515663,0,223000000,0,25402257800,4605663288,t,2026-09-24 20:22:41.05907+00,223
1468d645-b597-46f5-8b69-80704e427ce6,9ac44ac0-c7f6-4b33-a402-c9e92e17392b,224000000,4,2,1000000,64,64,9,\x0003061e363330180a0d1b090c0f273f3c392124162e2b2810132517050214263e3b3820080b0e1c2a12152d1f3734223a3d2f1d35321a2c2911233119010407,\x000204204000020420800220001120000102102000098088000409420288b2040282000d042040002664400004088204220088000410040200824100021001108008400004488000,1,\x0000000f0000002600000001ffffffff000000002b00000001ffffffff000000002d0000000200000006010000002f0000000100000008000000003100000001000000080000000035000000010000000800000000360000000100000008000000003700000001000000080000000038000000010000000800000000390000000100000008000000003a0000000100000008000000003b0000000100000008000000003c0000000100000008000000003d0000000100000008000000003e000000010000000800,51072775475,0,224000000,0,25536387706,4630654045,t,2026-09-24 20:24:34.84106+00,224
da041b02-82a1-4a2d-b73d-d4df9856a4ae,9ac44ac0-c7f6-4b33-a402-c9e92e17392b,225000000,4,2,1000000,64,64,9,\x0003061e363330180a0d1b090c0f273f3c392124162e2b28100205172f3d3a2214260e0b1d35321a08202311292c3e3b382a2d1f071512041c19011325373431,\x000204204000020420800220001120000102102000098088000409420205504000010420812c10812080000420200814024120800008100005004604010440042810112040000408,1,\x0000000c0000002800000001ffffffff000000002b00000001ffffffff000000002d00000001ffffffff000000002e00000001ffffffff000000003000000001ffffffff000000003500000001ffffffff000000003600000001ffffffff000000003a0000000200000008010000003b0000000100000008000000003c0000000100000008000000003d0000000100000008000000003e000000010000000800,51235326083,0,225000000,0,25617663010,4645754282,t,2026-09-24 20:25:43.540075+00,225
9bf5f78f-9b2c-445a-9e35-74408aee92a6,9ac44ac0-c7f6-4b33-a402-c9e92e17392b,226000000,4,2,1000000,64,64,9,\x0003061e363330180a0d1b090c0f273f3c392124162e2b2810021a32351d05130119312311293b2d15071f37341c04122a3820080b0e263e2c3a3d252214172f,\x000204204000020420800220001120000102102000098088000409420215201000081004200a100804828080484000112000010c1004041000011220000102201204000601500002,1,\x0000000c0000002e00000001ffffffff000000003000000001ffffffff000000003100000001ffffffff000000003200000001ffffffff000000003300000001ffffffff000000003400000001ffffffff000000003500000001ffffffff000000003700000001ffffffff000000003b00000001ffffffff010000003c0000000100000008000000003d0000000100000008000000003e000000010000000800,51418884759,0,226000000,0,25709442348,4662182362,t,2026-09-24 20:27:00.866163+00,226
2e8c8ca9-f30b-4a70-a205-a17bb7dd3fab,9ac44ac0-c7f6-4b33-a402-c9e92e17392b,227000000,4,2,1000000,64,64,9,\x0003061e363330180a0d1b090c0f273f3c392124162e2b2810021a080b1931341c0e2614223a3d2f1d352311292c3e3b382a2d1f372517051301040715122032,\x0002042040000204208002200011200001021020000980880004094202152011600181006100112081804000603008c0004120800008108005004600042010084004088000020201,1,\x0000000e0000002100000001ffffffff000000002a00000001ffffffff010000002b0000000100000008000000002d0000000100000008000000002e00000001000000080000000034000000010000000800000000360000000100000008000000003700000001000000080000000038000000010000000800000000390000000100000008000000003b0000000100000008000000003c0000000100000008000000003d0000000100000008000000003e000000010000000800,51558746337,0,227000000,0,25779373137,4674333927,t,2026-09-24 20:27:58.823078+00,227
6ccff2ba-53c8-4472-a77a-aef417d9edef,9ac44ac0-c7f6-4b33-a402-c9e92e17392b,228000000,4,2,1000000,64,64,9,\x0003061e363330180a0d1b090c0f273f3c392124162e2b2810021417051301190b0e263e3b382a1c1f2d1507041220081a32351d2f2c29112331343725223a3d,\x00020420400002042080022000112000010210200009808800040942021d88000201880284021020000102a060411000010401010220020804002200030420021004080082028100,1,\x0000000e0000002900000001ffffffff000000002b00000001ffffffff000000002c00000001ffffffff000000002d00000001ffffffff000000002f00000001ffffffff000000003100000001ffffffff000000003300000001ffffffff000000003600000001ffffffff000000003700000001ffffffff000000003800000001ffffffff000000003900000001ffffffff000000003b00000001ffffffff000000003d0000000200000008010000003e000000010000000800,51753629163,0,228000000,0,25876814550,4692078946,t,2026-09-24 20:29:20.526699+00,228
df572b1a-6f8b-4129-b542-24e114bc9e56,9ac44ac0-c7f6-4b33-a402-c9e92e17392b,229000000,4,2,1000000,64,64,9,\x0003061e363330180a0d1b090c0f273f3c392124162e2b2810223a3d251301041c193134371f07152d2a383b291123351d2f170502142c3e260e0b081a322012,\x0002042040000204208002200011200001021020000980880004094206110800440488000d2010081000081004042020091002c80001500400010141800101408040802080000840,1,\x0000000b0000002400000001ffffffff000000002600000001ffffffff000000002a00000001ffffffff01000000330000000100000008000000003700000001000000080000000038000000010000000800000000390000000100000008000000003a0000000100000008000000003c0000000100000008000000003d0000000100000008000000003e000000010000000800,51953842681,0,229000000,0,25976921309,4710158362,t,2026-09-24 20:30:44.97451+00,229
6332bc7d-96e2-4a89-b156-2f10538ea62c,9ac44ac0-c7f6-4b33-a402-c9e92e17392b,230000000,4,2,1000000,64,64,9,\x0003061e363330180a0d1b090c0f273f3c392124162e2b2810223a3d2f1d353220382a2d151204071f1c0e263e3b230b081a2c29111402051725373431190113,\x00020420400002042080022000112000010210200009808800040942061108000c0e01086008000a820402a000042800a24000021834100408800024008800021008800001081001,1,\x0000000c0000002500000001ffffffff000000002700000001ffffffff000000003000000001ffffffff000000003300000001ffffffff000000003400000001ffffffff000000003600000001ffffffff000000003800000001ffffffff000000003a0000000200000005010000003b0000000100000008000000003c0000000100000008000000003d0000000100000008000000003e000000010000000800,52097985103,0,230000000,0,26048992520,4722994557,t,2026-09-24 20:31:45.298637+00,230
b08e5a8d-cfca-4fbd-a26b-0a03659786e4,9ac44ac0-c7f6-4b33-a402-c9e92e17392b,231000000,4,2,1000000,64,64,9,\x0003061e363330180a0d1b090c0f273f3c392124162e2b2810223431191c0e0b0820321a0205130104071f3725171411292c3a3d2f1d3523263e3b382a12152d,\x00020420400002042080022000112000010210200009808800040942061d88002408200a100c08080224000310010210200082100509040220080008040110010840800028480002,1,\x0000000c0000002700000001ffffffff000000002b00000001ffffffff000000003200000001ffffffff000000003300000001ffffffff000000003400000001ffffffff000000003500000001ffffffff000000003600000001ffffffff000000003800000001ffffffff000000003900000001ffffffff000000003b00000001ffffffff000000003d0000000200000008010000003e000000010000000800,52355569231,0,231000000,0,26177784584,4746764406,t,2026-09-24 20:33:33.300577+00,231
21a9f660-38e1-40f7-b12c-dffde9d08033,9ac44ac0-c7f6-4b33-a402-c9e92e17392b,232000000,4,2,1000000,64,64,9,\x0003061e363330180a0d1b090c0f273f3c392124162e2b281a32351d2f17051301191c1f07041220080b0e263e3b382a2d1523313437252210021411292c3a3d,\x000204204000020420800220001120000102102000098088000409c2080400220009080c300a140a460402820640020420400006044001802040102000080a200009804020008200,1,\x000000100000002500000001ffffffff000000002800000001ffffffff000000002a00000001ffffffff000000002e00000001ffffffff000000002f00000001ffffffff000000003000000001ffffffff000000003100000001ffffffff000000003300000001ffffffff000000003500000001ffffffff000000003700000001ffffffff0100000038000000010000000800000000390000000100000008000000003b0000000100000008000000003c0000000100000008000000003d0000000100000008000000003e000000010000000800,52562366673,0,232000000,0,26281183305,4765210441,t,2026-09-24 20:34:59.611587+00,232
f135df3e-2c10-4e15-bc2b-4e33c278b073,9ac44ac0-c7f6-4b33-a402-c9e92e17392b,233000000,4,2,1000000,64,64,9,\x0003061e363330180a0d1b090c0f273f3c392124162e2b281a32352311292c3e3b382a1220080b1d2f3d3a221013010407152d1f1c0e26140205172537343119,\x000204204000020420800220001120000102102000098088000409c20804008382c000011020000b8200488001021040000222908800011010004401120114200208402000020420,1,\x0000000d0000002400000001ffffffff000000002500000001ffffffff000000002a00000001ffffffff000000003100000001ffffffff000000003200000001ffffffff000000003500000002000000080100000038000000010000000800000000390000000100000008000000003a0000000100000008000000003b0000000100000008000000003c0000000100000008000000003d0000000100000008000000003e000000010000000800,52717437727,0,233000000,0,26358718832,4778816291,t,2026-09-24 20:36:04.259597+00,233
960129a9-7f2a-4bff-9b76-26d6bc389784,9ac44ac0-c7f6-4b33-a402-c9e92e17392b,234000000,4,2,1000000,64,64,9,\x0003061e363330180a0d1b090c0f273f3c392124162e2b281a080b0e1c2a2d1f3725131002051d353220383b292c3e2634223a3d2f1714112331190104071512,\x000204204000020420800220001120000102102000098088000409c2480408c020430240046090800028800102104010081022880020086010080008080408021000011220000208,1,\x0000000e0000002800000001ffffffff000000002a00000001ffffffff000000002e00000001ffffffff000000003200000001ffffffff000000003300000001ffffffff000000003400000001ffffffff000000003500000001ffffffff000000003600000001ffffffff000000003700000001ffffffff000000003900000001ffffffff000000003a00000001ffffffff000000003b00000001ffffffff000000003d0000000200000003010000003e000000010000000800,52890017257,0,234000000,0,26445008597,4793832386,t,2026-09-24 20:37:15.662876+00,234
8f8a011a-4130-4efc-9879-dfb2c1d9365a,9ac44ac0-c7f6-4b33-a402-c9e92e17392b,235000000,4,2,1000000,64,64,9,\x0003061e363330180a0d1b090c0f273f3c392124162e2b281a080b2320382a2d3b3e260e1c041215071f3734311901131022251705021411292c3a3d2f1d3532,\x000204204000020420800220001120000102102000098088000409c2480478a0c340a0200802000182a00a8200800810800001081001100405200402820008040220080008040108,0,\x000000110000001d00000001ffffffff000000002300000001ffffffff000000002600000001ffffffff000000002700000001ffffffff000000002800000001ffffffff000000002900000001ffffffff000000002c00000001ffffffff000000002d00000001ffffffff000000002e00000001ffffffff000000003500000001ffffffff000000003700000001ffffffff000000003800000001ffffffff000000003a00000001ffffffff000000003b00000001ffffffff000000003c00000001ffffffff000000003d00000001ffffffff000000003e00000001ffffffff00,53044886569,0,235000000,0,26522443253,4807086121,t,2026-09-24 20:38:19.75908+00,235
4bd7be8a-86c4-4d96-9dab-d97e693c12e0,9ac44ac0-c7f6-4b33-a402-c9e92e17392b,236000000,4,2,1000000,64,64,9,\x0003061e363330180a0d1b090c0f273f3c392124162e2b281a1d0b0820323523150704122a383b2d1f37253d2f1705021411292c3a221013011931341c0e263e,\x000204204000020420800220001120000102102000098088000409c2ca98814040400010a820514040004100408008c020000908080c0a201008a000088800200810080004100102,1,\x000000100000001b00000001ffffffff000000001d00000001ffffffff000000001e00000001ffffffff000000002300000001ffffffff000000002500000001ffffffff000000002700000001ffffffff000000003100000001ffffffff000000003200000001ffffffff00000000340000000200000008010000003600000001000000080000000037000000010000000800000000380000000100000008000000003a0000000100000008000000003c0000000100000008000000003d0000000100000008000000003e000000010000000800,53424845749,0,236000000,0,26712422843,4842961303,t,2026-09-24 20:41:00.107037+00,236
e2b440e6-b607-44b5-8801-e07cb916002d,9ac44ac0-c7f6-4b33-a402-c9e92e17392b,237000000,4,2,1000000,64,64,9,\x0003061e363330180a0d1b090c0f273f3c392124162e2b193134223a281a080b0e1c0401131002051714263e2c291123351d2f3d25371f0715122a2d3b382032,\x00020420400002042080022000112000010210200009808800041904028420100218890001182481200002a00006380820002202100102a008400044001020082810088000021001,1,\x0000000d0000002300000001ffffffff000000002500000001ffffffff000000002e00000001ffffffff000000003100000002000000080100000032000000010000000800000000330000000100000008000000003400000001000000080000000035000000010000000800000000370000000100000008000000003b0000000100000008000000003c0000000100000008000000003d0000000100000008000000003e000000010000000800,53769291493,0,237000000,0,26884645715,4876136169,t,2026-09-24 20:43:25.692901+00,237
b42b2e75-32b3-40e5-aa5e-820befccec0c,9ac44ac0-c7f6-4b33-a402-c9e92e17392b,238000000,4,2,1000000,64,64,9,\x0003061e363330180a0d1b090c0f273f3c392124162e2b19312311293b382a2d15071f1c0e0b1d353220081a020517142210283a3d2f2c3e2634372513010412,\x00020420400002042080022000112000010210200009808800041904028920202002b000402011a0000c82040210400011802480000a0e4410101000100401401004000102440004,1,\x0000000d0000002700000001ffffffff000000002a0000000200000007010000003200000001000000080000000035000000010000000800000000360000000100000008000000003700000001000000080000000038000000010000000800000000390000000100000008000000003a0000000100000008000000003b0000000100000008000000003c0000000100000008000000003d0000000100000008000000003e000000010000000800,54203588915,0,238000000,0,27101794426,4918311524,t,2026-09-24 20:46:28.10749+00,238
ef96c586-fe60-4c14-bd02-f9759e15fa5e,9ac44ac0-c7f6-4b33-a402-c9e92e17392b,239000000,4,2,1000000,64,64,9,\x0003061e363330180a0d1b090c0f273f3c392124162e2b19312315071f37253d2f1705021a32351d0b0820383b2d2a1204011310283a2c3e260e1c3422141129,\x000204204000020420800220001120000102102000098088000419040289034480000c02908080e0e0a0400020202010201000100420802008804040003001408020200002100402,1,\x0000000f0000002600000001ffffffff000000002700000001ffffffff000000002900000001ffffffff000000002d00000001ffffffff000000002f00000001ffffffff000000003100000001ffffffff000000003200000001ffffffff000000003400000001ffffffff0000000037000000020000000401000000390000000100000008000000003a0000000100000008000000003b0000000100000008000000003c0000000100000008000000003d0000000100000008000000003e000000010000000800,54379642219,0,239000000,0,27189821078,4933778697,t,2026-09-24 20:47:40.564328+00,239
f6c02088-e86a-4ad4-a445-fa9acea7d3f5,9ac44ac0-c7f6-4b33-a402-c9e92e17392b,240000000,4,2,1000000,64,64,9,\x0003061e363330180a0d1b090c0f273f3c392124162e2b190113100205172f3d25223a281a1d353220080b0e1c1f373431231114263e2c293b2d150704122a38,\x00020420400002042080022000112000010210200009808800041944064020144000010440241000012800010820800408c020080108100085082080000808022041010401010104,1,\x0000000d0000002300000001ffffffff000000002700000001ffffffff000000002900000001ffffffff000000002e00000001ffffffff000000003000000001ffffffff000000003400000001ffffffff000000003600000001ffffffff000000003700000001ffffffff000000003900000001ffffffff010000003b0000000100000008000000003c0000000100000008000000003d0000000100000008000000003e000000010000000800,54820455813,0,240000000,0,27410227875,4977172403,t,2026-09-24 20:50:48.617782+00,240
00727004-b40f-41e0-9b5d-6bd7ae930b0d,9ac44ac0-c7f6-4b33-a402-c9e92e17392b,241000000,4,2,1000000,64,64,9,\x0003061e363330180a0d1b090c0f273f3c392124162e2b19011325371f07041c34312311293b2d15122a3820080b0e263e2c1a32351d2f3d3a28100205171422,\x0002042040000204208002200011200001021020000980880004194406481200040804028420001241404024201008200022244000020440a4211000880004104000111440000404,1,\x0000000e0000002100000001ffffffff000000002700000001ffffffff000000002900000001ffffffff000000002a00000001ffffffff000000002e00000001ffffffff000000003000000001ffffffff000000003300000001ffffffff000000003400000001ffffffff000000003700000001ffffffff000000003900000001ffffffff000000003b00000001ffffffff010000003c0000000100000008000000003d0000000100000008000000003e000000010000000800,55057993039,0,241000000,0,27528996488,4999316632,t,2026-09-24 20:52:29.280677+00,241
8532e6cb-8bb4-4025-a5c1-bdee04a37846,9ac44ac0-c7f6-4b33-a402-c9e92e17392b,242000000,4,2,1000000,64,64,9,\x0003061e363330180a0d1b090c0f273f3c392124162e2b191c0e0b081a1d353220382a12152d3b2911140205130104071f37342210283a3d25172f2c3e262331,\x000204204000020420800220001120000102102000098088000419c500418060a001010820080002128800a21040068008a000448000040840800582808000400011802000080404,0,\x0000000f0000001f00000001ffffffff000000002d00000001ffffffff000000002e00000001ffffffff000000002f00000001ffffffff000000003000000001ffffffff000000003300000001ffffffff000000003400000001ffffffff000000003500000001ffffffff000000003800000001ffffffff000000003900000001ffffffff000000003a00000001ffffffff000000003b00000001ffffffff000000003c00000001ffffffff000000003d00000001ffffffff000000003e00000001ffffffff00,55432090239,0,242000000,0,27716045088,5034577430,t,2026-09-24 20:55:08.781268+00,242
ae90ed37-23e2-4d0a-829b-1e24336a4692,9ac44ac0-c7f6-4b33-a402-c9e92e17392b,243000000,4,2,1000000,64,64,9,\x0003061e363330180a0d1b090c0f273f3c392124162e2b130104071f37253d3a2214172f2c291123151220382a2d3b3e263431191c0e0b081a281002051d3532,\x0002042040000204208002200011200001021020000980880004392002042040000401086044052000410210018a2830301028008200401040001200100408021800011480000108,1,\x0000000e0000002600000001ffffffff000000002d00000001ffffffff000000002e00000001ffffffff000000002f00000001ffffffff000000003200000001ffffffff000000003400000001ffffffff000000003500000001ffffffff000000003700000001ffffffff00000000390000000200000008010000003a0000000100000008000000003b0000000100000008000000003c0000000100000008000000003d0000000100000008000000003e000000010000000800,55737971443,0,243000000,0,27868985690,5062169535,t,2026-09-24 20:57:16.973524+00,243
a3a0882c-892f-42ad-8055-dcc10230f51b,9ac44ac0-c7f6-4b33-a402-c9e92e17392b,244000000,4,2,1000000,64,64,9,\x0003061e363330180a0d1b090c0f273f3c392124162e2b1301040715122a3820080b19313437253d2f1d0517142210021a32352311293b2d1f1c0e263e2c3a28,\x00020420400002042080022000112000010210200009808800043920020460008140022042022420102000180290c010110001010940040804000182c00040802000224000040210,1,\x0000000d0000002b00000001ffffffff000000002f00000001ffffffff000000003100000002000000030100000032000000010000000800000000340000000100000008000000003700000001000000080000000038000000010000000800000000390000000100000008000000003a0000000100000008000000003b0000000100000008000000003c0000000100000008000000003d0000000100000008000000003e000000010000000800,55898257415,0,244000000,0,27949128676,5076743305,t,2026-09-24 20:58:24.461289+00,244
55161ed4-230e-4071-a256-ec121c83f70a,9ac44ac0-c7f6-4b33-a402-c9e92e17392b,245000000,4,2,1000000,64,64,9,\x0003061e363330180a0d1b090c0f273f3c392124162e2b13010412152d2a3820080b2331191c0e2634223a3d2f2c3e3b2911140210281a32351d051725371f07,\x00020420400002042080022000112000010210200009808800043920022408400802822042023c7000240020020c429408000c8e0008208004088180002002018000118040001020,1,\x000000110000001c00000001ffffffff0100000024000000010000000800000000260000000100000008000000002e0000000100000008000000002f000000010000000800000000300000000100000008000000003100000001000000080000000034000000010000000800000000350000000100000008000000003700000001000000080000000038000000010000000800000000390000000100000008000000003a0000000100000008000000003b0000000100000008000000003c0000000100000008000000003d0000000100000008000000003e000000010000000800,56072566557,0,245000000,0,28036283247,5092451562,t,2026-09-24 20:59:37.808901+00,245
aba127d8-0342-4484-bf82-4fd9e0347a44,9ac44ac0-c7f6-4b33-a402-c9e92e17392b,246000000,4,2,1000000,64,64,9,\x0003061e363330180a0d1b090c0f273f3c392124162e2b130119313437253d3a22140205172f2c3e260e1c04122a2d1f07152311293b3820080b1d35321a2810,\x000204204000020420800220001120000102102000098088000439200a100810000401086040cd482080000401408020089280400240401020004140000420420208200001080220,0,\x0000000e0000002300000001ffffffff000000002400000001ffffffff000000002f00000001ffffffff000000003000000001ffffffff000000003100000001ffffffff000000003300000001ffffffff000000003400000001ffffffff000000003500000001ffffffff000000003600000001ffffffff000000003900000001ffffffff000000003b00000001ffffffff000000003c00000001ffffffff000000003d00000001ffffffff000000003e00000001ffffffff00,56295934819,0,246000000,0,28147967378,5112987363,t,2026-09-24 21:01:12.647038+00,246
b7a4dd08-3b8c-47f7-a847-514020a0e425,9ac44ac0-c7f6-4b33-a402-c9e92e17392b,247000000,4,2,1000000,64,64,9,\x0003061e363330180a0d1b090c0f273f3c392124162e2b1301193134223a3d25371f07041c0e0b0820382a12152d3b3e261417050210281a32352311292c2f1d,\x000204204000020420800220001120000102102000098088000439200a100810a2440020028000814000100508040c00021280008200406004200101010140040280004120400010,1,\x0000000b0000002000000001ffffffff000000002b00000001ffffffff000000002d00000001ffffffff000000003500000001ffffffff000000003600000001ffffffff000000003800000001ffffffff000000003a0000000200000006010000003b0000000100000008000000003c0000000100000008000000003d0000000100000008000000003e000000010000000800,56424901059,0,247000000,0,28212450498,5124577778,t,2026-09-24 21:02:06.322768+00,247
e69695a6-1a71-48f4-bdaa-9cd0746d6a5f,9ac44ac0-c7f6-4b33-a402-c9e92e17392b,248000000,4,2,1000000,64,64,9,\x0003061e363330180a0d1b090c0f273f3c392124162e2b130119312335321a1d050210283a3d2f17252214260e0b0820120407152d1f37341c2a383b3e2c2911,\x000204204000020420800220001120000102102000098088000439200a10082400029814602020202020002020082408b2c004020402840205404000120108401020081000040420,1,\x0000000d0000002300000001ffffffff000000002b00000001ffffffff010000002d0000000100000008000000002e00000001000000080000000033000000010000000800000000360000000100000008000000003700000001000000080000000038000000010000000800000000390000000100000008000000003a0000000100000008000000003c0000000100000008000000003d0000000100000008000000003e000000010000000800,56581002085,0,248000000,0,28290501011,5138507472,t,2026-09-24 21:03:10.895078+00,248
a6009b45-1660-448b-8c92-67460b5b7776,9ac44ac0-c7f6-4b33-a402-c9e92e17392b,249000000,4,2,1000000,64,64,9,\x0003061e363330180a0d1b090c0f273f3c392124162e2b1301190b0e263e3b3820081a32351d2f3d25170502142210283a2c2911233134371f2d15122a1c0407,\x000204204000020420800220001120000102102000098088000439200a100a4080000408c0800820100088100450048180a080030802020041002200418000401040814400109000,1,\x0000000f0000002100000001ffffffff000000002300000001ffffffff000000002a00000001ffffffff000000002e00000001ffffffff000000002f00000001ffffffff000000003000000001ffffffff000000003100000001ffffffff000000003200000001ffffffff000000003300000001ffffffff000000003500000001ffffffff000000003700000001ffffffff000000003b00000001ffffffff010000003c0000000100000008000000003d0000000100000008000000003e000000010000000800,56722878281,0,249000000,0,28361439109,5150954358,t,2026-09-24 21:04:09.018413+00,249
129196eb-9af3-45be-ba33-4098a0e9d1c2,9ac44ac0-c7f6-4b33-a402-c9e92e17392b,250000000,4,2,1000000,64,64,9,\x0003061e363330180a0d1b090c0f273f3c392124162e2b1301191c0e26230b0820382a2d151204071f37253d2f17051d35321a2c3e3b2911140210283a223431,\x000204204000020420800220001120000102102000098088000439200a14024681871a08040c000a820402a0000408c0200009080802042000512200020820014020202000880008,1,\x000000100000001e00000001ffffffff0100000025000000010000000800000000260000000100000008000000002700000001000000080000000028000000010000000800000000300000000100000008000000003100000001000000080000000034000000010000000800000000350000000100000008000000003600000001000000080000000037000000010000000800000000390000000100000008000000003b0000000100000008000000003c0000000100000008000000003d0000000100000008000000003e000000010000000800,56892141685,0,250000000,0,28446070811,5165675151,t,2026-09-24 21:05:19.610253+00,250
46fb5a4c-4f3a-45f0-8d59-05389dd9707a,9ac44ac0-c7f6-4b33-a402-c9e92e17392b,251000000,4,2,1000000,64,64,9,\x0003061e363330180a0d1b090c0f273f3c392124162e2b1310281a08203235230b1d2f3d3a22251705021411292c3e260e1c1f3734311901040715122a383b2d,\x000204204000020420800220001120000102102000098088000439300808225140400030680608410001480041202008804020800028401054200001021020010220804020410040,1,\x0000000f0000001d00000001ffffffff000000002800000001ffffffff000000002900000001ffffffff000000002b00000001ffffffff000000002d00000001ffffffff000000003000000001ffffffff000000003300000001ffffffff000000003400000001ffffffff000000003500000001ffffffff000000003600000001ffffffff000000003700000001ffffffff000000003900000001ffffffff000000003b00000001ffffffff000000003d0000000200000008010000003e000000010000000800,57147066047,0,251000000,0,28573532992,5189157630,t,2026-09-24 21:07:06.894834+00,251
10dc59fa-7b81-41b4-a1fa-ce6e25bd303e,9ac44ac0-c7f6-4b33-a402-c9e92e17392b,252000000,4,2,1000000,64,64,9,\x0003061e363330180a0d1b090c0f273f3c392124162e2b1305172f3d25223a2c3e3b2911140210281a080b1d353220382a120407152d1f37343123260e1c1901,\x000204204000020420800220001120000102102000098088000439b00410400044020150022080001200040202804a041040000208028082048a80800020021020000a0004010420,1,\x0000000e0000002200000001ffffffff000000002600000001ffffffff000000002700000001ffffffff000000002b00000001ffffffff000000002d00000001ffffffff000000002f00000001ffffffff000000003300000001ffffffff0100000035000000010000000800000000370000000100000008000000003a0000000100000008000000003b0000000100000008000000003c0000000100000008000000003d0000000100000008000000003e000000010000000800,57525885599,0,252000000,0,28762942768,5224809135,t,2026-09-24 21:09:47.21452+00,252
aa82fe67-3a54-44d1-ab6f-3526de3dd8e2,9ac44ac0-c7f6-4b33-a402-c9e92e17392b,253000000,4,2,1000000,64,64,9,\x0003061e363330180a0d1b090c0f273f3c392124162e2b13050210281a32351d2f3d3a22341c0e263e2c141725371f2d2a383b2911233119010407151220080b,\x000204204000020420800220001120000102102000098088000439b024202020884000200210400032201a2002044040098040001024101004000144000220400204400001019000,1,\x0000000c0000002b00000001ffffffff000000002c00000001ffffffff000000002d00000001ffffffff000000003300000001ffffffff000000003400000001ffffffff000000003600000001ffffffff00000000380000000200000007010000003a0000000100000008000000003b0000000100000008000000003c0000000100000008000000003d0000000100000008000000003e000000010000000800,57824412649,0,253000000,0,28912206293,5253015532,t,2026-09-24 21:11:53.312966+00,253
fd018214-3364-4ba6-a346-cdc794e366d5,9ac44ac0-c7f6-4b33-a402-c9e92e17392b,254000000,4,2,1000000,64,64,9,\x0003061e363330180a0d1b090c0f273f3c392124162e2b13051d35321a0210283a2c3e260e1c1f37253d2f17142234312311293b2d2a1215070401190b082038,\x000204204000020420800220001120000102102000098088000439b02c108000060d020202820d800204430002300800020201810008c04010100009029200802040200008020102,1,\x000000110000001f00000001ffffffff000000002900000001ffffffff000000002a00000001ffffffff000000002b00000001ffffffff000000002d00000001ffffffff000000002e00000001ffffffff000000003100000001ffffffff000000003200000001ffffffff000000003600000001ffffffff010000003700000001000000080000000038000000010000000800000000390000000100000008000000003a0000000100000008000000003b0000000100000008000000003c0000000100000008000000003d0000000100000008000000003e000000010000000800,58095359401,0,254000000,0,29047679669,5278148366,t,2026-09-24 21:13:47.182265+00,254
98404442-1ffe-49b9-947a-f2519d72949d,9ac44ac0-c7f6-4b33-a402-c9e92e17392b,255000000,4,2,1000000,64,64,9,\x0003061e363330180a0d1b090c0f273f3c392124162e2b1325172f3d3a2210281a080b190104071f1c0e263e2c1402051d353220382a12152d3b291123313437,\x000204204000020420800220001120000102102000098088000439b20c914000010c08028048045800244000021c00112000020a8800040840004100109000041080002200418000,1,\x000000100000001b00000001ffffffff000000001f00000001ffffffff000000002400000001ffffffff000000002800000001ffffffff01000000290000000100000008000000002e0000000100000008000000002f000000010000000800000000300000000100000008000000003200000001000000080000000036000000010000000800000000380000000100000008000000003a0000000100000008000000003b0000000100000008000000003c0000000100000008000000003d0000000100000008000000003e000000010000000800,58490494941,0,255000000,0,29245247439,5315554197,t,2026-09-24 21:16:34.176969+00,255
085ac889-f9d7-4588-8e16-55697d735e81,9ac44ac0-c7f6-4b33-a402-c9e92e17392b,256000000,4,2,1000000,64,64,9,\x0003061e363330180a0d1b090c0f273f3c392124162e2b1d353220382a2d1f071512041c1901132537343123260e0b081a0205171411293b3e2c2f3d3a281022,\x000204204000020420800220001120000102102000098088000479042080200028083222082000a20009880049022040005406080408029004104001020101014004400001041001,1,\x0000000f0000002100000001ffffffff000000002500000001ffffffff000000002800000001ffffffff000000002a00000001ffffffff000000002d00000001ffffffff000000002e00000001ffffffff000000002f00000001ffffffff000000003200000001ffffffff000000003500000001ffffffff000000003700000001ffffffff000000003800000001ffffffff000000003a00000001ffffffff000000003b00000001ffffffff000000003d0000000200000006010000003e000000010000000800,58672190575,0,256000000,0,29336095256,5331353267,t,2026-09-24 21:17:49.751276+00,256
28591196-e74c-451b-823f-6a1418d0fdb8,9ac44ac0-c7f6-4b33-a402-c9e92e17392b,257000000,4,2,1000000,64,64,9,\x0003061e363330180a0d1b090c0f273f3c392124162e2b1d353220081a2c29112331190b0e1c34371f0704011310283a22253d2f17050214263e3b382a2d1512,\x000204204000020420800220001120000102102000098088000479042080203240c90420031000011480418100408060802040120101410210000404040401020840800028001008,1,\x0000000d0000002300000001ffffffff000000002b00000001ffffffff000000002e00000001ffffffff000000003200000001ffffffff000000003300000001ffffffff000000003500000001ffffffff000000003600000001ffffffff000000003700000001ffffffff000000003800000001ffffffff000000003900000001ffffffff000000003b00000001ffffffff000000003d0000000200000006010000003e000000010000000800,58855262047,0,257000000,0,29427630992,5348159693,t,2026-09-24 21:19:05.999109+00,257
644d3a94-eeca-456e-a409-8d8a6a5a8cd9,9ac44ac0-c7f6-4b33-a402-c9e92e17392b,258000000,4,2,1000000,64,64,9,\x0003061e363330180a0d1b090c0f273f3c392124162e2b1d35321a283a3d2f2c1417050210130104122a3820080b19312311293b3e260e1c342225371f2d1507,\x000204204000020420800220001120000102102000098088000479042080412020002008520280808020808800090a20000224400202814010101000081004044004100004011040,1,\x0000000b0000002300000001ffffffff000000002c00000001ffffffff000000003100000001ffffffff000000003200000001ffffffff000000003400000001ffffffff000000003600000001ffffffff000000003900000001ffffffff000000003a00000001ffffffff000000003b00000001ffffffff000000003d0000000200000006010000003e000000010000000800,59016365623,0,258000000,0,29508182780,5361995068,t,2026-09-24 21:20:12.143262+00,258
96885fa0-c57d-4fc6-afdb-304eb19eb9b5,9ac44ac0-c7f6-4b33-a402-c9e92e17392b,259000000,4,2,1000000,64,64,9,\x0003061e363330180a0d1b090c0f273f3c392124162e2b1d35321a28101301191c2a383b3e2c291114260e0b08201204071f2d152331343725223a3d2f170502,\x000204204000020420800220001120000102102000098088000479042080412024108802859221081200040420014600810081402040010820008200418000202010080008080808,0,\x000000100000002600000001ffffffff000000002900000001ffffffff000000002a00000001ffffffff000000002c00000001ffffffff000000002f00000001ffffffff000000003200000001ffffffff000000003300000001ffffffff000000003400000001ffffffff000000003500000001ffffffff000000003700000001ffffffff000000003900000001ffffffff000000003a00000001ffffffff000000003b00000001ffffffff000000003c00000001ffffffff000000003d00000001ffffffff000000003e00000001ffffffff00,59144235517,0,259000000,0,29572117727,5373042715,t,2026-09-24 21:21:04.902385+00,259
e64cb865-09f4-4242-957b-9a8342e3c580,9ac44ac0-c7f6-4b33-a402-c9e92e17392b,260000000,4,2,1000000,64,64,9,\x0003061e363330180a0d1b090c0f273f3c392124162e2b1d35321a0205172f3d3a28101301193134372522142c3e260e0b0820382a2d3b29112315071f1c0412,\x0002042040000204208002200011200001021020000980880004790420804113400001041040000920a2008100014040004440001020102010201028180210400400824400021004,1,\x0000000b0000002100000001ffffffff000000002900000001ffffffff000000002a00000001ffffffff000000003100000001ffffffff000000003700000001ffffffff000000003800000001ffffffff000000003900000001ffffffff000000003b00000001ffffffff010000003c0000000100000008000000003d0000000100000008000000003e000000010000000800,59306336917,0,260000000,0,29653168427,5387607022,t,2026-09-24 21:22:11.997974+00,260
18329b80-cdba-4ad6-b0a7-061187bdcc7d,9ac44ac0-c7f6-4b33-a402-c9e92e17392b,261000000,4,2,1000000,64,64,9,\x0003061e363330180a0d1b090c0f273f3c392124162e2b1d352331191c1f2d2a12150704011305172f3d2537342210021411293b3820321a080b0e263e2c3a28,\x00020420400002042080022000112000010210200009808800047904602000122c101308480200820041002001041000110001040942022010100001880020280204204000040210,1,\x0000000f0000002100000001ffffffff000000002200000001ffffffff000000002300000001ffffffff000000002400000001ffffffff000000002b00000001ffffffff000000003100000001ffffffff000000003400000001ffffffff000000003600000001ffffffff0000000038000000020000000801000000390000000100000008000000003a0000000100000008000000003b0000000100000008000000003c0000000100000008000000003d0000000100000008000000003e000000010000000800,59480210787,0,261000000,0,29740105362,5402904243,t,2026-09-24 21:23:23.791208+00,261
0a94f6b8-f115-42a4-8afb-10eec686ff8c,9ac44ac0-c7f6-4b33-a402-c9e92e17392b,262000000,4,2,1000000,64,64,9,\x0003061e363330180a0d1b090c0f273f3c392124162e2b1d2f3d25371f0715120401130517142c29112335321a0210283a223431191c2a2d3b3820080b0e263e,\x00020420400002042080022000112000010210200009808800047906104011000408020a802008002400820f0d400408800006080202028008800024008200082200011220000102,1,\x0000000f0000002400000001ffffffff000000002800000001ffffffff000000002a00000001ffffffff000000002d00000001ffffffff000000002f00000001ffffffff000000003000000001ffffffff000000003100000001ffffffff000000003300000001ffffffff000000003700000001ffffffff00000000390000000200000008010000003a0000000100000008000000003b0000000100000008000000003c0000000100000008000000003d0000000100000008000000003e000000010000000800,59785069331,0,262000000,0,29892534634,5431358926,t,2026-09-24 21:25:30.991495+00,262
1208c79c-1586-4391-b041-d76cc506b9a4,9ac44ac0-c7f6-4b33-a402-c9e92e17392b,263000000,4,2,1000000,64,64,9,\x0003061e363330180a0d1b090c0f273f3c392124162e2b1d05172f3d3a2810223437251301041220080b0e263e2c291114021a3235233b382a2d15071f1c1931,\x000204204000020420800220001120000102102000098088000479460410400001049041030280000122408206460204204000040420014010201000040308800200014400020402,0,\x0000000e0000002200000001ffffffff000000002300000001ffffffff000000003000000001ffffffff000000003100000001ffffffff000000003200000001ffffffff000000003300000001ffffffff000000003400000001ffffffff000000003600000001ffffffff000000003700000001ffffffff000000003a00000001ffffffff000000003b00000001ffffffff000000003c00000001ffffffff000000003d00000001ffffffff000000003e00000001ffffffff00,60131957873,0,263000000,0,30065978905,5463978904,t,2026-09-24 21:27:56.757026+00,263
ce6bfa3c-61e9-4dd7-96a2-1c964f072fd7,9ac44ac0-c7f6-4b33-a402-c9e92e17392b,264000000,4,2,1000000,64,64,9,\x0003061e363330180a0d1b090c0f273f3c392124162e2b1d05021a32352311292c3e260e0b0820383b2d2a1215071f1c19313437252214172f3d3a2810130104,\x000204204000020420800220001120000102102000098088000479463430201000040a0203064001030102010201004100120010010a50080408008216a000041040000124008800,1,\x000000100000001c00000001ffffffff000000002500000001ffffffff000000002800000001ffffffff000000002c00000001ffffffff000000003000000001ffffffff010000003100000001000000080000000033000000010000000800000000360000000100000008000000003700000001000000080000000038000000010000000800000000390000000100000008000000003a0000000100000008000000003b0000000100000008000000003c0000000100000008000000003d0000000100000008000000003e000000010000000800,60506526479,0,264000000,0,30253263208,5499657907,t,2026-09-24 21:30:35.15251+00,264
1a93828e-7b4c-4de4-81ae-7a8ee458aac0,9ac44ac0-c7f6-4b33-a402-c9e92e17392b,265000000,4,2,1000000,64,64,9,\x0003061e363330180a0d1b090c0f273f3c392124162e2b1d0b081a0210283a3d25371f07152d2a383b29111422341c0412203235233119011305172f2c3e260e,\x000204204000020420800220001120000102102000098088000479662208609280808000c00400018280000404014200098040001468081008080002011020020009200041001020,1,\x000000100000001d00000001ffffffff000000002c00000001ffffffff000000002f00000001ffffffff0100000030000000010000000800000000320000000100000008000000003300000001000000080000000035000000010000000800000000360000000100000008000000003700000001000000080000000038000000010000000800000000390000000100000008000000003a0000000100000008000000003b0000000100000008000000003c0000000100000008000000003d0000000100000008000000003e000000010000000800,60814105779,0,265000000,0,30407052858,5527992663,t,2026-09-24 21:32:43.889404+00,265
9428462c-d003-48a7-8de3-ecfbfb2d3076,9ac44ac0-c7f6-4b33-a402-c9e92e17392b,266000000,4,2,1000000,64,64,9,\x0003061e363330180a0d1b090c0f273f3c392124162e2b1d1a2810223a2c2911140205172f3d25371f2d150704122a383b3e26341c0e0b082032352331190113,\x000204204000020420800220001120000102102000098088000479761808194420d00420014004104000011011509060010401010104010200410005100408040404008100081001,1,\x0000000e0000002100000001ffffffff000000002400000001ffffffff000000002500000001ffffffff000000002700000001ffffffff010000002b000000010000000800000000310000000100000008000000003500000001000000080000000037000000010000000800000000390000000100000008000000003a0000000100000008000000003b0000000100000008000000003c0000000100000008000000003d0000000100000008000000003e000000010000000800,61104619895,0,266000000,0,30552309916,5554285823,t,2026-09-24 21:34:44.845686+00,266
450bbe89-2cca-49fc-b6fe-d8866842fd4b,9ac44ac0-c7f6-4b33-a402-c9e92e17392b,267000000,4,2,1000000,64,64,9,\x0003061e363330180a0d1b090c0f273f3c392124162e1c0e263e3b382a2d151204071f37343123353220080b1d1a282b19011310223a3d2f2c29111402051725,\x000204204000020420800220001120000102102000098088000c4004084080002800300880021020000102300110400009a0400282002080088020a8400060102000090022800004,1,\x0000000b0000002100000001ffffffff000000002200000001ffffffff000000002900000001ffffffff000000003000000001ffffffff000000003100000001ffffffff000000003700000001ffffffff01000000390000000100000008000000003a0000000100000008000000003c0000000100000008000000003d0000000100000008000000003e000000010000000800,61336860757,0,267000000,0,30668430347,5575967581,t,2026-09-24 21:36:22.67712+00,267
d0e35504-11c2-4cac-a821-08872f9c003b,9ac44ac0-c7f6-4b33-a402-c9e92e17392b,268000000,4,2,1000000,64,64,9,\x0003061e363330180a0d1b090c0f273f3c392124162e1c0e263e3b382a12203235233134371f2d15070401132b1d2f2c2911142210283a3d251705021a080b19,\x000204204000020420800220001120000102102000098088000c4004084080002848220101402008100008022080204030604996182c108004485082808000400081804000440004,1,\x000000100000002600000001ffffffff000000002700000001ffffffff000000002800000001ffffffff000000002900000001ffffffff000000002d00000001ffffffff010000003000000001000000080000000031000000010000000800000000360000000100000008000000003700000001000000080000000038000000010000000800000000390000000100000008000000003a0000000100000008000000003b0000000100000008000000003c0000000100000008000000003d0000000100000008000000003e000000010000000800,61472927573,0,268000000,0,30736463755,5588625761,t,2026-09-24 21:37:19.072242+00,268
7f43adbe-9db7-4748-83b7-563bab50cba7,9ac44ac0-c7f6-4b33-a402-c9e92e17392b,269000000,4,2,1000000,64,64,9,\x0003061e363330180a0d1b090c0f273f3c392124162e1c0e263e3b3820080b1d2b13051725371f2d2a120407152335321a0210283a3d2f2c2911142234311901,\x000204204000020420800220001120000102102000098088000c4004084080004c4800074ee48012c0400014041080040a8000810008409020202020002008108004402000021020,1,\x0000000f0000002800000001ffffffff000000002b0000000200000004010000002c0000000100000008000000002e0000000100000008000000002f00000001000000080000000033000000010000000800000000350000000100000008000000003600000001000000080000000038000000010000000800000000390000000100000008000000003a0000000100000008000000003b0000000100000008000000003c0000000100000008000000003d0000000100000008000000003e000000010000000800,61576529191,0,269000000,0,30788264564,5597398228,t,2026-09-24 21:38:01.314423+00,269
d997af8a-a62d-48d9-81f7-9164602cb5ee,9ac44ac0-c7f6-4b33-a402-c9e92e17392b,270000000,4,2,1000000,64,64,9,\x0003061e363330180a0d1b090c0f273f3c392124162e1c0e263e3b2911230b0820382a2d1f0715120401193134221417050210132b281a32351d2f2c3a3d2537,\x000204204000020420800220001120000102102000098088000c400408408001648012080408000a008c08020880201020102004a9002c2020086000822002018008808020001001,1,\x0000000d0000002100000001ffffffff000000002600000001ffffffff000000002700000001ffffffff000000002800000001ffffffff000000002b00000001ffffffff000000002d00000001ffffffff010000003700000001000000080000000038000000010000000800000000390000000100000008000000003b0000000100000008000000003c0000000100000008000000003d0000000100000008000000003e000000010000000800,61743353341,0,270000000,0,30871676639,5612841172,t,2026-09-24 21:39:10.091301+00,270
659e73d6-3bb5-4660-81fb-b40698832571,9ac44ac0-c7f6-4b33-a402-c9e92e17392b,271000000,4,2,1000000,64,64,9,\x0003061e363330180a0d1b090c0f273f3c392124162e1c0e263e3b2d2a38202335321a2810021411292c2f1725371f071512040113051d2b3d3a223431190b08,\x000204204000020420800220001120000102102000098088000c40040840800501019061022000412104d00008040224008242001020082000822000100104022000110001082008,1,\x000000110000001d00000001ffffffff000000002100000001ffffffff000000002300000001ffffffff0100000027000000010000000800000000280000000100000008000000002e0000000100000008000000003000000001000000080000000031000000010000000800000000320000000100000008000000003500000001000000080000000038000000010000000800000000390000000100000008000000003a0000000100000008000000003b0000000100000008000000003c0000000100000008000000003d0000000100000008000000003e000000010000000800,61893324983,0,271000000,0,30946662460,5626073543,t,2026-09-24 21:40:11.703654+00,271
922e2586-9d5d-41bc-b493-57e09c8f2bf7,9ac44ac0-c7f6-4b33-a402-c9e92e17392b,272000000,4,2,1000000,64,64,9,\x0003061e363330180a0d1b090c0f273f3c392124162e1c0e263e3b2d15122a3820080b1d2f2c29112335321a283a3d2b193134371f0704011325170502142210,\x000204204000020420800220001120000102102000098088000c4004084080050d1201044084047060000b0420020440008240400010200804080004080408020440020141000210,1,\x0000000d0000001e00000001ffffffff000000001f00000001ffffffff000000002600000001ffffffff000000002900000001ffffffff000000002a00000001ffffffff000000003100000001ffffffff000000003400000001ffffffff000000003500000001ffffffff000000003600000001ffffffff000000003700000001ffffffff000000003b00000001ffffffff000000003d0000000200000003010000003e000000010000000800,62013012279,0,272000000,0,31006506108,5635950265,t,2026-09-24 21:41:00.90157+00,272
ddff733d-08c3-46c7-be8e-c57e4d230e8e,9ac44ac0-c7f6-4b33-a402-c9e92e17392b,273000000,4,2,1000000,64,64,9,\x0003061e363330180a0d1b090c0f273f3c392124162e1c0e263e2c291114021a3235233b382a1220080b193134371f2d1507040113253d3a2210282b1d2f1705,\x000204204000020420800220001120000102102000098088000c400408c0800024408806040280210001581004400228201020001004400041802040122508404010080048001010,1,\x0000000e0000002700000001ffffffff000000002800000001ffffffff000000002b00000001ffffffff000000002f00000001ffffffff000000003000000001ffffffff000000003100000001ffffffff000000003200000001ffffffff000000003300000001ffffffff000000003800000001ffffffff000000003900000001ffffffff000000003a00000001ffffffff000000003b00000001ffffffff000000003d0000000200000006010000003e000000010000000800,62196846329,0,273000000,0,31098423133,5652917366,t,2026-09-24 21:42:16.147287+00,273
aaf5fa7f-6e82-4aa4-8853-df6257c4b33c,9ac44ac0-c7f6-4b33-a402-c9e92e17392b,274000000,4,2,1000000,64,64,9,\x0003061e363330180a0d1b090c0f273f3c392124162e1c0e263e2c2f3d3a223431192b281a32351d050210130104071f3725171411293b382a2d151220230b08,\x000204204000020420800220001120000102102000098088000c400408c088800002180111800881008c400020602420080022400002044000820081800008800200818020001008,1,\x0000000b0000002a00000001ffffffff000000002c00000001ffffffff000000003000000001ffffffff000000003100000001ffffffff000000003200000001ffffffff000000003300000001ffffffff000000003500000001ffffffff000000003900000001ffffffff000000003b00000001ffffffff000000003d0000000200000006010000003e000000010000000800,62339191021,0,274000000,0,31169595479,5665534637,t,2026-09-24 21:43:14.839459+00,274
e174aeff-d7f0-48c3-9d70-3636f2e6e93d,9ac44ac0-c7f6-4b33-a402-c9e92e17392b,275000000,4,2,1000000,64,64,9,\x0003061e363330180a0d1b090c0f273f3c392124162e1c0e263e2c2f17051d1a080b193134223a282b3d25371f2d2a383b291123353220121507040113100214,\x000204204000020420800220001120000102102000098088000c400408c088800406051e240220201020048110010400110004090404014000192000020840010041802000022001,0,\x0000000e0000002900000001ffffffff000000002b00000001ffffffff000000003100000001ffffffff000000003300000001ffffffff000000003400000001ffffffff000000003500000001ffffffff000000003600000001ffffffff000000003800000001ffffffff000000003900000001ffffffff000000003a00000001ffffffff000000003b00000001ffffffff000000003c00000001ffffffff000000003d00000001ffffffff000000003e00000001ffffffff00,62447411445,0,275000000,0,31223705691,5674466119,t,2026-09-24 21:43:58.717068+00,275
73cf7538-2b64-4c62-b577-1d32d9e26443,9ac44ac0-c7f6-4b33-a402-c9e92e17392b,276000000,4,2,1000000,64,64,9,\x0003061e363330180a0d1b090c0f273f3c392124162e1c0e263e2c3a3d2f1705130104122a2d1f07152331192b281a080b1d353220383b291114021022343725,\x000204204000020420800220001120000102102000098088000c400408c0c8100010101c1c440448402001302008103808220002b012010410800082400010400280402060400010,1,\x0000000f0000002700000001ffffffff000000002800000001ffffffff000000003000000001ffffffff000000003100000001ffffffff000000003200000001ffffffff000000003300000001ffffffff000000003400000001ffffffff000000003500000001ffffffff000000003600000001ffffffff000000003700000001ffffffff000000003800000001ffffffff000000003a00000001ffffffff000000003b00000001ffffffff000000003d0000000200000008010000003e000000010000000800,62559725713,0,276000000,0,31279862825,5683647770,t,2026-09-24 21:44:44.209411+00,276
3e93a8c0-ead3-4c90-9ed1-363fe5b79ff2,9ac44ac0-c7f6-4b33-a402-c9e92e17392b,277000000,4,2,1000000,64,64,9,\x0003061e363330180a0d1b090c0f273f3c392124162e1c0e263e2c3a281a32351d2f171422100205130104071f3734312311293b382a2d151220080b192b3d25,\x000204204000020420800220001120000102102000098088000c400408c0c8102218810040042081814304a000084c04084080000408c04010100001580020101000098040800020,1,\x0000000e0000002600000001ffffffff000000002700000001ffffffff000000002e0000000200000005010000003100000001000000080000000032000000010000000800000000360000000100000008000000003700000001000000080000000038000000010000000800000000390000000100000008000000003a0000000100000008000000003b0000000100000008000000003c0000000100000008000000003d0000000100000008000000003e000000010000000800,62674530711,0,277000000,0,31337265324,5693041469,t,2026-09-24 21:45:30.884469+00,277
de981610-c6cd-4504-a822-39be46b0a352,9ac44ac0-c7f6-4b33-a402-c9e92e17392b,278000000,4,2,1000000,64,64,9,\x0003061e363330180a0d1b090c0f273f3c392124162e1c0e263e2c1411293b3820122a2d1f373431192b3d3a281a32352315070401132522100205172f1d0b08,\x000204204000020420800220001120000102102000098088000c400408c0c80281800008c0841108008c000408408409800002188100200001820041800008200005104000040808,1,\x0000000e0000001d00000001ffffffff000000002200000001ffffffff000000002e000000020000000501000000310000000100000008000000003200000001000000080000000033000000010000000800000000340000000100000008000000003700000001000000080000000038000000010000000800000000390000000100000008000000003b0000000100000008000000003c0000000100000008000000003d0000000100000008000000003e000000010000000800,62779591363,0,278000000,0,31389795650,5701631707,t,2026-09-24 21:46:13.670955+00,278
2ba6e5b7-73fa-41ae-aa11-b3e07f086c91,9ac44ac0-c7f6-4b33-a402-c9e92e17392b,279000000,4,2,1000000,64,64,9,\x0003061e363330180a0d1b090c0f273f3c392124162e1c0e263e2c1a080b192b3d2f17051d35322012152331343725130104071f2d2a383b2911140210223a28,\x000204204000020420800220001120000102102000098088000c400408c0c84322000223122081c14180000410840a31421020000810200204208000028200208004008140000110,1,\x0000000f0000002400000001ffffffff000000002600000001ffffffff000000002b00000001ffffffff000000003000000001ffffffff000000003100000001ffffffff000000003200000001ffffffff000000003300000001ffffffff000000003500000001ffffffff000000003600000001ffffffff000000003700000001ffffffff000000003800000001ffffffff000000003900000001ffffffff000000003b00000001ffffffff000000003d0000000200000002010000003e000000010000000800,62916065899,0,279000000,0,31458032918,5713253813,t,2026-09-24 21:47:09.509904+00,279
8d4a1b84-f0cd-40ba-a8d3-335adaf9a1dc,9ac44ac0-c7f6-4b33-a402-c9e92e17392b,280000000,4,2,1000000,64,64,9,\x0003061e363330180a0d1b090c0f273f3c392124162e1c0e2634311901040715122a2d1f3725132b2810223a3d2f1d051714021a32352311292c3e3b3820080b,\x000204204000020420800220001120000102102000098088000c40041844000224400006100804004400040d02128008201000101c32022080206020000810040208800001089000,1,\x0000000d0000002300000001ffffffff000000002400000001ffffffff000000002c00000001ffffffff000000003000000001ffffffff000000003200000001ffffffff000000003500000001ffffffff0000000037000000020000000601000000390000000100000008000000003a0000000100000008000000003b0000000100000008000000003c0000000100000008000000003d0000000100000008000000003e000000010000000800,63108879645,0,280000000,0,31554439791,5730787521,t,2026-09-24 21:48:30.079994+00,280
35b6c840-6c2f-458d-aefe-c6344fdf342e,9ac44ac0-c7f6-4b33-a402-c9e92e17392b,281000000,4,2,1000000,64,64,9,\x0003061e363330180a0d1b090c0f273f3c392124162e1c0e263431230b0820122a383b3e2c29111422251310021a32351d05172f3d3a282b19010407152d1f37,\x000204204000020420800220001120000102102000098088000c40041844002606030143051004080002029000094a988200a8008100408008208000028800208004088080002002,1,\x000000130000002100000001ffffffff000000002300000001ffffffff000000002500000001ffffffff000000002600000001ffffffff000000002a00000001ffffffff010000002e0000000100000008000000002f00000001000000080000000031000000010000000800000000320000000100000008000000003300000001000000080000000035000000010000000800000000360000000100000008000000003700000001000000080000000038000000010000000800000000390000000100000008000000003a0000000100000008000000003c0000000100000008000000003d0000000100000008000000003e000000010000000800,63276105393,0,281000000,0,31638052665,5745936576,t,2026-09-24 21:49:39.561462+00,281
fefab42d-8c48-4655-9fc5-89d91ccc8344,9ac44ac0-c7f6-4b33-a402-c9e92e17392b,282000000,4,2,1000000,64,64,9,\x0003061e363330180a0d1b090c0f273f3c392124162e1c0e261411293b3e2c2f1d0517251301041215071f2d2a382032352331190b081a0210282b3d3a223437,\x000204204000020420800220001120000102102000098088000c4004584020302000880068c808406003448004050011600001011001014020080208820020080c04100001888000,1,\x0000000f0000001d00000001ffffffff000000002200000001ffffffff000000002900000001ffffffff000000002b0000000200000008010000002c0000000100000008000000002d000000010000000800000000300000000100000008000000003400000001000000080000000035000000010000000800000000370000000100000008000000003a0000000100000008000000003b0000000100000008000000003c0000000100000008000000003d0000000100000008000000003e000000010000000800,63453032447,0,282000000,0,31726516192,5761670009,t,2026-09-24 21:50:52.722554+00,282
dca33845-8ec8-4b65-adef-5ea2c0817e10,9ac44ac0-c7f6-4b33-a402-c9e92e17392b,283000000,4,2,1000000,64,64,9,\x0003061e363330180a0d1b090c0f273f3c392124162e1c0e2614223a3d2f17253734312311292c3e3b382a1220080b192b2810021a32351d0513010407152d1f,\x000204204000020420800220001120000102102000098088000c400458e43010001810040220400006824000011020000a9240480004422000095480400020401080081080010140,1,\x0000000c0000002100000001ffffffff000000002400000001ffffffff000000002700000001ffffffff000000003500000001ffffffff000000003600000001ffffffff000000003700000001ffffffff000000003800000001ffffffff000000003900000001ffffffff000000003a00000001ffffffff000000003b00000001ffffffff000000003d0000000200000008010000003e000000010000000800,63712853099,0,283000000,0,31856426518,5785335683,t,2026-09-24 21:52:40.687805+00,283
72ff1436-5436-4740-8e58-72cbfd212e9d,9ac44ac0-c7f6-4b33-a402-c9e92e17392b,284000000,4,2,1000000,64,64,9,\x0003061e363330180a0d1b090c0f273f3c392124162e1c0e26233134221411292c3e3b382a2d15071f372517050210132b3d3a281a080b190104122032351d2f,\x000204204000020420800220001120000102102000098088000c400478280810a2140402030440800028001048040880004402028200240440000188440004400220402020001001,1,\x0000000e0000001e00000001ffffffff000000002100000001ffffffff000000002800000001ffffffff000000002900000001ffffffff0000000032000000020000000701000000330000000100000008000000003700000001000000080000000038000000010000000800000000390000000100000008000000003a0000000100000008000000003b0000000100000008000000003c0000000100000008000000003d0000000100000008000000003e000000010000000800,63894929775,0,284000000,0,31947464856,5800859611,t,2026-09-24 21:53:55.161124+00,284
df927545-5131-402b-9a2f-afcf8e9c5140,9ac44ac0-c7f6-4b33-a402-c9e92e17392b,285000000,4,2,1000000,64,64,9,\x0003061e363330180a0d1b090c0f273f3c392124162e1c0e0b08203235233134263e3b382a120407152d1f37251705021422101301192b1d2f3d3a281a2c2911,\x000204204000020420800220001120000102102000098088000c401420101010000c822081084080002848a00008080022008212090e023080080082800049021040000148000420,0,\x0000000d0000002300000001ffffffff000000002800000001ffffffff000000002900000001ffffffff000000002a00000001ffffffff000000002b00000001ffffffff000000003100000001ffffffff000000003400000001ffffffff000000003500000001ffffffff000000003900000001ffffffff000000003b00000001ffffffff000000003c00000001ffffffff000000003d00000001ffffffff000000003e00000001ffffffff00,64155540779,0,285000000,0,32077770358,5825263303,t,2026-09-24 21:55:42.590278+00,285
aaeb4bcd-c0ee-4c68-8b30-807ccedf452a,9ac44ac0-c7f6-4b33-a402-c9e92e17392b,286000000,4,2,1000000,64,64,9,\x0003061e363330180a0d1b090c0f273f3c392124162e1c0e0b0820382a120407152d1f3734311901132b2810223a3d25172f2c291114263e3b23351d05021a32,\x000204204000020420800220001120000102102000098088000c4014201030000808a0000c0800220001021020020c480022a04000208008c0902024800002108008800204020102,1,\x0000000a0000002200000001ffffffff000000002700000001ffffffff000000002f00000001ffffffff000000003700000001ffffffff000000003800000001ffffffff000000003900000001ffffffff000000003b00000001ffffffff010000003c0000000100000008000000003d0000000100000008000000003e000000010000000800,64304739235,0,286000000,0,32152369586,5838620399,t,2026-09-24 21:56:44.012967+00,286
dfb57cad-5595-457b-99a2-7379d6c6f2e3,9ac44ac0-c7f6-4b33-a402-c9e92e17392b,287000000,4,2,1000000,64,64,9,\x0003061e363330180a0d1b090c0f273f3c392124162e1c0e0b0820382a1215070401193134221002051325371f2d3b3e262335321a2c291114172f1d2b283a3d,\x000204204000020420800220001120000102102000098088000c40142010300008482042102010201020148942011008100004018200402008800064010420010210008140828000,1,\x0000000c0000002000000001ffffffff000000002b00000001ffffffff000000002c00000001ffffffff000000002d00000001ffffffff000000003300000001ffffffff000000003600000001ffffffff000000003700000001ffffffff000000003800000001ffffffff000000003900000001ffffffff000000003b00000001ffffffff000000003d0000000200000008010000003e000000010000000800,64403720381,0,287000000,0,32201860159,5847331323,t,2026-09-24 21:57:25.157583+00,287
cc9fea2d-2715-4b3e-9db1-6b3bc98ee3dc,9ac44ac0-c7f6-4b33-a402-c9e92e17392b,288000000,4,2,1000000,64,64,9,\x0003061e363330180a0d1b090c0f273f3c392124162e1c0e0b0820383b3e263431190104122a2d15071f3725172f3d2b283a221013051d1a02142c2911233532,\x000204204000020420800220001120000102102000098088000c4014201030102800100411800009908040002080081000418b00021850040001110010010a440410800044800008,1,\x0000000b0000002500000001ffffffff000000002800000001ffffffff000000002900000001ffffffff000000002a00000001ffffffff000000003400000001ffffffff00000000380000000200000008010000003a0000000100000008000000003b0000000100000008000000003c0000000100000008000000003d0000000100000008000000003e000000010000000800,64536337139,0,288000000,0,32268168538,5859420045,t,2026-09-24 21:58:20.439051+00,288
3a1f7f84-b848-43f7-8b2c-13bffa409646,9ac44ac0-c7f6-4b33-a402-c9e92e17392b,289000000,4,2,1000000,64,64,9,\x0003061e363330180a0d1b090c0f273f3c392124162e1c0e0b0820122a383b291123263e2c2f3d3a281a32351d2b131022140205172537343119010407152d1f,\x000204204000020420800220001120000102102000098088000c4014201030440041801040042c220022000208208211080004011808820681082000810008108000091080010140,1,\x0000000f0000001d00000001ffffffff000000002300000001ffffffff000000002a00000001ffffffff000000002b00000001ffffffff000000003200000001ffffffff000000003300000001ffffffff000000003400000001ffffffff000000003500000001ffffffff000000003700000001ffffffff000000003800000001ffffffff000000003900000001ffffffff000000003a00000001ffffffff000000003b00000001ffffffff000000003d0000000200000008010000003e000000010000000800,64652427533,0,289000000,0,32326213735,5869392355,t,2026-09-24 21:59:07.903671+00,289
7dbeaedf-bf4c-4540-a591-7cb41374d634,9ac44ac0-c7f6-4b33-a402-c9e92e17392b,290000000,4,2,1000000,64,64,9,\x0003061e363330180a0d1b090c0f273f3c392124162e1c0e0b082012152d2a383b3e26233134371f070401192b3d2f1d35321a283a2c29111422100205172513,\x000204204000020420800220001120000102102000098088000c40142010305488100404010200c1a020400020402040202040003410042000412000100420011284001440000210,1,\x0000000d0000001e00000001ffffffff000000001f00000001ffffffff000000002700000001ffffffff000000002800000001ffffffff000000002900000001ffffffff000000002b00000001ffffffff000000003000000001ffffffff000000003100000001ffffffff000000003600000001ffffffff000000003700000001ffffffff000000003b00000001ffffffff000000003d0000000200000003010000003e000000010000000800,64777370005,0,290000000,0,32388684971,5879737563,t,2026-09-24 21:59:59.455462+00,290
c2e9656d-0711-4eb0-85ab-d953240c11b9,9ac44ac0-c7f6-4b33-a402-c9e92e17392b,291000000,4,2,1000000,64,64,9,\x0003061e363330180a0d1b090c0f273f3c392124162e1c0e0b081a32351d0502101301193134223a282b3d2f1725371f0704122023152d2a383b3e261411292c,\x000204204000020420800220001120000102102000098088000c40142018201000881008080a80286020408802200208000604810020402020685000100108080204000282028100,1,\x0000000b0000002800000001ffffffff000000002900000001ffffffff000000002d00000001ffffffff000000002e00000001ffffffff000000003100000001ffffffff000000003500000001ffffffff000000003700000001ffffffff000000003800000001ffffffff000000003b00000001ffffffff000000003d0000000200000008010000003e000000010000000800,64953470867,0,291000000,0,32476735402,5895855561,t,2026-09-24 22:01:11.804237+00,291
b5be555e-99e0-483a-a8e3-8c8743cc2038,9ac44ac0-c7f6-4b33-a402-c9e92e17392b,292000000,4,2,1000000,64,64,9,\x0003061e363330180a0d1b090c0f273f3c392124162e1c0e0b081a283a3d2f2c3e26141705021013011931342225371f070412152d2a383b2911232032351d2b,\x000204204000020420800220001120000102102000098088000c401420186020200028080280a0088002028201260a18080022800020402020084000028200208008802020001004,0,\x0000000d0000002500000001ffffffff000000002a00000001ffffffff000000002c00000001ffffffff000000002d00000001ffffffff000000002e00000001ffffffff000000003100000001ffffffff000000003500000001ffffffff000000003800000001ffffffff000000003900000001ffffffff000000003b00000001ffffffff000000003c00000001ffffffff000000003d00000001ffffffff000000003e00000001ffffffff00,65099433989,0,292000000,0,32549716963,5908862615,t,2026-09-24 22:02:12.193082+00,292
9089eaf0-00b3-405d-be86-d794c996254e,9ac44ac0-c7f6-4b33-a402-c9e92e17392b,293000000,4,2,1000000,64,64,9,\x0003061e363330180a0d1b090c0f273f3c392124162e1c0e0b081a28100214223a3d25371f2d2a383b292c3e263431192b1d2f17051301040715122032352311,\x000204204000020420800220001120000102102000098088000c40142018602004d0800d040280110005090404014204110004010420028009000202018800011040402020000810,1,\x0000000d0000002a00000001ffffffff010000002b0000000100000008000000002d0000000100000008000000003200000001000000080000000033000000010000000800000000340000000100000008000000003500000001000000080000000036000000010000000800000000380000000100000008000000003a0000000100000008000000003c0000000100000008000000003d0000000100000008000000003e000000010000000800,65206028091,0,293000000,0,32603014014,5917524516,t,2026-09-24 22:02:55.605451+00,293
0623b372-38f2-4236-b07e-ccbf4813f057,9ac44ac0-c7f6-4b33-a402-c9e92e17392b,294000000,4,2,1000000,64,64,9,\x0003061e363330180a0d1b090c0f273f3c392124162e1c0e0b081a020517253d3a282b13102234371f2d2a1215070401193123261411293b382032351d2f2c3e,\x000204204000020420800220001120000102102000098088000c401420186012400003039040040103418080004090404012001004080408000a4002028101118008080044000401,1,\x0000000f0000002400000001ffffffff000000002700000001ffffffff000000002d00000001ffffffff000000002e00000001ffffffff000000002f00000001ffffffff000000003000000001ffffffff000000003100000001ffffffff000000003500000001ffffffff0000000038000000020000000801000000390000000100000008000000003a0000000100000008000000003b0000000100000008000000003c0000000100000008000000003d0000000100000008000000003e000000010000000800,65322681527,0,294000000,0,32661340732,5927072910,t,2026-09-24 22:03:43.065343+00,294
224bbcc9-ef24-480c-b0f4-d445a88dd486,9ac44ac0-c7f6-4b33-a402-c9e92e17392b,295000000,4,2,1000000,64,64,9,\x0003061e363330180a0d1b090c0f273f3c392124162e1c0e0b081a0210282b3d2f1d0517251301193123353220382a120407152d1f3734263e3b2911142c3a22,\x000204204000020420800220001120000102102000098088000c40142018609280c00011904010118000040802040209800082002020800220200088000450042080001280000220,1,\x0000000c0000002500000001ffffffff000000002700000001ffffffff000000002a00000001ffffffff000000002b00000001ffffffff000000003000000001ffffffff000000003200000001ffffffff000000003400000001ffffffff000000003500000001ffffffff000000003900000001ffffffff000000003b00000001ffffffff000000003d0000000200000003010000003e000000010000000800,65426712573,0,295000000,0,32713356255,5935554063,t,2026-09-24 22:04:25.427621+00,295
bc9d0d58-9af2-45f1-9c9b-266c9721c32f,9ac44ac0-c7f6-4b33-a402-c9e92e17392b,296000000,4,2,1000000,64,64,9,\x0003061e363330180a0d1b090c0f273f3c392124162e1c0e0b081a1d353220382a2d1f0715120401193123263e3b2911142c2f3d3a282b131002051725223437,\x000204204000020420800220001120000102102000098088000c401420186842000208028082002282000220080408042a4100020820010804400201440020100005108040828000,1,\x0000000b0000001d00000001ffffffff000000002500000001ffffffff000000002600000001ffffffff000000002d00000001ffffffff000000002f00000001ffffffff000000003600000001ffffffff000000003900000001ffffffff000000003a00000001ffffffff000000003b00000001ffffffff000000003d0000000200000008010000003e000000010000000800,65539722245,0,296000000,0,32769861091,5944905368,t,2026-09-24 22:05:11.445647+00,296
6d7195aa-2495-4c44-aa45-2dba7eb4c744,9ac44ac0-c7f6-4b33-a402-c9e92e17392b,297000000,4,2,1000000,64,64,9,\x0003061e363330180a0d1b090c0f273f3c392124162e1c0e0b081a2c3e262315071f2d3b291114172f3d2b283a221002051d353220382a120401132537343119,\x000204204000020420800220001120000102102000098088000c40142018782200080e5f8008304000024880100410c0812000c80840010810800082002020802008102000020420,1,\x000000100000002400000001ffffffff000000002500000001ffffffff000000002c00000001ffffffff000000002f00000001ffffffff000000003100000001ffffffff000000003200000001ffffffff000000003300000001ffffffff000000003500000001ffffffff000000003600000001ffffffff000000003700000001ffffffff000000003800000001ffffffff000000003a0000000200000002010000003b0000000100000008000000003c0000000100000008000000003d0000000100000008000000003e000000010000000800,65673869297,0,297000000,0,32836934617,5956383532,t,2026-09-24 22:06:06.278473+00,297
91cac7f0-9fb5-40bc-ab41-9fdfac5895e6,9ac44ac0-c7f6-4b33-a402-c9e92e17392b,298000000,4,2,1000000,64,64,9,\x0003061e363330180a0d1b090c0f273f3c392124162e1c0e0b193134262311292c3e3b382a1220081a32351d2b281013010407152d1f372522140205172f3d3a,\x000204204000020420800220001120000102102000098088000c4014301008108882080203044080002848022002080400a200829040200204404000100110140881082080000208,0,\x000000100000002100000001ffffffff000000002700000001ffffffff000000002900000001ffffffff000000002a00000001ffffffff000000003000000001ffffffff000000003100000001ffffffff000000003300000001ffffffff000000003400000001ffffffff000000003500000001ffffffff000000003600000001ffffffff000000003900000001ffffffff000000003a00000001ffffffff000000003b00000001ffffffff000000003c00000001ffffffff000000003d00000001ffffffff000000003e00000001ffffffff00,65829646321,0,298000000,0,32914823129,5970207983,t,2026-09-24 22:07:11.055309+00,298
76052c13-e04f-4e86-b824-3b4a311a3ed0,9ac44ac0-c7f6-4b33-a402-c9e92e17392b,299000000,4,2,1000000,64,64,9,\x0003061e363330180a0d1b090c0f273f3c392124162e1c0e0b1901041215071f2d2a383b291114021022343123263e2c2f1705132b1d353220081a283a3d2537,\x000204204000020420800220001120000102102000098088000c401430100990a00020020c2020081002c88011090608880028000110098080406040120108208008402020001001,1,\x0000000d0000001e00000001ffffffff000000002100000001ffffffff000000002b0000000200000008010000002d0000000100000008000000002e0000000100000008000000003600000001000000080000000038000000010000000800000000390000000100000008000000003a0000000100000008000000003b0000000100000008000000003c0000000100000008000000003d0000000100000008000000003e000000010000000800,66020373947,0,299000000,0,33010186942,5987554537,t,2026-09-24 22:08:30.73313+00,299
add651b1-2e02-433e-b382-5271fa85d3f1,9ac44ac0-c7f6-4b33-a402-c9e92e17392b,300000000,4,2,1000000,64,64,9,\x0003061e363330180a0d1b090c0f273f3c392124162e1c0e0b1d35321a0820383b292c3e2634223a3d2f1725371f2d2a12150704011310282b19312311140205,\x000204204000020420800220001120000102102000098088000c40143410800006040102814204110004410c022100014120000802084002008200c1002502014010000422008800,1,\x000000100000001d00000001ffffffff000000002300000001ffffffff000000002900000001ffffffff000000002c00000001ffffffff000000002f00000001ffffffff000000003200000001ffffffff000000003300000001ffffffff000000003600000001ffffffff010000003700000001000000080000000038000000010000000800000000390000000100000008000000003a0000000100000008000000003b0000000100000008000000003c0000000100000008000000003d0000000100000008000000003e000000010000000800,66215433263,0,300000000,0,33107716600,6005250355,t,2026-09-24 22:09:52.489195+00,300
344b8bee-56ee-4591-a08a-13d35c20b378,9ac44ac0-c7f6-4b33-a402-c9e92e17392b,301000000,4,2,1000000,64,64,9,\x0003061e363330180a0d1b090c0f273f3c392124162e1c0e0b1d051301040715122a383b291123353220081a02142210283a2c3e263431192b3d2f1725371f2d,\x000204204000020420800220001120000102102000098088000c40143418d1002240000610082408120a880001104000110044c10310040600120004010420020400028240001004,1,\x0000000f0000002400000001ffffffff0100000027000000010000000800000000290000000100000008000000002a0000000100000008000000002f00000001000000080000000033000000010000000800000000340000000100000008000000003600000001000000080000000037000000010000000800000000380000000100000008000000003a0000000100000008000000003b0000000100000008000000003c0000000100000008000000003d0000000100000008000000003e000000010000000800,66440460097,0,301000000,0,33220230017,6025556140,t,2026-09-24 22:11:26.164726+00,301
54a20353-9687-4ca4-abb0-997ca1d48d52,9ac44ac0-c7f6-4b33-a402-c9e92e17392b,302000000,4,2,1000000,64,64,9,\x0003061e363330180a0d1b090c0f273f3c392124162e1c0e0b2311292c2f3d2b13051d35321a0210283a223431190104071f37251714263e3b2d15122a382008,\x000204204000020420800220001120000102102000098088000c40143ca8203060000218f064192000010c1a04040400190401089000010810000108820002102001814000011020,1,\x000000110000002300000001ffffffff000000002600000001ffffffff0100000028000000010000000800000000290000000100000008000000002c0000000100000008000000002d0000000100000008000000002e0000000100000008000000003200000001000000080000000033000000010000000800000000340000000100000008000000003500000001000000080000000036000000010000000800000000370000000100000008000000003a0000000100000008000000003c0000000100000008000000003d0000000100000008000000003e000000010000000800,66674646855,0,302000000,0,33337323396,6046555780,t,2026-09-24 22:13:03.197713+00,302
2c515105-0187-40df-a3e2-a88af525297b,9ac44ac0-c7f6-4b33-a402-c9e92e17392b,303000000,4,2,1000000,64,64,9,\x0003061e363330180a0d1b090c0f273f3c392124162e1c1f37343123353220382a120407152d3b2911140210223a3d251301192b281a080b0e263e2c2f1d0517,\x000204204000020420800220001120000102102000098088008c400420400026000208028082040a80800082104002ac4820a0400820a04010100001108800010810001100041001,1,\x0000000d0000002300000001ffffffff000000002400000001ffffffff000000002500000001ffffffff000000002800000001ffffffff000000003100000001ffffffff000000003400000001ffffffff000000003600000001ffffffff000000003800000001ffffffff000000003900000001ffffffff000000003a00000001ffffffff000000003b00000001ffffffff000000003d0000000200000006010000003e000000010000000800,66931557667,0,303000000,0,33465778802,6069915359,t,2026-09-24 22:14:49.554019+00,303
adc85b0c-1aac-4dc9-8d1d-b802bbc6bf5f,9ac44ac0-c7f6-4b33-a402-c9e92e17392b,304000000,4,2,1000000,64,64,9,\x0003061e363330180a0d1b090c0f273f3c392124162e1c1f3725223431192b28100214172f3d3a2c3e260e0b081a32351d0513010407152d3b29112320382a12,\x000204204000020420800220001120000102102000098088008c4004605012000188100942020d084002010440028000810041408100408020001120000202184000110081002020,1,\x0000000d0000002500000001ffffffff000000002600000001ffffffff000000002a00000001ffffffff000000003000000001ffffffff000000003100000001ffffffff000000003200000001ffffffff000000003300000001ffffffff000000003500000001ffffffff000000003900000001ffffffff000000003a00000001ffffffff000000003b00000001ffffffff000000003d0000000200000007010000003e000000010000000800,67316826187,0,304000000,0,33658413062,6106705735,t,2026-09-24 22:17:31.991021+00,304
0608d1f8-54d1-4df4-8fc0-b117d1031d6b,9ac44ac0-c7f6-4b33-a402-c9e92e17392b,305000000,4,2,1000000,64,64,9,\x0003061e363330180a0d1b090c0f273f3c392124162e1c1f070401132b19313437252210020517142c3e260e0b081a283a3d2f1d353220382a12152d3b291123,\x000204204000020420800220001120000102102000098088008c4044204030600904810001405000412880000a160600010201820004020200024100020802808004208000041001,1,\x0000000c0000002000000001ffffffff000000002b00000001ffffffff000000002f00000001ffffffff000000003000000001ffffffff000000003100000001ffffffff000000003200000001ffffffff000000003300000001ffffffff000000003500000001ffffffff000000003900000001ffffffff000000003b00000001ffffffff000000003d0000000200000006010000003e000000010000000800,67599311905,0,305000000,0,33799655921,6133565869,t,2026-09-24 22:19:31.374145+00,305
fec18b21-7a67-4def-9b7b-3410ce53aaa5,9ac44ac0-c7f6-4b33-a402-c9e92e17392b,306000000,4,2,1000000,64,64,9,\x0003061e363330180a0d1b090c0f273f3c392124162e1c1f07152d2a383b3e2c29112335321a02102214260e0b082012040113051d2b283a3d2f172537343119,\x000204204000020420800220001120000102102000098088008c4044301080802040003010800c1000010c9a05070809000201020140802018006440010401010001412000020420,1,\x0000000e0000002000000001ffffffff000000002b00000001ffffffff000000002d00000001ffffffff000000002e00000001ffffffff000000002f00000001ffffffff000000003000000001ffffffff000000003600000002000000050100000037000000010000000800000000390000000100000008000000003a0000000100000008000000003b0000000100000008000000003c0000000100000008000000003d0000000100000008000000003e000000010000000800,67766480539,0,306000000,0,33883240238,6148017432,t,2026-09-24 22:20:40.981883+00,306
ceb4a33f-3b63-4a17-8062-c0c25dce9afd,9ac44ac0-c7f6-4b33-a402-c9e92e17392b,307000000,4,2,1000000,64,64,9,\x0003061e363330180a0d1b090c0f273f3c392124162e1c1f0715120401193134372522141705021a080b0e263e3b2d2a38202311292c2f3d3a2810132b1d3532,\x000204204000020420800220001120000102102000098088008c4044305000048100810001405020158004060624020420400006200808800c004120400004104000094000100108,1,\x0000000f0000001b00000001ffffffff000000002000000001ffffffff000000002a00000001ffffffff000000002e00000001ffffffff000000002f00000001ffffffff000000003000000001ffffffff000000003200000001ffffffff010000003300000001000000080000000034000000010000000800000000380000000100000008000000003a0000000100000008000000003b0000000100000008000000003c0000000100000008000000003d0000000100000008000000003e000000010000000800,67961827181,0,307000000,0,33980913559,6164840425,t,2026-09-24 22:22:02.006019+00,307
3c31ae21-bb24-4f5d-8403-b47681ff4a65,9ac44ac0-c7f6-4b33-a402-c9e92e17392b,308000000,4,2,1000000,64,64,9,\x0003061e363330180a0d1b090c0f273f3c392124162e1c1f2d2a12150704011931343725171402051310223a2c29112320383b3e260e0b081a282b3d2f1d3532,\x000204204000020420800220001120000102102000098088008c404c202009000802040204020400418b868e0008200820106a021001170804080004080408021804100008040108,1,\x000000100000001c00000001ffffffff000000001d00000001ffffffff000000002200000001ffffffff000000002a00000001ffffffff000000002e00000001ffffffff000000003100000001ffffffff000000003200000001ffffffff000000003300000001ffffffff000000003400000001ffffffff000000003500000001ffffffff000000003700000001ffffffff00000000390000000200000008010000003b0000000100000008000000003c0000000100000008000000003d0000000100000008000000003e000000010000000800,68238442801,0,308000000,0,34119221369,6190563333,t,2026-09-24 22:23:57.547555+00,308
9143ea87-839d-46c3-b347-5042d1c8b543,9ac44ac0-c7f6-4b33-a402-c9e92e17392b,309000000,4,2,1000000,64,64,9,\x0003061e363330180a0d1b090c0f273f3c392124162e1c1f2d150704011310281a32351d05021411293b382a1220080b0e263e2c2f17253734223a3d2b193123,\x000204204000020420800220001120000102102000098088008c404ca0008280c1000402830804008204828008040644000404019000010810001100080201104010080002040140,1,\x0000000f0000001a00000001ffffffff000000002500000001ffffffff000000002b00000001ffffffff000000002c00000001ffffffff000000002e00000001ffffffff000000003000000001ffffffff00000000320000000200000004010000003500000001000000080000000037000000010000000800000000390000000100000008000000003a0000000100000008000000003b0000000100000008000000003c0000000100000008000000003d0000000100000008000000003e000000010000000800,68446533545,0,309000000,0,34223266741,6209258452,t,2026-09-24 22:25:25.355944+00,309
f0ff7898-56c1-4c45-b6a5-194ad8f6cee2,9ac44ac0-c7f6-4b33-a402-c9e92e17392b,310000000,4,2,1000000,64,64,9,\x0003061e363330180a0d1b090c0f273f3c392124162e1c2a383b3e260e0b1d05172f3d25223a282b193134371f2d15070401131002142c29112335321a082012,\x000204204000020420800220001120000102102000098088008c440802040002048206230208208023c3008800200804080004011040103008800048000108400408800004040140,1,\x0000000e0000001c00000001ffffffff000000002a00000001ffffffff000000002b00000001ffffffff000000002d00000001ffffffff000000002f00000001ffffffff0000000031000000020000000801000000320000000100000008000000003300000001000000080000000037000000010000000800000000380000000100000008000000003a0000000100000008000000003c0000000100000008000000003d0000000100000008000000003e000000010000000800,68676713587,0,310000000,0,34338356762,6229256689,t,2026-09-24 22:27:00.630956+00,310
41c2ba52-3af4-46d6-882c-29c5f6760349,9ac44ac0-c7f6-4b33-a402-c9e92e17392b,311000000,4,2,1000000,64,64,9,\x0003061e363330180a0d1b090c0f273f3c392124162e1c2a383b2d151204071f37251301192b1d0b0e263e2c291114223a3d2f17050210281a08203235233134,\x000204204000020420800220001120000102102000098088008c440802840206015000020460d00241c0802433010810000101488004060200020202020202804010101000048200,0,\x000000120000001e00000001ffffffff000000001f00000001ffffffff000000002300000001ffffffff000000002800000001ffffffff000000002a00000001ffffffff000000002c00000001ffffffff000000003000000001ffffffff000000003100000001ffffffff000000003200000001ffffffff000000003300000001ffffffff000000003400000001ffffffff000000003600000001ffffffff000000003700000001ffffffff000000003900000001ffffffff000000003b00000001ffffffff000000003c00000001ffffffff000000003d00000001ffffffff000000003e00000001ffffffff00,68939319981,0,311000000,0,34469659959,6253309251,t,2026-09-24 22:28:49.979221+00,311
bd2d16af-fa2f-4b3a-87bb-4a3fb988348c,9ac44ac0-c7f6-4b33-a402-c9e92e17392b,312000000,4,2,1000000,64,64,9,\x0003061e363330180a0d1b090c0f273f3c392124162e1c2a3820081a32351d2f1705021022142c2911233b3e260e0b19313437253d3a282b1301041215071f2d,\x000204204000020420800220001120000102102000098088008c440882081940200010014840404070e010050d400410080004080404040204004100028800404004401080100104,1,\x0000000f0000001c00000001ffffffff000000002800000001ffffffff000000002b00000001ffffffff000000002d00000001ffffffff000000002e00000001ffffffff000000003000000001ffffffff000000003100000001ffffffff000000003500000001ffffffff000000003600000001ffffffff000000003700000001ffffffff000000003800000001ffffffff000000003900000001ffffffff000000003b00000001ffffffff000000003d0000000200000008010000003e000000010000000800,69222884575,0,312000000,0,34611442256,6279275276,t,2026-09-24 22:30:47.670558+00,312
377f0f23-89a4-4348-a32d-dc214dd41620,9ac44ac0-c7f6-4b33-a402-c9e92e17392b,313000000,4,2,1000000,64,64,9,\x0003061e363330180a0d1b090c0f273f3c392124162e1c2a2d1f07151204011931343725221002141705132b283a3d2f1d353220383b3e2c1a080b0e26231129,\x000204204000020420800220001120000102102000098088008c4409001141000110040204020400418144a101014020202041400040300840004320400010304004084000020802,1,\x0000000b0000001d00000001ffffffff000000002200000001ffffffff000000002a00000001ffffffff000000002e00000001ffffffff000000003400000001ffffffff0000000038000000020000000801000000390000000100000008000000003b0000000100000008000000003c0000000100000008000000003d0000000100000008000000003e000000010000000800,69587609389,0,313000000,0,34793804663,6312683959,t,2026-09-24 22:33:21.005471+00,313
eaa3b436-6eb5-4d5b-8bc8-2ce41a311e3e,9ac44ac0-c7f6-4b33-a402-c9e92e17392b,314000000,4,2,1000000,64,64,9,\x0003061e363330180a0d1b090c0f273f3c392124162e1c2a2d15233119011310223437251705021411292c3a282b3d2f1d35321a080b0e263e3b38201204071f,\x000204204000020420800220001120000102102000098088008c44098061521004c8000a86040400430804040110080c581022800040200840000222400002042040000208500002,0,\x000000100000002300000001ffffffff000000002800000001ffffffff000000002e00000001ffffffff000000002f00000001ffffffff000000003100000001ffffffff000000003300000001ffffffff000000003500000001ffffffff000000003600000001ffffffff000000003700000001ffffffff000000003800000001ffffffff000000003900000001ffffffff000000003a00000001ffffffff000000003b00000001ffffffff000000003c00000001ffffffff000000003d00000001ffffffff000000003e00000001ffffffff00,69962241193,0,314000000,0,34981120565,6347302290,t,2026-09-24 22:35:58.517853+00,314
7ac834da-6e5c-4c46-82dc-1d716febc111,9ac44ac0-c7f6-4b33-a402-c9e92e17392b,315000000,4,2,1000000,64,64,9,\x0003061e363330180a0d1b090c0f273f3c392124162e1c2a12152d1f0704011310020517142c291123263e3b3820081a32351d2f3d2b283a2225373431190b0e,\x000204204000020420800220001120000102102000098088008c4449021100040402040310080510c0c1c30420021e1080000188900104020011800006040140020880000108a000,1,\x000000110000001c00000001ffffffff000000001d00000001ffffffff000000002700000001ffffffff000000002a0000000200000006010000002b0000000100000008000000002c0000000100000008000000003000000001000000080000000031000000010000000800000000330000000100000008000000003600000001000000080000000037000000010000000800000000390000000100000008000000003a0000000100000008000000003b0000000100000008000000003c0000000100000008000000003d0000000100000008000000003e000000010000000800,70327970903,0,315000000,0,35163985420,6380644610,t,2026-09-24 22:38:32.629475+00,315
33ddb1c8-8d7b-49d8-b50e-b69e1843d4d4,9ac44ac0-c7f6-4b33-a402-c9e92e17392b,316000000,4,2,1000000,64,64,9,\x0003061e363330180a0d1b090c0f273f3c392124162e1c04071f37253d3a282b1d2f170502101301190b0e263e2c142234312311293b2d15122a3820081a3235,\x000204204000020420800220001120000102102000098088008c64010810804100028800e00400018101410010040805204000041c04022000124140002420100820000244008100,1,\x0000000e0000002600000001ffffffff000000002700000001ffffffff000000002a00000001ffffffff000000002f00000001ffffffff000000003000000001ffffffff000000003100000001ffffffff00000000330000000200000008010000003400000001000000080000000037000000010000000800000000390000000100000008000000003a0000000100000008000000003c0000000100000008000000003d0000000100000008000000003e000000010000000800,70719447631,0,316000000,0,35359723784,6416686578,t,2026-09-24 22:41:15.899995+00,316
ffda32aa-8f33-439c-bfec-eafe6cea095f,9ac44ac0-c7f6-4b33-a402-c9e92e17392b,317000000,4,2,1000000,64,64,9,\x0003061e363330180a0d1b090c0f273f3c392124162e1c04071f2d15122a3820233b3e260e0b081a32351d2f3d2522100205171411292c3a282b130119313437,\x000204204000020420800220001120000102102000098088008c64010830800281008220430c040002040204010402001180008e2413840208800081400004200200014180408000,1,\x000000110000001d00000001ffffffff000000002400000001ffffffff000000002600000001ffffffff000000002800000001ffffffff000000002900000001ffffffff000000002e00000001ffffffff010000003200000001000000080000000034000000010000000800000000350000000100000008000000003600000001000000080000000037000000010000000800000000380000000100000008000000003a0000000100000008000000003b0000000100000008000000003c0000000100000008000000003d0000000100000008000000003e000000010000000800,70897085447,0,317000000,0,35448542692,6432703316,t,2026-09-24 22:42:30.63533+00,317
2618aa7e-3714-4795-8571-d5ae3afe366d,9ac44ac0-c7f6-4b33-a402-c9e92e17392b,318000000,4,2,1000000,64,64,9,\x0003061e363330180a0d1b090c0f273f3c392124162e1c0407151220321a080b0e2614021022253d2f17051301193134371f2d2a383b3e2c3a282b1d35231129,\x000204204000020420800220001120000102102000098088008c640118406020200888000108f08091c0c00143908080600082808100018020808020400010084004004400040802,1,\x000000110000001e00000001ffffffff000000002000000001ffffffff000000002900000001ffffffff000000002c00000001ffffffff000000002f00000001ffffffff000000003000000001ffffffff000000003100000001ffffffff000000003300000001ffffffff000000003400000001ffffffff000000003600000001ffffffff0000000038000000020000000401000000390000000100000008000000003a0000000100000008000000003b0000000100000008000000003c0000000100000008000000003d0000000100000008000000003e000000010000000800,71103954827,0,318000000,0,35551977382,6450787904,t,2026-09-24 22:43:56.69979+00,318
a420a5c1-3437-4423-88ee-5c6361f72110,9ac44ac0-c7f6-4b33-a402-c9e92e17392b,319000000,4,2,1000000,64,64,9,\x0003061e363330180a0d1b090c0f273f3c392124162e1c040119313437251705021411292c3e3b2d1f0715122a382023260e0b081a32351d2f3d3a2210132b28,\x000204204000020420800220001120000102102000098088008c641108100810000c2d12181460201060001448808020804000019021018040802080400020021040000222000108,1,\x0000000d0000002800000001ffffffff000000002900000001ffffffff000000002c00000001ffffffff000000002d00000001ffffffff000000003000000001ffffffff000000003100000001ffffffff000000003300000001ffffffff000000003500000001ffffffff000000003600000001ffffffff000000003800000001ffffffff000000003b00000001ffffffff000000003d0000000200000002010000003e000000010000000800,71339173733,0,319000000,0,35669586835,6471827095,t,2026-09-24 22:45:34.87341+00,319
aa4ebfa8-1a9d-4a4c-8f72-301e6c463e0a,9ac44ac0-c7f6-4b33-a402-c9e92e17392b,320000000,4,2,1000000,64,64,9,\x0003061e363330180a0d1b090c0f273f3c392124162e1c040113050210281a080b0e262311293b3e2c2f3d3a22141725373431192b1d3532201215071f2d2a38,\x000204204000020420800220001120000102102000098088008c64110c40928080c02012010210e0a1828080002092a0810004500004022040002200100108200805004400010404,1,\x000000120000002100000001ffffffff000000002700000001ffffffff000000002b00000001ffffffff000000002d00000001ffffffff000000002e00000001ffffffff000000002f00000001ffffffff000000003100000001ffffffff000000003200000001ffffffff000000003300000001ffffffff000000003400000001ffffffff000000003500000001ffffffff000000003600000001ffffffff000000003700000001ffffffff000000003900000001ffffffff010000003b0000000100000008000000003c0000000100000008000000003d0000000100000008000000003e000000010000000800,71730905939,0,320000000,0,35865452938,6509351954,t,2026-09-24 22:48:22.286142+00,320
d0a1ef79-d5f5-40f4-868b-d8b54c69e30c,9ac44ac0-c7f6-4b33-a402-c9e92e17392b,321000000,4,2,1000000,64,64,9,\x0003061e363330180a0d1b090c0f273f3c392124162e1c04122a2d15071f3734312335321a2810021411292c2f3d3a222517051d2b1301190b0820383b3e260e,\x000204204000020420800220001120000102102000098088008c6419082400028800010810800980000685104003201018b000090420010081208000080802802210201020001020,1,\x0000000f0000001c00000001ffffffff000000001d00000001ffffffff000000002900000001ffffffff000000002e00000001ffffffff000000002f00000001ffffffff000000003100000001ffffffff000000003500000001ffffffff000000003600000001ffffffff000000003700000001ffffffff00000000390000000200000008010000003a0000000100000008000000003b0000000100000008000000003c0000000100000008000000003d0000000100000008000000003e000000010000000800,72056314997,0,321000000,0,36028157467,6540222213,t,2026-09-24 22:50:39.50224+00,321
ca516219-07db-4fc7-b142-ba7b37a613e5,9ac44ac0-c7f6-4b33-a402-c9e92e17392b,322000000,4,2,1000000,64,64,9,\x0003061e363330180a0d1b090c0f273f3c392124162e1c041215071f2d2a3820080b0e263e3b29111417253d2b2810021a32352331190113051d2f2c3a223437,\x000204204000020420800220001120000102102000098088008c64190a0022c0000282204202042040000208200302b030000b869041050804008100081001800808808000888000,1,\x000000100000001a00000001ffffffff000000001d00000001ffffffff000000002200000001ffffffff000000002b00000001ffffffff01000000310000000100000008000000003300000001000000080000000035000000010000000800000000360000000100000008000000003700000001000000080000000038000000010000000800000000390000000100000008000000003a0000000100000008000000003b0000000100000008000000003c0000000100000008000000003d0000000100000008000000003e000000010000000800,72281964713,0,322000000,0,36140982325,6560556290,t,2026-09-24 22:52:14.430805+00,322
aa90f1a4-9bac-4566-8463-dabcb031b8ca,9ac44ac0-c7f6-4b33-a402-c9e92e17392b,323000000,4,2,1000000,64,64,9,\x0003061e363330180a0d1b090c0f273f3c392124162e1c34371f0704011310221411292c3e260e0b081a02051d353220122a383b2d152331192b283a3d2f1725,\x000204204000020420800220001120000102102000098088008c660180008100c18004018520100820000810081804000960c0000410840a20080008080204400440101000181004,1,\x0000000d0000002600000001ffffffff000000002a00000001ffffffff000000002e00000001ffffffff000000003200000001ffffffff000000003400000001ffffffff000000003500000001ffffffff000000003600000001ffffffff000000003700000001ffffffff000000003800000001ffffffff000000003a00000001ffffffff000000003b00000001ffffffff000000003d0000000200000008010000003e000000010000000800,72479380827,0,323000000,0,36239690382,6577347887,t,2026-09-24 22:53:36.646073+00,323
eb5ca0ea-93fc-4fbd-8a7b-1a99103df5cd,9ac44ac0-c7f6-4b33-a402-c9e92e17392b,433000000,4,2,1000000,64,64,9,\x0003061e363330180a0d1b090c0f273f3c3921241215070401193134371f2d2a3820080b0e1c2e1613253d3a22100205172f1d2b281a32352311142c293b3e26,\x00020420400002042080022000112000010210200009802a00200a12081008100008020808820809100081002010041080010404a100020880400001108100204a04300041400020,1,\x0000000a0000002500000001ffffffff000000002700000001ffffffff000000003300000001ffffffff000000003400000001ffffffff000000003600000001ffffffff000000003700000001ffffffff000000003b00000001ffffffff010000003c0000000100000008000000003d0000000100000008000000003e000000010000000800,97348354479,0,433000000,0,48674177208,8788245230,t,2026-09-25 01:47:35.115102+00,433
5d7ff609-505f-4f35-9267-059735101fea,9ac44ac0-c7f6-4b33-a402-c9e92e17392b,324000000,4,2,1000000,64,64,9,\x0003061e363330180a0d1b090c0f273f3c392124162e1c34371f0715120401132b193123260e0b081a020517253d2f1d353220382a2d3b2911142210283a2c3e,\x000204204000020420800220001120000102102000098088008c66018000c14001100403964010003402080408069a04308080002010042080200028008210400230004140002001,1,\x0000000f0000001d00000001ffffffff000000002200000001ffffffff000000002500000001ffffffff000000002f00000001ffffffff000000003000000001ffffffff000000003100000001ffffffff000000003200000001ffffffff000000003400000001ffffffff000000003500000001ffffffff000000003700000001ffffffff01000000380000000100000008000000003b0000000100000008000000003c0000000100000008000000003d0000000100000008000000003e000000010000000800,72621991827,0,324000000,0,36310995882,6589438103,t,2026-09-24 22:54:36.167866+00,324
47752653-789d-4ca4-9fe4-15a6b707a793,9ac44ac0-c7f6-4b33-a402-c9e92e17392b,325000000,4,2,1000000,64,64,9,\x0003061e363330180a0d1b090c0f273f3c392124162e1c3437253d3a221411292c2f1705021a0820382a1204011310282b19312315071f2d3b3e260e0b1d3532,\x000204204000020420800220001120000102102000098088008c6601c010800004540402010200010181018b0206000101144100040201401000740c100104080200010241000108,1,\x0000000f0000002200000001ffffffff000000002800000001ffffffff010000002e0000000100000008000000002f0000000100000008000000003200000001000000080000000035000000010000000800000000360000000100000008000000003700000001000000080000000038000000010000000800000000390000000100000008000000003a0000000100000008000000003b0000000100000008000000003c0000000100000008000000003d0000000100000008000000003e000000010000000800,72795093851,0,325000000,0,36397546894,6604461880,t,2026-09-24 22:55:48.342975+00,325
44b0af5b-3a21-44bf-adac-0e483de15b81,9ac44ac0-c7f6-4b33-a402-c9e92e17392b,326000000,4,2,1000000,64,64,9,\x0003061e363330180a0d1b090c0f273f3c392124162e1c3431190104071f372517051310223a282b3d2f1d352311293b382a2d151220321a02142c3e260e0b08,\x000204204000020420800220001120000102102000098088008c66118000091080000110b44820a02080408800020081200003048101110005000201810020600410100004080408,1,\x0000000c0000001e00000001ffffffff000000002800000001ffffffff000000003200000001ffffffff000000003300000001ffffffff000000003400000001ffffffff000000003600000001ffffffff00000000380000000200000008010000003a0000000100000008000000003b0000000100000008000000003c0000000100000008000000003d0000000100000008000000003e000000010000000800,72998019907,0,326000000,0,36499009922,6622431409,t,2026-09-24 22:57:13.105791+00,326
558e91eb-1b50-4b7a-8504-fa03b71ba4e1,9ac44ac0-c7f6-4b33-a402-c9e92e17392b,327000000,4,2,1000000,64,64,9,\x0003061e363330180a0d1b090c0f273f3c392124162e1c34311901132b2810021a080b0e26142c3e3b291123353220382a2d151204071f3725223a3d2f1d0517,\x000204204000020420800220001120000102102000098088008c66118000194040021041054804084080440701104000112000020802800200810028000102202010080008041001,1,\x000000100000002300000001ffffffff000000002700000001ffffffff000000002900000001ffffffff000000002a00000001ffffffff000000002d00000001ffffffff000000002f00000001ffffffff000000003300000001ffffffff000000003400000001ffffffff000000003500000001ffffffff000000003600000001ffffffff000000003700000001ffffffff000000003900000001ffffffff000000003a00000001ffffffff000000003b00000001ffffffff000000003d0000000200000006010000003e000000010000000800,73151306661,0,327000000,0,36575653299,6636118523,t,2026-09-24 22:58:17.108505+00,327
06871fa0-321b-4318-8ace-720fa83bb47a,9ac44ac0-c7f6-4b33-a402-c9e92e17392b,328000000,4,2,1000000,64,64,9,\x0003061e363330180a0d1b090c0f273f3c392124162e1c3431192b3d25371f2d3b3e2c291123260e0b0820382a121507040113051d35321a283a22100214172f,\x000204204000020420800220001120000102102000098088008c6611800811004d0010245802808100644000201020102000084800401020088064c0000420080400010148400002,1,\x000000100000001d00000001ffffffff000000002300000001ffffffff000000002700000001ffffffff000000002b00000001ffffffff000000002c00000001ffffffff000000002e00000001ffffffff000000002f00000001ffffffff000000003000000001ffffffff000000003100000001ffffffff000000003500000002000000080100000036000000010000000800000000390000000100000008000000003b0000000100000008000000003c0000000100000008000000003d0000000100000008000000003e000000010000000800,73298628327,0,328000000,0,36649314132,6648535929,t,2026-09-24 22:59:17.508+00,328
9af5d530-6e62-4310-8187-d803f6389fa7,9ac44ac0-c7f6-4b33-a402-c9e92e17392b,329000000,4,2,1000000,64,64,9,\x0003061e363330180a0d1b090c0f273f3c392124162e1c34312311293b2d1f37252210021a080b0e263e2c14172f3d3a282b190113051d353220382a12040715,\x000204204000020420800220001120000102102000098088008c66118089202020123402202890287480458000040880001280000208200280002200100102104010000424500004,1,\x000000100000001f00000001ffffffff000000002700000001ffffffff000000002900000001ffffffff000000002b00000001ffffffff000000002f00000001ffffffff000000003000000001ffffffff000000003200000001ffffffff000000003400000001ffffffff000000003500000001ffffffff000000003600000001ffffffff000000003700000001ffffffff000000003800000001ffffffff000000003a00000001ffffffff000000003b00000001ffffffff000000003d0000000200000008010000003e000000010000000800,73543684665,0,329000000,0,36771842301,6670700270,t,2026-09-24 23:00:59.277984+00,329
ef1a86a3-3159-43d2-9ab1-2da06f099201,9ac44ac0-c7f6-4b33-a402-c9e92e17392b,330000000,4,2,1000000,64,64,9,\x0003061e363330180a0d1b090c0f273f3c392124162e1c34223a281002142c3e260e0b233119010407152d1f37251305172f3d2b1d35321a0820122a383b2911,\x000204204000020420800220001120000102102000098088008c66310884000268c00501408040f08000089000011850004400040942020820000188000420200800228020000820,1,\x0000000f0000002100000001ffffffff00000000240000000200000005010000002b0000000100000008000000002c0000000100000008000000003000000001000000080000000032000000010000000800000000330000000100000008000000003500000001000000080000000037000000010000000800000000380000000100000008000000003a0000000100000008000000003b0000000100000008000000003c0000000100000008000000003d0000000100000008000000003e000000010000000800,73774080671,0,330000000,0,36887040304,6690677268,t,2026-09-24 23:02:33.787534+00,330
a8428ac3-7700-4e9f-97be-7fa9fa180f1c,9ac44ac0-c7f6-4b33-a402-c9e92e17392b,331000000,4,2,1000000,64,64,9,\x0003061e363330180a0d1b090c0f273f3c392124162e1c342225371f070412152d2a3820080b0e261411293b3e2c3a3d2b130119312335321a281002051d2f17,\x000204204000020420800220001120000102102000098088008c66314a08000204028600042020082224400002342210101000048200a0e0802040009000084010000114c0800020,1,\x0000000e0000001a00000001ffffffff000000002100000001ffffffff000000002600000001ffffffff000000002c00000001ffffffff000000003200000001ffffffff000000003300000001ffffffff000000003400000001ffffffff000000003500000001ffffffff000000003700000001ffffffff000000003900000001ffffffff000000003a00000001ffffffff000000003b00000001ffffffff000000003d0000000200000008010000003e000000010000000800,73968920109,0,331000000,0,36984460023,6706964855,t,2026-09-24 23:03:53.970834+00,331
a175c069-4183-4c11-b017-a3cf89d31213,9ac44ac0-c7f6-4b33-a402-c9e92e17392b,332000000,4,2,1000000,64,64,9,\x0003061e363330180a0d1b090c0f273f3c392124162e1c34263e2c3a2225371f07041215233119011310282b3d2f1d35321a0205171411293b2d2a3820080b0e,\x000204204000020420800220001120000102102000098088008c66b188c0c8102694002040206008c00001102002201008200010180210c080092000020402020041400004488000,1,\x000000110000001900000001ffffffff010000001e00000001000000080000000025000000010000000800000000270000000100000008000000002c0000000100000008000000002f0000000100000008000000003300000001000000080000000034000000010000000800000000350000000100000008000000003600000001000000080000000037000000010000000800000000390000000100000008000000003a0000000100000008000000003b0000000100000008000000003c0000000100000008000000003d0000000100000008000000003e000000010000000800,74188318001,0,332000000,0,37094158969,6725830808,t,2026-09-24 23:05:24.684138+00,332
3b425612-abdb-482a-b87d-4c106097d1c7,9ac44ac0-c7f6-4b33-a402-c9e92e17392b,333000000,4,2,1000000,64,64,9,\x0003061e363330180a0d1b090c0f273f3c392124162e1c193134371f2d3b23353220382a121507040113253d2b1d2f171411292c3e260e0b081a283a22100205,\x000204204000020420800220001120000102102000098088008c6e0402040082044b1c0110401000042400200810040820000292002030201008200008100810042010000404a000,1,\x000000120000002200000001ffffffff000000002300000001ffffffff000000002500000001ffffffff000000002600000001ffffffff000000002700000001ffffffff000000002800000001ffffffff000000003000000001ffffffff01000000310000000100000008000000003200000001000000080000000034000000010000000800000000350000000100000008000000003600000001000000080000000037000000010000000800000000380000000100000008000000003b0000000100000008000000003c0000000100000008000000003d0000000100000008000000003e000000010000000800,74353800423,0,333000000,0,37176900180,6740938952,t,2026-09-24 23:06:33.959444+00,333
8a28723f-3a60-45f5-8edc-9a1843d93b28,9ac44ac0-c7f6-4b33-a402-c9e92e17392b,334000000,4,2,1000000,64,64,9,\x0003061e363330180a0d1b090c0f273f3c392124162e1c193134223a3d2b2810021411292c3e3b382a2d15071f37251301041220321a080b0e2623351d2f1705,\x000204204000020420800220001120000102102000098088008c6e040284201000040420810640201060001408800200834480000810200220402020088800010840100044001010,1,\x0000000c0000002c00000001ffffffff000000002d00000001ffffffff000000003000000001ffffffff000000003100000001ffffffff000000003200000001ffffffff000000003600000001ffffffff000000003800000001ffffffff000000003900000001ffffffff000000003a00000001ffffffff000000003b00000001ffffffff000000003d0000000200000006010000003e000000010000000800,74480900779,0,334000000,0,37240450358,6751407432,t,2026-09-24 23:07:26.149733+00,334
92267e48-9316-4cf7-aca4-a8e5c826c746,9ac44ac0-c7f6-4b33-a402-c9e92e17392b,335000000,4,2,1000000,64,64,9,\x0003061e363330180a0d1b090c0f273f3c392124162e1c193123353220382a2d3b3e2c2911142234260e0b081a1d050210282b1301041215071f3725172f3d3a,\x000204204000020420800220001120000102102000098088008c6e04020980008200a020080280810024c00a0180804080202088120808080c000222008200800810000188000208,1,\x000000100000002300000001ffffffff000000002400000001ffffffff000000002800000001ffffffff000000002900000001ffffffff000000002b00000001ffffffff000000002f00000001ffffffff000000003200000001ffffffff0100000034000000010000000800000000360000000100000008000000003700000001000000080000000038000000010000000800000000390000000100000008000000003a0000000100000008000000003c0000000100000008000000003d0000000100000008000000003e000000010000000800,74697902047,0,335000000,0,37348950992,6770671807,t,2026-09-24 23:08:55.638247+00,335
eb83d975-9b17-44de-97ea-01e777f4e3e0,9ac44ac0-c7f6-4b33-a402-c9e92e17392b,336000000,4,2,1000000,64,64,9,\x0003061e363330180a0d1b090c0f273f3c392124162e1c190104071f3734221013253d2f17051d2b283a2c291114021a080b0e263e3b382a2d15122032352331,\x000204204000020420800220001120000102102000098088008c6e440204204000028c12010410800504040504100400920024000802240204204000020440018040402020000804,1,\x0000000b0000001e00000001ffffffff0100000027000000010000000800000000290000000100000008000000002e0000000100000008000000003200000001000000080000000034000000010000000800000000380000000100000008000000003a0000000100000008000000003c0000000100000008000000003d0000000100000008000000003e000000010000000800,74956110851,0,336000000,0,37478055394,6793825936,t,2026-09-24 23:10:41.248732+00,336
4ab2ba33-53ae-4131-9978-aacd2247cd9a,9ac44ac0-c7f6-4b33-a402-c9e92e17392b,337000000,4,2,1000000,64,64,9,\x0003061e363330180a0d1b090c0f273f3c392124162e1c19010407152d1f373422253d3a281a080b0e263e2c2f17051d2b1310021411293b382a122032352331,\x000204204000020420800220001120000102102000098088008c6e440204604001100108300210800022188900010810801100080c02088040002400020101100001412020000804,1,\x0000000e0000001d00000001ffffffff000000002000000001ffffffff0100000028000000010000000800000000300000000100000008000000003100000001000000080000000032000000010000000800000000330000000100000008000000003400000001000000080000000036000000010000000800000000390000000100000008000000003a0000000100000008000000003c0000000100000008000000003d0000000100000008000000003e000000010000000800,75098975519,0,337000000,0,37549487728,6806031818,t,2026-09-24 23:11:41.139601+00,337
2729efd2-c660-414c-9a62-48c0553b0459,9ac44ac0-c7f6-4b33-a402-c9e92e17392b,338000000,4,2,1000000,64,64,9,\x0003061e363330180a0d1b090c0f273f3c392124162e1c1901041220080b0e263e2c1a32352311293b382a2d15071f3725171402051d2f3d3a282b1310223431,\x000204204000020420800220001120000102102000098088008c6e4402246860244000020460e42010000c0a020220000a0004100102304851001180800004104004000241800008,1,\x0000000f0000001e00000001ffffffff000000002300000001ffffffff000000002600000001ffffffff0100000027000000010000000800000000290000000100000008000000002a0000000100000008000000002c0000000100000008000000002d0000000100000008000000002e000000010000000800000000360000000100000008000000003a0000000100000008000000003b0000000100000008000000003c0000000100000008000000003d0000000100000008000000003e000000010000000800,75269756079,0,338000000,0,37634878008,6820906076,t,2026-09-24 23:12:52.890414+00,338
7c26281c-3192-4e75-ade7-6c2c63ce3875,9ac44ac0-c7f6-4b33-a402-c9e92e17392b,339000000,4,2,1000000,64,64,9,\x0003061e363330180a0d1b090c0f273f3c392124162e1c192b3d3a281a32351d2f1705021013010407152d1f3725223431231114260e0b0820122a383b3e2c29,\x000204204000020420800220001120000102102000098088008c6e46044000018c40002002a080808020008800011850004400040401100081082000080408040011401020000808,1,\x0000000c0000002600000001ffffffff000000002b00000001ffffffff000000002d00000001ffffffff000000003000000001ffffffff000000003500000001ffffffff000000003600000001ffffffff000000003700000001ffffffff000000003900000001ffffffff000000003a00000001ffffffff000000003b00000001ffffffff000000003d0000000200000005010000003e000000010000000800,75479931365,0,339000000,0,37739965651,6839108425,t,2026-09-24 23:14:20.496184+00,339
e9c2a47c-6dce-493d-b038-c3430f1ecd0f,9ac44ac0-c7f6-4b33-a402-c9e92e17392b,340000000,4,2,1000000,64,64,9,\x0003061e363330180a0d1b090c0f273f3c392124162e1c192b28100214172f3d3a2225371f2d3b3e2c2911233134260e0b0820382a121507040113051d1a3235,\x000204204000020420800220001120000102102000098088008c6e462408097420020904108004100005099600202000118020002020102018200008480040102008004480028100,1,\x000000100000002900000001ffffffff000000002a00000001ffffffff000000002c00000001ffffffff000000002d00000001ffffffff000000002e00000001ffffffff000000002f00000001ffffffff000000003300000001ffffffff000000003400000001ffffffff000000003600000001ffffffff000000003700000001ffffffff000000003800000001ffffffff000000003900000001ffffffff000000003a00000001ffffffff000000003b00000001ffffffff000000003d0000000200000008010000003e000000010000000800,75668717849,0,340000000,0,37834358893,6854938860,t,2026-09-24 23:15:38.48378+00,340
694be15a-cf26-4033-b9ff-5801395bdea0,9ac44ac0-c7f6-4b33-a402-c9e92e17392b,341000000,4,2,1000000,64,64,9,\x0003061e363330180a0d1b090c0f273f3c392124162e1c190b0e263e2c2f3d2b1d050210283a2234312335321a0820383b2911141725371f07152d2a12040113,\x000204204000020420800220001120000102102000098088008c6ec60210200023020218908868705040001001100009800004040102014000091000810020481010800004100401,1,\x000000100000001900000001ffffffff000000002500000001ffffffff000000002800000001ffffffff000000002a00000001ffffffff000000002c00000001ffffffff000000002d00000001ffffffff000000003100000001ffffffff000000003200000001ffffffff000000003300000001ffffffff000000003400000001ffffffff00000000360000000200000005010000003a0000000100000008000000003b0000000100000008000000003c0000000100000008000000003d0000000100000008000000003e000000010000000800,75869247569,0,341000000,0,37934623753,6871897544,t,2026-09-24 23:17:01.207206+00,341
30c4a0b2-b24c-45f2-bd8a-96fefcc504dc,9ac44ac0-c7f6-4b33-a402-c9e92e17392b,342000000,4,2,1000000,64,64,9,\x0003061e363330180a0d1b090c0f273f3c3921241604071f3734312311293b382a2d151220080b190113253d2f17051d35321a2c140210223a282b2e1c0e263e,\x000204204000020420800220001120000102102000098088440002042040002682808008c0020081804048800440040820000b08080204200011a204040201044004080002100102,1,\x000000100000002100000001ffffffff000000002200000001ffffffff000000002300000001ffffffff000000002800000001ffffffff000000003000000001ffffffff000000003100000001ffffffff000000003400000001ffffffff01000000350000000100000008000000003700000001000000080000000038000000010000000800000000390000000100000008000000003a0000000100000008000000003b0000000100000008000000003c0000000100000008000000003d0000000100000008000000003e000000010000000800,76068595287,0,342000000,0,38034297612,6889910530,t,2026-09-24 23:18:25.207199+00,342
47b34058-984b-4def-9a8a-8f094071f9c4,9ac44ac0-c7f6-4b33-a402-c9e92e17392b,343000000,4,2,1000000,64,64,9,\x0003061e363330180a0d1b090c0f273f3c3921241604071f37253d3a22343119011310281a0205171411292c2f1d2b2e1c0e263e3b382a2d1512203235230b08,\x0002042040000204208002200011200001021020000980884400020460108000460004204004402010884c000114201008100004820020001120000102a000402020101000041008,1,\x0000000b0000002000000001ffffffff000000002c00000001ffffffff000000002e00000001ffffffff000000002f00000001ffffffff000000003300000001ffffffff000000003700000001ffffffff000000003900000001ffffffff000000003b0000000200000006010000003c0000000100000008000000003d0000000100000008000000003e000000010000000800,76305463877,0,343000000,0,38152731907,6911200181,t,2026-09-24 23:20:04.908381+00,343
ec2d00ae-a59a-4f3c-95a4-4ea5b8042798,9ac44ac0-c7f6-4b33-a402-c9e92e17392b,344000000,4,2,1000000,64,64,9,\x0003061e363330180a0d1b090c0f273f3c3921241604071f37252234312335321a1d0b0e263e2c2f3d3a282b2e1c190113100205171411293b382a2d15122008,\x00020420400002042080022000112000010210200009808844000204605012000198000860d288884080008c000820800812000404200220000a20000204020220000b0004020220,1,\x0000000f0000002300000001ffffffff01000000290000000100000008000000002c0000000100000008000000002e0000000100000008000000002f0000000100000008000000003100000001000000080000000033000000010000000800000000340000000100000008000000003500000001000000080000000036000000010000000800000000370000000100000008000000003b0000000100000008000000003c0000000100000008000000003d0000000100000008000000003e000000010000000800,76538854299,0,344000000,0,38269427118,6932587707,t,2026-09-24 23:21:43.737971+00,344
37efa255-643a-45b7-91c6-fec3b379ead9,9ac44ac0-c7f6-4b33-a402-c9e92e17392b,345000000,4,2,1000000,64,64,9,\x0003061e363330180a0d1b090c0f273f3c3921241604071f2d15122a383b2911230b082032351d1a0205130119313437252210282b2e1c0e263e2c3a3d2f1714,\x0002042040000204208002200011200001021020000980884400020c804020802040082003b644202020001009480228004180408000202881201020000840040880401000101008,1,\x0000000e0000002300000001ffffffff000000002500000001ffffffff000000002b00000001ffffffff000000002d00000001ffffffff000000002f00000001ffffffff000000003200000001ffffffff000000003500000001ffffffff000000003600000001ffffffff000000003700000001ffffffff000000003900000001ffffffff000000003b0000000200000006010000003c0000000100000008000000003d0000000100000008000000003e000000010000000800,76723189341,0,345000000,0,38361594639,6948924706,t,2026-09-24 23:23:01.269097+00,345
f40d46d8-ab1f-45fc-afe4-16113fa927d8,9ac44ac0-c7f6-4b33-a402-c9e92e17392b,346000000,4,2,1000000,64,64,9,\x0003061e363330180a0d1b090c0f273f3c3921241604071f2d2a383b23151220080b0e1c2e2b1301193134263e2c29111402051d35321a2810223a3d2f172537,\x0002042040000204208002200011200001021020000980884400020ca020081006100404420204602000821c10040804084400040420015204304000021004400410080008080201,1,\x000000120000001d00000001ffffffff000000001e00000001ffffffff000000002400000001ffffffff000000002700000001ffffffff000000002800000001ffffffff000000002900000001ffffffff000000002b00000001ffffffff010000002c0000000100000008000000002e0000000100000008000000002f000000010000000800000000340000000100000008000000003500000001000000080000000036000000010000000800000000380000000100000008000000003a0000000100000008000000003c0000000100000008000000003d0000000100000008000000003e000000010000000800,76970767801,0,346000000,0,38485383869,6971023647,t,2026-09-24 23:24:46.086685+00,346
935c908b-8825-474f-9295-a769b61b2196,9ac44ac0-c7f6-4b33-a402-c9e92e17392b,347000000,4,2,1000000,64,64,9,\x0003061e363330180a0d1b090c0f273f3c39212416040715122a2d1f37343123263e2c2f1d353220383b2911142210283a3d2b190113251705021a080b0e1c2e,\x0002042040000204208002200011200001021020000980884400061008040044000204602308c0888086000410040280001220410942020280090144800040202010001120000201,1,\x000000110000002500000001ffffffff000000002800000001ffffffff000000002900000001ffffffff000000002a00000001ffffffff000000002b00000001ffffffff000000003000000001ffffffff000000003300000001ffffffff0100000034000000010000000800000000360000000100000008000000003700000001000000080000000038000000010000000800000000390000000100000008000000003a0000000100000008000000003b0000000100000008000000003c0000000100000008000000003d0000000100000008000000003e000000010000000800,77240340489,0,347000000,0,38620170213,6995301226,t,2026-09-24 23:26:39.880652+00,347
fb746b94-663c-4e10-8910-61b8c28b7415,9ac44ac0-c7f6-4b33-a402-c9e92e17392b,348000000,4,2,1000000,64,64,9,\x0003061e363330180a0d1b090c0f273f3c39212416040715122a2d3b38203235233119011310283a3d25221411292c3e2634371f1c2e2b1d2f1705021a080b0e,\x00020420400002042080022000112000010210200009808844000610080440040188800020100401220002810101c048100481400001401004000241000440028080804000448000,1,\x000000100000001c00000001ffffffff000000002300000001ffffffff000000002c00000001ffffffff000000002d00000001ffffffff000000002f00000001ffffffff000000003200000001ffffffff000000003300000001ffffffff00000000350000000200000007010000003600000001000000080000000038000000010000000800000000390000000100000008000000003a0000000100000008000000003b0000000100000008000000003c0000000100000008000000003d0000000100000008000000003e000000010000000800,77419957401,0,348000000,0,38709978669,7010721813,t,2026-09-24 23:27:55.254081+00,348
4f4fc92c-a4cb-4f5f-8117-332f0b681b36,9ac44ac0-c7f6-4b33-a402-c9e92e17392b,349000000,4,2,1000000,64,64,9,\x0003061e363330180a0d1b090c0f273f3c39212416040715122a3820080b1d1a323523260e1c2e2b3d2f1725371f2d3b291114020513011931342210283a2c3e,\x000204204000020420800220001120000102102000098088440006100824002224c0022b040280680104810008320001412100080204218004201100010802040280004140002001,1,\x000000110000002000000001ffffffff000000002100000001ffffffff000000002400000001ffffffff000000002600000001ffffffff000000002d00000001ffffffff000000002e00000001ffffffff000000003000000001ffffffff010000003100000001000000080000000034000000010000000800000000360000000100000008000000003700000001000000080000000038000000010000000800000000390000000100000008000000003b0000000100000008000000003c0000000100000008000000003d0000000100000008000000003e000000010000000800,77578657399,0,349000000,0,38789328668,7024015410,t,2026-09-24 23:29:01.444777+00,349
e6b0f61d-583c-44bd-a677-44d08cd21eb8,9ac44ac0-c7f6-4b33-a402-c9e92e17392b,350000000,4,2,1000000,64,64,9,\x0003061e363330180a0d1b090c0f273f3c39212416040715122032351d2f2c3e260e0b081a02141705132537342210283a3d2b2e1c1f2d2a383b291123311901,\x000204204000020420800220001120000102102000098088440006101808080046001601508040802000c980002010c8100005060802020280080022000208080280002200011020,1,\x0000000f0000002300000001ffffffff000000002800000001ffffffff000000002a00000001ffffffff010000002e0000000100000008000000003000000001000000080000000031000000010000000800000000330000000100000008000000003500000001000000080000000037000000010000000800000000380000000100000008000000003a0000000100000008000000003b0000000100000008000000003c0000000100000008000000003d0000000100000008000000003e000000010000000800,77796795715,0,350000000,0,38898397826,7042695165,t,2026-09-24 23:30:33.111607+00,350
52c28eb2-3c14-433d-a383-000274f404d8,9ac44ac0-c7f6-4b33-a402-c9e92e17392b,351000000,4,2,1000000,64,64,9,\x0003061e363330180a0d1b090c0f273f3c392124160407151220080b2335321a0210282b2e1c0e263e3b382a2d1f373431190113051d2f171422253d3a2c2911,\x00020420400002042080022000112000010210200009808844000610181809f040000420491210181000042002042040001400100108108000110088800024183804200001100420,0,\x000000110000001e00000001ffffffff000000002400000001ffffffff000000002600000001ffffffff000000002a00000001ffffffff000000002b00000001ffffffff000000002c00000001ffffffff000000002d00000001ffffffff000000003000000001ffffffff000000003100000001ffffffff000000003200000001ffffffff000000003500000001ffffffff000000003900000001ffffffff000000003a00000001ffffffff000000003b00000001ffffffff000000003c00000001ffffffff000000003d00000001ffffffff000000003e00000001ffffffff00,78006999019,0,351000000,0,39003499478,7060356893,t,2026-09-24 23:32:01.586179+00,351
f71d1c5f-f342-4ae3-a403-181847505a29,9ac44ac0-c7f6-4b33-a402-c9e92e17392b,352000000,4,2,1000000,64,64,9,\x0003061e363330180a0d1b090c0f273f3c392124160407152d1f37253d3a282b2e1c0e263e2c291114223431190113100205172f1d1a3235230b0820122a383b,\x000204204000020420800220001120000102102000098088440006140011804100028820014020224000460421011208800004880008800208200082028100208840200088008200,1,\x0000000c0000002000000001ffffffff000000002a00000001ffffffff000000002d00000001ffffffff000000002f00000001ffffffff000000003200000001ffffffff000000003300000001ffffffff000000003700000001ffffffff00000000390000000200000008010000003a0000000100000008000000003c0000000100000008000000003d0000000100000008000000003e000000010000000800,78214472237,0,352000000,0,39107236087,7078189466,t,2026-09-24 23:33:28.601523+00,352
0daf9a68-79e5-43ed-95c5-45982b63fac6,9ac44ac0-c7f6-4b33-a402-c9e92e17392b,353000000,4,2,1000000,64,64,9,\x0003061e363330180a0d1b090c0f273f3c39212416040715233119011310283a22341c2e2b3d2f2c291114021a32351d051725371f2d2a383b3e260e0b082012,\x0002042040000204208002200011200001021020000980884400061c1404012200028101410604130041003028128004185180400020400420100004010624010200010201020140,1,\x000000110000001b00000001ffffffff000000002300000001ffffffff000000002900000001ffffffff000000002e00000001ffffffff000000003000000001ffffffff000000003100000001ffffffff000000003200000001ffffffff000000003300000001ffffffff000000003400000001ffffffff000000003700000001ffffffff0100000038000000010000000800000000390000000100000008000000003a0000000100000008000000003b0000000100000008000000003c0000000100000008000000003d0000000100000008000000003e000000010000000800,78578819127,0,353000000,0,39289409532,7111832587,t,2026-09-24 23:36:03.881135+00,353
4457788f-ddc6-46d3-bfea-f8b25a6d650d,9ac44ac0-c7f6-4b33-a402-c9e92e17392b,354000000,4,2,1000000,64,64,9,\x0003061e363330180a0d1b090c0f273f3c39212416040113051725373431190b082032352311142210021a1d2f3d3a282b2e1c0e263e2c293b382a2d1f071512,\x0002042040000204208002200011200001021020000980884404019004301000050290411108080800064401052000110820000104100102800044800008080220000a0208080208,1,\x0000000d0000002900000001ffffffff000000002f00000001ffffffff000000003000000001ffffffff000000003100000001ffffffff000000003300000001ffffffff000000003400000001ffffffff000000003600000001ffffffff000000003700000001ffffffff000000003900000001ffffffff000000003b00000001ffffffff010000003c0000000100000008000000003d0000000100000008000000003e000000010000000800,79119041659,0,354000000,0,39559520798,7164432703,t,2026-09-24 23:39:56.999209+00,354
3f46af2f-90bc-4988-b2fb-342d7c34ece3,9ac44ac0-c7f6-4b33-a402-c9e92e17392b,355000000,4,2,1000000,64,64,9,\x0003061e363330180a0d1b090c0f273f3c3921241604011325172f2c3e260e0b081a32351d0502142210283a3d2b2e1c193134371f07152311293b2d2a382012,\x000204204000020420800220001120000102102000098088440401920c91c020000a100810041008000408040118401010100044001010080408000408020e200808000401011040,1,\x0000000e0000002500000001ffffffff000000002900000001ffffffff000000002b00000001ffffffff000000002c00000001ffffffff000000002e00000001ffffffff000000003000000001ffffffff000000003200000001ffffffff000000003300000001ffffffff000000003500000001ffffffff000000003800000001ffffffff000000003900000001ffffffff000000003b00000001ffffffff000000003d0000000200000006010000003e000000010000000800,79612630079,0,355000000,0,39806315008,7212224776,t,2026-09-24 23:43:30.438608+00,355
dc5cf0bd-fe99-461c-99ca-3d63a6b087ee,9ac44ac0-c7f6-4b33-a402-c9e92e17392b,356000000,4,2,1000000,64,64,9,\x0003061e363330180a0d1b090c0f273f3c39212416040119312335321a02051d0b0e263e2c291114172f3d251310223a282b2e1c34371f07152d3b382a122008,\x0002042040000204208002200011200001021020000980884404030402098000064d0003202210200023029000010820802382820002200204004120001020080820800008080220,1,\x0000000e0000002100000001ffffffff0100000026000000010000000800000000290000000100000008000000002f0000000100000008000000003000000001000000080000000031000000010000000800000000320000000100000008000000003400000001000000080000000035000000010000000800000000370000000100000008000000003a0000000100000008000000003c0000000100000008000000003d0000000100000008000000003e000000010000000800,80161777729,0,356000000,0,40080888833,7266046956,t,2026-09-24 23:47:25.971779+00,356
866f2751-48f0-4de0-a8d0-7561ee168a50,9ac44ac0-c7f6-4b33-a402-c9e92e17392b,357000000,4,2,1000000,64,64,9,\x0003061e363330180a0d1b090c0f273f3c392124160401191c2e2b130517253d3a22140210281a32351d2f2c2911233134371f07151220080b0e263e3b2d2a38,\x00020420400002042080022000112000010210200009808844040385044090024900030390c088828180002002018008802001880004010200018280020320010210200001120404,1,\x0000000f0000001900000001ffffffff000000002400000001ffffffff000000002500000001ffffffff000000002a00000001ffffffff000000002d00000001ffffffff000000002f00000001ffffffff000000003100000001ffffffff000000003300000001ffffffff000000003700000001ffffffff000000003800000001ffffffff000000003900000001ffffffff000000003a00000001ffffffff000000003b00000001ffffffff000000003d0000000200000008010000003e000000010000000800,80645058833,0,357000000,0,40322529385,7312823375,t,2026-09-24 23:50:51.569344+00,357
1aa01444-988e-4491-9fc7-6118845660fd,9ac44ac0-c7f6-4b33-a402-c9e92e17392b,358000000,4,2,1000000,64,64,9,\x0003061e363330180a0d1b090c0f273f3c39212416041215071f3725172f3d2b2e1c0e263e2c3a2810021a32351d051301190b0820382a2d3b29112331342214,\x00020420400002042080022000112000010210200009808844860080081080418800021801402022400006021040061d20100008100420081082408000a000084000198020000840,1,\x0000000d0000001800000001ffffffff000000002000000001ffffffff000000002e00000001ffffffff000000002f00000001ffffffff000000003000000001ffffffff000000003300000001ffffffff000000003600000001ffffffff000000003700000001ffffffff000000003900000001ffffffff000000003b0000000200000008010000003c0000000100000008000000003d0000000100000008000000003e000000010000000800,80928986627,0,358000000,0,40464493282,7338965921,t,2026-09-24 23:52:52.581438+00,358
a7ad1744-baca-4f97-ba51-1f48d5664aeb,9ac44ac0-c7f6-4b33-a402-c9e92e17392b,359000000,4,2,1000000,64,64,9,\x0003061e363330180a0d1b090c0f273f3c39212416041215071f2d2a382032351d05172f2c3e3b2911233119011325373426142210021a283a3d2b2e1c0e0b08,\x000204204000020420800220001120000102102000098088448600800830808020888000608408208041000410400620080244800001108081404002100114020280080002100408,0,\x0000000d0000001800000001ffffffff000000002700000001ffffffff000000002c00000001ffffffff000000002f00000001ffffffff000000003500000001ffffffff000000003700000001ffffffff000000003800000001ffffffff000000003900000001ffffffff000000003a00000001ffffffff000000003b00000001ffffffff000000003c00000001ffffffff000000003d00000001ffffffff000000003e00000001ffffffff00,81093472563,0,359000000,0,40546736250,7353090561,t,2026-09-24 23:54:02.083824+00,359
fd60b9bb-df8b-418c-95f4-721667be2b77,9ac44ac0-c7f6-4b33-a402-c9e92e17392b,360000000,4,2,1000000,64,64,9,\x0003061e363330180a0d1b090c0f273f3c3921241604122a382032351d2f3d2b2e1c34311901131002051725371f07152d3b2911230b0e263e2c14223a281a08,\x0002042040000204208002200011200001021020000980884486020880080800440002180140548a0004880049860208402000081004041084002200480002044000414000042010,1,\x0000000d0000002000000001ffffffff000000002500000001ffffffff000000002900000001ffffffff000000002c00000001ffffffff000000002e00000001ffffffff000000003000000001ffffffff0000000036000000020000000401000000380000000100000008000000003a0000000100000008000000003b0000000100000008000000003c0000000100000008000000003d0000000100000008000000003e000000010000000800,81375128379,0,360000000,0,40687564158,7377500002,t,2026-09-24 23:56:00.557201+00,360
fabf5ae8-60f9-4c87-99bf-633863ad47b9,9ac44ac0-c7f6-4b33-a402-c9e92e17392b,361000000,4,2,1000000,64,64,9,\x0003061e363330180a0d1b090c0f273f3c3921241604122a3820080b19011305172f3d252214021a32351d2b2e1c0e263e3b2d15071f3734312311292c3a2810,\x0002042040000204208002200011200001021020000980884486020880080990008800480208200022c1140c06040200411000042002046080020288000108100081201000010820,1,\x000000110000001d00000001ffffffff000000002700000001ffffffff01000000280000000100000008000000002a0000000100000008000000002c0000000100000008000000002e0000000100000008000000003400000001000000080000000035000000010000000800000000360000000100000008000000003700000001000000080000000038000000010000000800000000390000000100000008000000003a0000000100000008000000003b0000000100000008000000003c0000000100000008000000003d0000000100000008000000003e000000010000000800,81546155369,0,361000000,0,40773077653,7392354915,t,2026-09-24 23:57:12.69439+00,361
1341dac6-3edf-49a7-87c6-ccbf24ef3ff9,9ac44ac0-c7f6-4b33-a402-c9e92e17392b,362000000,4,2,1000000,64,64,9,\x0003061e363330180a0d1b090c0f273f3c3921241604122a2d15071f373431190113050210221417253d2f1d2b2e1c0e263e2c3a281a080b23353220383b2911,\x00020420400002042080022000112000010210200009808844860209800022400002042040044892804040a10008084082c1200008400408c0400002108900040440004120000820,1,\x0000000e0000001a00000001ffffffff000000002000000001ffffffff000000002800000001ffffffff000000002d00000001ffffffff000000002e00000001ffffffff000000003300000001ffffffff000000003400000001ffffffff000000003700000001ffffffff00000000390000000200000005010000003a0000000100000008000000003b0000000100000008000000003c0000000100000008000000003d0000000100000008000000003e000000010000000800,81860711327,0,362000000,0,40930355632,7421924731,t,2026-09-24 23:59:29.878573+00,362
ec27be39-8f6f-4fff-95a7-b2bee88176d3,9ac44ac0-c7f6-4b33-a402-c9e92e17392b,363000000,4,2,1000000,64,64,9,\x0003061e363330180a0d1b090c0f273f3c3921241604122a2d15071f37251301191c2e2b2810223a3d2f17142c2911233134260e0b081a02051d353220383b3e,\x000204204000020420800220001120000102102000098088448602098000224000062d10040a08802001880003010001814143021001080200220201820120010810800082408000,1,\x000000100000001a00000001ffffffff000000001f00000001ffffffff000000002200000001ffffffff000000002800000001ffffffff000000002e00000001ffffffff000000003000000001ffffffff000000003100000001ffffffff00000000330000000200000008010000003700000001000000080000000038000000010000000800000000390000000100000008000000003a0000000100000008000000003b0000000100000008000000003c0000000100000008000000003d0000000100000008000000003e000000010000000800,82020987823,0,363000000,0,41010493880,7435557008,t,2026-09-25 00:00:36.924372+00,363
b4a228e2-1f60-4cfd-af0e-ae31d679f128,9ac44ac0-c7f6-4b33-a402-c9e92e17392b,364000000,4,2,1000000,64,64,9,\x0003061e363330180a0d1b090c0f273f3c392124160412203235233119011310283a22253d2b2e1c34371f07152d2a383b291114172f1d05021a2c3e260e0b08,\x000204204000020420800220001120000102102000098088448606020280411004880008040604096000440010040200018280000404014200091080000c20100808100004080408,1,\x0000000f0000001d00000001ffffffff000000002600000001ffffffff000000002900000001ffffffff000000002b00000001ffffffff000000002c00000001ffffffff000000002e00000001ffffffff000000002f00000001ffffffff000000003200000001ffffffff000000003700000001ffffffff000000003800000001ffffffff000000003a0000000200000005010000003b0000000100000008000000003c0000000100000008000000003d0000000100000008000000003e000000010000000800,82405425849,0,364000000,0,41202712893,7470325782,t,2026-09-25 00:03:19.923074+00,364
1a927ee7-c055-4980-8d90-c6c2b238cb97,9ac44ac0-c7f6-4b33-a402-c9e92e17392b,365000000,4,2,1000000,64,64,9,\x0003061e363330180a0d1b090c0f273f3c39212416041220080b19011310020517253d2f1d1a3235233134223a282b2e1c0e263e2c1411293b382a2d15071f37,\x00020420400002042080022000112000010210200009808844860646022400220002a1000218180004820381002010040841004480002000112000020804020220000a0004100102,1,\x000000110000001b00000001ffffffff000000002600000001ffffffff000000002700000001ffffffff000000002900000001ffffffff000000002b00000001ffffffff010000002d0000000100000008000000002e0000000100000008000000002f00000001000000080000000031000000010000000800000000350000000100000008000000003600000001000000080000000037000000010000000800000000390000000100000008000000003a0000000100000008000000003c0000000100000008000000003d0000000100000008000000003e000000010000000800,82671375215,0,365000000,0,41335687576,7493561993,t,2026-09-25 00:05:12.791408+00,365
cc9ee151-fc98-49b9-9550-bef7ffe2ab45,9ac44ac0-c7f6-4b33-a402-c9e92e17392b,366000000,4,2,1000000,64,64,9,\x0003061e363330180a0d1b090c0f273f3c39212416041c2e2b130119313437252214172f3d3a281002051d35321a080b0e262311292c3e3b2d1f0715122a3820,\x00020420400002042080022000112000010210200009808844070110e480204020400030144805208100020820800210200001888800010850004120800008900001410081000220,1,\x0000000e0000001700000001ffffffff000000001a00000001ffffffff000000002400000001ffffffff000000002700000001ffffffff000000002900000001ffffffff000000003000000001ffffffff000000003300000001ffffffff000000003500000001ffffffff000000003600000001ffffffff000000003900000001ffffffff000000003a00000001ffffffff000000003b00000001ffffffff000000003d0000000200000003010000003e000000010000000800,83029121649,0,366000000,0,41514560793,7525844277,t,2026-09-25 00:07:44.142208+00,366
6e01c745-db8f-4299-bbe6-d216ccde3b22,9ac44ac0-c7f6-4b33-a402-c9e92e17392b,367000000,4,2,1000000,64,64,9,\x0003061e363330180a0d1b090c0f273f3c39212416130104071f37341c19312335321a2c3e260e0b0820382a12152d3b291114172f1d05021022253d3a282b2e,\x000204204000020420800220001120000102102000098088068800010810800147130140022080592300081008100810080424000104208004084100041008080404200001448000,1,\x000000100000001d00000001ffffffff010000001e00000001000000080000000026000000010000000800000000280000000100000008000000002c0000000100000008000000002d0000000100000008000000002e0000000100000008000000002f000000010000000800000000300000000100000008000000003100000001000000080000000036000000010000000800000000370000000100000008000000003a0000000100000008000000003c0000000100000008000000003d0000000100000008000000003e000000010000000800,83358505001,0,367000000,0,41679252469,7557230916,t,2026-09-25 00:10:04.511003+00,367
1a133d67-ec4f-4f6d-80f3-6fd1ffcd49d2,9ac44ac0-c7f6-4b33-a402-c9e92e17392b,368000000,4,2,1000000,64,64,9,\x0003061e363330180a0d1b090c0f273f3c392124161301040715122a2d1f37253d3a28100205172f1d35321a2c2911142234263e3b38202331192b2e1c0e0b08,\x000204204000020420800220001120000102102000098088068800011840201000100110042080002228800002300840002242029000080440230001029020088008080002100408,1,\x0000000a0000003000000001ffffffff000000003300000001ffffffff000000003500000001ffffffff000000003700000001ffffffff01000000380000000100000008000000003a0000000100000008000000003b0000000100000008000000003c0000000100000008000000003d0000000100000008000000003e000000010000000800,83550489273,0,368000000,0,41775244605,7574113402,t,2026-09-25 00:11:25.41853+00,368
2e570f9f-4924-435a-821e-308aeebd86de,9ac44ac0-c7f6-4b33-a402-c9e92e17392b,369000000,4,2,1000000,64,64,9,\x0003061e363330180a0d1b090c0f273f3c3921241613010407151220080b1d1a3235233b382a2d1f373431192b2e1c0e263e2c2911142225172f3d3a28100205,\x000204204000020420800220001120000102102000098088068800011840606024c0022f040280680101500040046040003220000840040880800024408a0084082080000208a000,1,\x000000110000002000000001ffffffff000000002100000001ffffffff000000002400000001ffffffff000000002600000001ffffffff000000002a00000001ffffffff000000002d00000001ffffffff000000002e00000001ffffffff000000002f00000001ffffffff000000003100000001ffffffff000000003300000001ffffffff000000003400000001ffffffff00000000390000000200000005010000003a0000000100000008000000003b0000000100000008000000003c0000000100000008000000003d0000000100000008000000003e000000010000000800,83749620721,0,369000000,0,41874810329,7591822276,t,2026-09-25 00:12:49.718948+00,369
c12d966a-0701-40f6-99f8-933ec5cdf68c,9ac44ac0-c7f6-4b33-a402-c9e92e17392b,370000000,4,2,1000000,64,64,9,\x0003061e363330180a0d1b090c0f273f3c392124161301041215071f2d2a383b3e2c291114222537343123260e0b191c2e2b1d353220081a0205172f3d3a2810,\x00020420400002042080022000112000010210200009808806880009020022c00002820001c0400012604509011020000b0004038200022048220001041001480208208000020820,1,\x0000000f0000001a00000001ffffffff000000002200000001ffffffff000000002700000001ffffffff000000002b00000001ffffffff000000002f00000001ffffffff000000003000000001ffffffff000000003300000001ffffffff000000003500000001ffffffff000000003600000001ffffffff00000000390000000200000003010000003a0000000100000008000000003b0000000100000008000000003c0000000100000008000000003d0000000100000008000000003e000000010000000800,84010778163,0,370000000,0,42005389050,7616043304,t,2026-09-25 00:14:40.854936+00,370
ed45f104-60d6-457f-ad91-4b20e5d8926d,9ac44ac0-c7f6-4b33-a402-c9e92e17392b,371000000,4,2,1000000,64,64,9,\x0003061e363330180a0d1b090c0f273f3c39212416130104122a383b2d15071f3725223a28100205171411292c3e260e0b193123353220081a1d2f3d2b2e1c34,\x000204204000020420800220001120000102102000098088068800090a2008120a08200204405032110208a000022840201040001024183814082400020820020208400022000802,0,\x0000000d0000001e00000001ffffffff000000002500000001ffffffff000000002b00000001ffffffff000000002d00000001ffffffff000000003300000001ffffffff000000003600000001ffffffff000000003700000001ffffffff000000003800000001ffffffff000000003a00000001ffffffff000000003b00000001ffffffff000000003c00000001ffffffff000000003d00000001ffffffff000000003e00000001ffffffff00,84223772651,0,371000000,0,42111886294,7635239609,t,2026-09-25 00:16:10.627202+00,371
7c78c31c-1240-42a3-905f-df3979ba63ae,9ac44ac0-c7f6-4b33-a402-c9e92e17392b,372000000,4,2,1000000,64,64,9,\x0003061e363330180a0d1b090c0f273f3c392124161301041220081a32352311292c3e261402051d2b2e1c0e0b1931342210283a3d2f1725371f07152d3b382a,\x000204204000020420800220001120000102102000098088068800091a181940200018140406088002064400032a0280000401018100214010101000101004028000414000010440,1,\x000000110000001c00000001ffffffff000000002900000001ffffffff000000002b00000001ffffffff000000002c00000001ffffffff000000002d00000001ffffffff000000002e00000001ffffffff000000003100000001ffffffff000000003200000001ffffffff000000003300000001ffffffff000000003500000001ffffffff000000003600000001ffffffff000000003700000001ffffffff000000003800000001ffffffff000000003a00000001ffffffff000000003b00000001ffffffff000000003d0000000200000004010000003e000000010000000800,84486400651,0,372000000,0,42243200294,7659155798,t,2026-09-25 00:18:02.07468+00,372
0e1c5796-e42c-47d6-8b82-507d457b8607,9ac44ac0-c7f6-4b33-a402-c9e92e17392b,373000000,4,2,1000000,64,64,9,\x0003061e363330180a0d1b090c0f273f3c392124161301193134372517051d2f3d3a22140210282b2e1c2a382032352311292c1a080b0e263e3b2d1f07041215,\x000204204000020420800220001120000102102000098088068802040204004109040501086000010503018100014024431044400010200804000122400002042000020404038200,1,\x0000000f0000002500000001ffffffff000000002700000001ffffffff000000002800000001ffffffff000000002e00000001ffffffff000000003000000001ffffffff000000003300000001ffffffff000000003400000001ffffffff000000003500000001ffffffff000000003600000001ffffffff000000003700000001ffffffff000000003800000001ffffffff000000003900000001ffffffff000000003b00000001ffffffff000000003d0000000200000008010000003e000000010000000800,84699322083,0,373000000,0,42349661010,7678421085,t,2026-09-25 00:19:31.42302+00,373
54ca0c09-0ccc-48ea-8c63-a43c3aa68904,9ac44ac0-c7f6-4b33-a402-c9e92e17392b,374000000,4,2,1000000,64,64,9,\x0003061e363330180a0d1b090c0f273f3c3921241613011931342210283a3d2f2c3e260e1c2e2b1d051725371f2d150704122a38203235233b291114021a080b,\x000204204000020420800220001120000102102000098088068802040284004140400070500400018241000440640420100004091640101010401044400010044000090082008800,1,\x0000000f0000002500000001ffffffff000000002600000001ffffffff000000002a00000001ffffffff000000002b00000001ffffffff000000002f00000001ffffffff000000003000000001ffffffff000000003200000001ffffffff000000003600000001ffffffff0000000038000000020000000601000000390000000100000008000000003a0000000100000008000000003b0000000100000008000000003c0000000100000008000000003d0000000100000008000000003e000000010000000800,84862825365,0,374000000,0,42431412651,7693220385,t,2026-09-25 00:20:39.365036+00,374
6fd62871-8d91-4b69-8fa6-219bdfdec7cf,9ac44ac0-c7f6-4b33-a402-c9e92e17392b,375000000,4,2,1000000,64,64,9,\x0003061e363330180a0d1b090c0f273f3c392124161301193134263e2c1a32351d2f3d2b2e1c0e0b08202311293b382a2d151204071f37251714223a28100205,\x0002042040000204208002200011200001021020000980880688020402842200230f810040042080110004200810081400414000044001804000148000011080602020000208a000,1,\x0000000f0000002400000001ffffffff000000002600000001ffffffff000000002800000001ffffffff000000002c00000001ffffffff000000002e00000001ffffffff000000003200000001ffffffff000000003300000001ffffffff000000003400000001ffffffff000000003500000001ffffffff000000003600000001ffffffff000000003900000001ffffffff010000003b0000000100000008000000003c0000000100000008000000003d0000000100000008000000003e000000010000000800,85053774413,0,375000000,0,42526887175,7709688121,t,2026-09-25 00:21:57.884447+00,375
f0386c51-22ee-4a24-9e19-52ffaacf94c6,9ac44ac0-c7f6-4b33-a402-c9e92e17392b,376000000,4,2,1000000,64,64,9,\x0003061e363330180a0d1b090c0f273f3c39212416130119312335321a2c3e260e0b0820120407152d1f1c2e2b1d050210283a223437253d2f171411293b382a,\x0002042040000204208002200011200001021020000980880688020402098000668d0028402040204028500004043051100001921008080808082220000802808040804040000440,1,\x0000000e0000002200000001ffffffff000000002700000001ffffffff000000002b0000000200000003010000003100000001000000080000000034000000010000000800000000350000000100000008000000003700000001000000080000000038000000010000000800000000390000000100000008000000003a0000000100000008000000003b0000000100000008000000003c0000000100000008000000003d0000000100000008000000003e000000010000000800,85222952963,0,376000000,0,42611476450,7724373849,t,2026-09-25 00:23:07.464084+00,376
0a769b0d-313a-4196-a640-a2ef69767b16,9ac44ac0-c7f6-4b33-a402-c9e92e17392b,377000000,4,2,1000000,64,64,9,\x0003061e363330180a0d1b090c0f273f3c392124161301192b2e1c041220382a2d15071f37253d3a28102214021a080b0e2634312311293b3e2c2f17051d3532,\x0002042040000204208002200011200001021020000980880688020602800092a08101400180002240000601082080081014a3008900010820800008040101014004000282000108,1,\x000000100000001900000001ffffffff000000001f00000001ffffffff000000002200000001ffffffff000000002300000001ffffffff000000002e000000020000000801000000300000000100000008000000003200000001000000080000000033000000010000000800000000350000000100000008000000003700000001000000080000000038000000010000000800000000390000000100000008000000003b0000000100000008000000003c0000000100000008000000003d0000000100000008000000003e000000010000000800,85476544963,0,377000000,0,42738272450,7747407627,t,2026-09-25 00:24:53.02694+00,377
9e5c2fca-b190-4447-8776-7c39e87d6daf,9ac44ac0-c7f6-4b33-a402-c9e92e17392b,378000000,4,2,1000000,64,64,9,\x0003061e363330180a0d1b090c0f273f3c392124161301190b0820120407152331342210283a2c3e260e1c2e2b1d05172f3d25371f2d2a383b291114021a3235,\x000204204000020420800220001120000102102000098088068802862210300428000206080284024140402001408020100041901509041000110004010404014000090082008100,0,\x000000120000002000000001ffffffff000000002900000001ffffffff000000002b00000001ffffffff000000002e00000001ffffffff000000003000000001ffffffff000000003100000001ffffffff000000003200000001ffffffff000000003300000001ffffffff000000003400000001ffffffff000000003600000001ffffffff000000003700000001ffffffff000000003800000001ffffffff000000003900000001ffffffff000000003a00000001ffffffff000000003b00000001ffffffff000000003c00000001ffffffff000000003d00000001ffffffff000000003e00000001ffffffff00,85690733749,0,378000000,0,42845366843,7766291674,t,2026-09-25 00:26:22.787933+00,378
1e524462-5af6-4fb4-9536-ed94f187d379,9ac44ac0-c7f6-4b33-a402-c9e92e17392b,379000000,4,2,1000000,64,64,9,\x0003061e363330180a0d1b090c0f273f3c392124161310283a3d2f1d35321a02051725221411292c3e3b382a2d15071f37343123260e0b0820120401191c2e2b,\x000204204000020420800220001120000102102000098088060c02020280834300021030010420900088028100022040001600082402042040001400080408040001824020800008,1,\x0000000a0000002000000001ffffffff000000002700000001ffffffff000000003000000001ffffffff000000003400000001ffffffff000000003700000001ffffffff000000003800000001ffffffff000000003900000001ffffffff000000003b00000001ffffffff000000003d0000000200000001010000003e000000010000000800,85975690679,0,379000000,0,42987845308,7791498525,t,2026-09-25 00:28:22.066708+00,379
32ff3cfb-2860-4030-91f2-e1bca0bf8e37,9ac44ac0-c7f6-4b33-a402-c9e92e17392b,380000000,4,2,1000000,64,64,9,\x0003061e363330180a0d1b090c0f273f3c392124161310282b2e1c0e263e3b382032352315071f2d2a1204011931343725221411292c3a3d2f1705021a080b1d,\x000204204000020420800220001120000102102000098088060c02030280004480000408c0040400818e120104108000824080408000202810824020008200808080804020440001,1,\x000000100000001900000001ffffffff000000002700000001ffffffff000000002800000001ffffffff000000002900000001ffffffff000000002a00000001ffffffff000000002b00000001ffffffff000000002d00000001ffffffff000000002f00000001ffffffff000000003300000001ffffffff000000003400000001ffffffff000000003600000001ffffffff000000003700000001ffffffff000000003900000001ffffffff000000003b00000001ffffffff000000003d0000000200000008010000003e000000010000000800,86218983853,0,380000000,0,43109491895,7812758605,t,2026-09-25 00:30:03.779267+00,380
dac5adb9-caca-4109-9864-f1c5967b1d54,9ac44ac0-c7f6-4b33-a402-c9e92e17392b,381000000,4,2,1000000,64,64,9,\x0003061e363330180a0d1b090c0f273f3c392124161310281a082032351d0b0e263e2c140205172f3d3a22253734312311293b382a12152d1f07041c2e2b1901,\x000204204000020420800220001120000102102000098088060c02834814101000889a000408c0c80222800002082000092000020460200808800028480002808040a02000020820,1,\x0000000f0000001b00000001ffffffff000000002400000001ffffffff000000002500000001ffffffff000000002700000001ffffffff000000002900000001ffffffff000000002b00000001ffffffff000000003000000001ffffffff000000003100000001ffffffff000000003300000001ffffffff000000003700000001ffffffff000000003900000001ffffffff000000003b00000001ffffffff010000003c0000000100000008000000003d0000000100000008000000003e000000010000000800,86446174567,0,381000000,0,43223087252,7832772758,t,2026-09-25 00:31:38.800519+00,381
dabe5b8c-2aa7-4bf4-9ece-575405e5db7a,9ac44ac0-c7f6-4b33-a402-c9e92e17392b,382000000,4,2,1000000,64,64,9,\x0003061e363330180a0d1b090c0f273f3c3921241613100205171411233134223a281a32351d2b2e1c0e263e3b292c2f3d25371f0715120401190b0820382a2d,\x000204204000020420800220001120000102102000098088060c4201047080604041801005400422100088820020201120000344800008800800820401054010080082408000a000,1,\x000000120000002400000001ffffffff000000002700000001ffffffff000000002a00000001ffffffff000000002d00000001ffffffff000000002e00000001ffffffff000000002f00000001ffffffff000000003000000001ffffffff000000003100000001ffffffff000000003200000001ffffffff000000003600000001ffffffff010000003700000001000000080000000038000000010000000800000000390000000100000008000000003a0000000100000008000000003b0000000100000008000000003c0000000100000008000000003d0000000100000008000000003e000000010000000800,86731278525,0,382000000,0,43365639231,7858539162,t,2026-09-25 00:33:39.259189+00,382
183ad6c5-52ca-4696-8151-a38705dd9854,9ac44ac0-c7f6-4b33-a402-c9e92e17392b,383000000,4,2,1000000,64,64,9,\x0003061e363330180a0d1b090c0f273f3c392124161310021411230b0e263e2c293b3820081a32351d05172f3d25371f2d2a1c2e2b283a223431190104071512,\x000204204000020420800220001120000102102000098088060c42032018f816800001181004400002440081004080082080008a0028082000130001820020022000011220000208,1,\x000000100000002000000001ffffffff000000002400000001ffffffff000000002600000001ffffffff000000002700000001ffffffff000000002900000001ffffffff000000002b00000001ffffffff000000003300000001ffffffff000000003500000001ffffffff000000003600000001ffffffff000000003700000001ffffffff000000003800000001ffffffff000000003900000001ffffffff000000003a00000001ffffffff000000003b00000001ffffffff000000003d0000000200000003010000003e000000010000000800,86992156251,0,383000000,0,43496078094,7881509532,t,2026-09-25 00:35:28.586754+00,383
48bb43ba-6208-40be-97b0-4a132b91805f,9ac44ac0-c7f6-4b33-a402-c9e92e17392b,384000000,4,2,1000000,64,64,9,\x0003061e363330180a0d1b090c0f273f3c392124161310223a282b2e1c0e0b081a2c291114020517253d2f1d353220382a121523263e3b2d1f37343119010407,\x000204204000020420800220001120000102102000098088060c4305400408000210050c028e480012004400010c0800024100020802808004621480000440800840800004488000,1,\x0000000f0000001b00000001ffffffff000000002500000001ffffffff000000002900000001ffffffff000000002a00000001ffffffff000000002b00000001ffffffff000000002d00000001ffffffff000000003500000001ffffffff000000003600000001ffffffff000000003700000001ffffffff00000000390000000200000006010000003a0000000100000008000000003b0000000100000008000000003c0000000100000008000000003d0000000100000008000000003e000000010000000800,87319096739,0,384000000,0,43659548338,7910462918,t,2026-09-25 00:37:46.684735+00,384
25416a6f-3ca3-4852-a810-2a3ee33b15ed,9ac44ac0-c7f6-4b33-a402-c9e92e17392b,385000000,4,2,1000000,64,64,9,\x0003061e363330180a0d1b090c0f273f3c392124161310221402051d2b2e1c1f07152d2a383b29112335321a283a3d253734311901041220080b0e263e2c2f17,\x000204204000020420800220001120000102102000098088060c4387600430e020008840443010808020400820020440008340400020022040000224000204400204204000440020,1,\x000000110000001d00000001ffffffff000000002700000001ffffffff000000002900000001ffffffff000000002c00000001ffffffff0000000030000000020000000701000000320000000100000008000000003400000001000000080000000035000000010000000800000000360000000100000008000000003700000001000000080000000038000000010000000800000000390000000100000008000000003a0000000100000008000000003b0000000100000008000000003c0000000100000008000000003d0000000100000008000000003e000000010000000800,87619912665,0,385000000,0,43809956301,7936972147,t,2026-09-25 00:39:53.248012+00,385
72b7c543-f0a6-4a27-93b8-6423bcc9889b,9ac44ac0-c7f6-4b33-a402-c9e92e17392b,386000000,4,2,1000000,64,64,9,\x0003061e363330180a0d1b090c0f273f3c392124161305172f1d35321a28100214223a2c3e3b2911232634311901041220382a2d15071f37253d2b2e1c0e0b08,\x000204204000020420800220001120000102102000098088062c010450108000060d10400238140824000a08200202208100044880040908000a0004100102200880080002100408,1,\x000000100000001f00000001ffffffff000000002600000001ffffffff000000002700000001ffffffff000000002b00000001ffffffff000000002d00000001ffffffff000000003100000002000000060100000034000000010000000800000000350000000100000008000000003700000001000000080000000038000000010000000800000000390000000100000008000000003a0000000100000008000000003b0000000100000008000000003c0000000100000008000000003d0000000100000008000000003e000000010000000800,87849053385,0,386000000,0,43924526661,7957198927,t,2026-09-25 00:41:29.328931+00,386
ecc51380-bedf-456a-ac4d-327848a3f6eb,9ac44ac0-c7f6-4b33-a402-c9e92e17392b,387000000,4,2,1000000,64,64,9,\x0003061e363330180a0d1b090c0f273f3c39212416130517253734223a2c293b3e260e0b081a281002141123311901041215071f2d2a1c2e2b3d2f1d35322038,\x000204204000020420800220001120000102102000098088062c010c0440814122d404210180808100410003208004401080000890000d0200228000022201100400024100020802,1,\x000000110000002000000001ffffffff000000002700000001ffffffff000000002800000001ffffffff000000002900000001ffffffff000000002a00000001ffffffff000000002c00000001ffffffff000000002e00000001ffffffff000000003200000001ffffffff000000003400000001ffffffff000000003600000002000000080100000037000000010000000800000000390000000100000008000000003a0000000100000008000000003b0000000100000008000000003c0000000100000008000000003d0000000100000008000000003e000000010000000800,88108847397,0,387000000,0,44054423667,7980288971,t,2026-09-25 00:43:19.043573+00,387
704c6b2d-7a22-4479-a724-ec335e122ff8,9ac44ac0-c7f6-4b33-a402-c9e92e17392b,388000000,4,2,1000000,64,64,9,\x0003061e363330180a0d1b090c0f273f3c392124161305171422253d2f1d35321a0210283a2c3e262311293b3820080b0e1c2e2b193134371f2d2a1215070401,\x000204204000020420800220001120000102102000098088062c011c7404300009060108608020202000900020584010100001089000011008800082408000401040001200100408,1,\x000000100000002100000001ffffffff000000002200000001ffffffff000000002400000001ffffffff000000002900000001ffffffff000000002a00000001ffffffff000000002e00000001ffffffff000000003000000001ffffffff000000003200000001ffffffff000000003300000001ffffffff000000003500000002000000060100000036000000010000000800000000370000000100000008000000003a0000000100000008000000003c0000000100000008000000003d0000000100000008000000003e000000010000000800,88400257613,0,388000000,0,44200128775,8005728384,t,2026-09-25 00:45:21.540767+00,388
a1eeb555-0664-4303-ac02-d49afd68492a,9ac44ac0-c7f6-4b33-a402-c9e92e17392b,389000000,4,2,1000000,64,64,9,\x0003061e363330180a0d1b090c0f273f3c3921241613050210281a32351d2f17253734223a3d2b2e1c1f0704011931233b3e2c291114260e0b0820382a2d1512,\x000204204000020420800220001120000102102000098088062c0908080c221000880020080440814120008800200200810081000140f50280800024800020102010200028001008,1,\x0000000e0000002500000001ffffffff000000002700000001ffffffff000000002c00000001ffffffff000000002e00000001ffffffff000000003300000001ffffffff000000003400000001ffffffff000000003500000001ffffffff000000003600000001ffffffff000000003700000001ffffffff000000003800000001ffffffff000000003900000001ffffffff000000003b00000001ffffffff000000003d0000000200000006010000003e000000010000000800,88614084535,0,389000000,0,44307042236,8024536101,t,2026-09-25 00:46:51.557095+00,389
0da9c41d-bbf9-47f2-80b8-0260164ba79c,9ac44ac0-c7f6-4b33-a402-c9e92e17392b,390000000,4,2,1000000,64,64,9,\x0003061e363330180a0d1b090c0f273f3c3921241613050210221417253734311901041215071f2d3b3e260e0b081a32351d2f3d3a282b2e1c2a38202311292c,\x000204204000020420800220001120000102102000098088062c09080c1c0a804000040840800448100010010418020001820182010201c008400001448000201020001200048100,1,\x0000000c0000002100000001ffffffff000000002500000001ffffffff0000000035000000020000000701000000360000000100000008000000003700000001000000080000000038000000010000000800000000390000000100000008000000003a0000000100000008000000003b0000000100000008000000003c0000000100000008000000003d0000000100000008000000003e000000010000000800,88850535249,0,390000000,0,44425267593,8045378755,t,2026-09-25 00:48:31.056091+00,390
afbf86df-dfe0-47f1-993b-fcfa10a9dbb2,9ac44ac0-c7f6-4b33-a402-c9e92e17392b,391000000,4,2,1000000,64,64,9,\x0003061e363330180a0d1b090c0f273f3c392124161305021a3235233b382a2d15071f3725171411292c3e260e0b1d2f3d3a2210282b2e1c3431190104122008,\x000204204000020420800220001120000102102000098088062c090e080400d32b02b000402011200002100508040208000204820401082080014120400010042000011200010220,0,\x0000000f0000002700000001ffffffff000000002800000001ffffffff000000002a00000001ffffffff000000002e00000001ffffffff000000002f00000001ffffffff000000003300000001ffffffff000000003400000001ffffffff000000003600000001ffffffff000000003800000001ffffffff000000003900000001ffffffff000000003a00000001ffffffff000000003b00000001ffffffff000000003c00000001ffffffff000000003d00000001ffffffff000000003e00000001ffffffff00,89096625601,0,391000000,0,44548312769,8066912763,t,2026-09-25 00:50:13.966915+00,391
2e64517c-a7ec-4f6b-a2dd-4587d65400d9,9ac44ac0-c7f6-4b33-a402-c9e92e17392b,392000000,4,2,1000000,64,64,9,\x0003061e363330180a0d1b090c0f273f3c3921241613051d35321a282b2e1c2a2d1f071512040119312311293b3820080b0e26343725172f3d3a221002142c3e,\x000204204000020420800220001120000102102000098088062c0b0420804113240088440900114100011004020402c1202000021020010210601000042102082000010148000101,1,\x0000000f0000001d00000001ffffffff000000002500000001ffffffff000000002600000001ffffffff000000002d00000001ffffffff000000002e00000001ffffffff000000002f00000001ffffffff000000003000000001ffffffff000000003100000001ffffffff000000003300000001ffffffff0100000034000000010000000800000000380000000100000008000000003b0000000100000008000000003c0000000100000008000000003d0000000100000008000000003e000000010000000800,89335040201,0,392000000,0,44667520069,8087739259,t,2026-09-25 00:51:53.431026+00,392
028a28b7-531a-4b7a-95f7-c793b33f4fc6,9ac44ac0-c7f6-4b33-a402-c9e92e17392b,393000000,4,2,1000000,64,64,9,\x0003061e363330180a0d1b090c0f273f3c392124161325371f07152d3b3e2c2911141705021a2810223a3d2f1d353220382a120401192b2e1c343123260e0b08,\x000204204000020420800220001120000102102000098088862c01408020208021001808400204200181010b20020804000482000410040001010481808000200840001400080408,1,\x0000000e0000001f00000001ffffffff000000002700000001ffffffff000000002900000001ffffffff000000002b00000001ffffffff000000002e00000001ffffffff0000000030000000020000000601000000320000000100000008000000003400000001000000080000000036000000010000000800000000370000000100000008000000003a0000000100000008000000003c0000000100000008000000003d0000000100000008000000003e000000010000000800,89670424597,0,393000000,0,44835212267,8117542979,t,2026-09-25 00:54:14.135122+00,393
dcec9ad8-dc3d-4f94-9d03-87079a108609,9ac44ac0-c7f6-4b33-a402-c9e92e17392b,394000000,4,2,1000000,64,64,9,\x0003061e363330180a0d1b090c0f273f3c392124161325373431190104071f2d15122a383b2911140210223a282b3d2f17051d3523263e2c1a3220080b0e1c2e,\x000204204000020420800220001120000102102000098088862c015020000112200001044020104010200490012b1208201022c00040404010200023000110200880001220000201,1,\x0000000d0000001b00000001ffffffff000000002a00000001ffffffff000000002e00000002000000080100000030000000010000000800000000310000000100000008000000003600000001000000080000000037000000010000000800000000390000000100000008000000003a0000000100000008000000003b0000000100000008000000003c0000000100000008000000003d0000000100000008000000003e000000010000000800,89894021051,0,394000000,0,44947010494,8137021036,t,2026-09-25 00:55:47.592843+00,394
fae77804-11a6-4a5d-ab12-bad271df18af,9ac44ac0-c7f6-4b33-a402-c9e92e17392b,395000000,4,2,1000000,64,64,9,\x0003061e363330180a0d1b090c0f273f3c3921241613253d3a2234371f070412152d2a382032351d05172f2c1a080b0e1c2e2b2810021411293b3e2623311901,\x000204204000020420800220001120000102102000098088862c0310c08808000408060c010840401044400030420410802003448000080440800004900009040404000201011020,1,\x0000000e0000001b00000001ffffffff000000001f00000001ffffffff010000002a0000000100000008000000002d00000001000000080000000031000000010000000800000000330000000100000008000000003400000001000000080000000035000000010000000800000000380000000100000008000000003a0000000100000008000000003b0000000100000008000000003c0000000100000008000000003d0000000100000008000000003e000000010000000800,90138305493,0,395000000,0,45069152715,8158409038,t,2026-09-25 00:57:29.85115+00,395
02ebcf69-3021-4e25-b520-5c3c8a461bb5,9ac44ac0-c7f6-4b33-a402-c9e92e17392b,396000000,4,2,1000000,64,64,9,\x0003061e363330180a0d1b090c0f273f3c39212416132517051d0b0820382a120401193134371f07152d3b3e2614021a32352311292c2f3d3a2210282b2e1c0e,\x000204204000020420800220001120000102102000098088862c432028b88860c00020208120102010200010200808200800040e0e06040280004120400004108080201020000840,0,\x000000110000002100000001ffffffff000000002500000001ffffffff000000002700000001ffffffff000000002900000001ffffffff000000002d00000001ffffffff000000003000000001ffffffff000000003100000001ffffffff000000003200000001ffffffff000000003300000001ffffffff000000003400000001ffffffff000000003600000001ffffffff000000003900000001ffffffff000000003a00000001ffffffff000000003b00000001ffffffff000000003c00000001ffffffff000000003d00000001ffffffff000000003e00000001ffffffff00,90461223185,0,396000000,0,45230611561,8187070159,t,2026-09-25 00:59:45.789815+00,396
c99f7d30-b0ee-4734-ac98-c90df0694808,9ac44ac0-c7f6-4b33-a402-c9e92e17392b,397000000,4,2,1000000,64,64,9,\x0003061e363330180a0d1b090c0f273f3c3921241613252234371f07040119312311292c3a3d2f1d1a080b0e1c2e2b281002051714263e3b382a2d1512203235,\x000204204000020420800220001120000102102000098088862c4b26020001820102010280441018a0200020307c580408c040000408400005100041000108108005000201818000,1,\x000000130000001900000001ffffffff000000001d00000001ffffffff000000001f00000001ffffffff000000002800000001ffffffff010000002a0000000100000008000000002d0000000100000008000000002e0000000100000008000000002f0000000100000008000000003000000001000000080000000032000000010000000800000000330000000100000008000000003400000001000000080000000035000000010000000800000000360000000100000008000000003a0000000100000008000000003b0000000100000008000000003c0000000100000008000000003d0000000100000008000000003e000000010000000800,90765058471,0,397000000,0,45382529204,8213332886,t,2026-09-25 01:01:52.996458+00,397
090b0b8b-c112-4fb3-bf7c-82171c025568,9ac44ac0-c7f6-4b33-a402-c9e92e17392b,398000000,4,2,1000000,64,64,9,\x0003061e363330180a0d1b090c0f273f3c39212416132b2e1c0e0b0820120401193134371f07152d2a383b3e262335321a021022253d2f1d05171411292c3a28,\x00020420400002042080022000112000010210200009808886ad00200051c040c0102108040804080004080202101004080004820008409224301080002410400440804020000210,1,\x0000000f0000001700000001ffffffff000000001f00000001ffffffff000000002000000001ffffffff000000002500000001ffffffff000000002800000001ffffffff000000002900000001ffffffff000000002f00000001ffffffff000000003300000001ffffffff010000003700000001000000080000000038000000010000000800000000390000000100000008000000003b0000000100000008000000003c0000000100000008000000003d0000000100000008000000003e000000010000000800,90962871533,0,398000000,0,45481435735,8230234932,t,2026-09-25 01:03:13.774466+00,398
d7349643-25b7-4704-b065-817a583335a4,9ac44ac0-c7f6-4b33-a402-c9e92e17392b,399000000,4,2,1000000,64,64,9,\x0003061e363330180a0d1b090c0f273f3c39212416132b2e1c19010407152d1f3734312320122a383b3e2c291114223a2810020517253d2f1d35321a080b0e26,\x00020420400002042080022000112000010210200009808886ad00203201091080010540042040007407100104010280810024c082022180000a2000010140200840000222400002,1,\x000000140000001700000001ffffffff000000001a00000001ffffffff000000001f00000001ffffffff000000002200000001ffffffff000000002500000001ffffffff000000002600000001ffffffff000000002700000001ffffffff000000002b00000001ffffffff000000002c00000001ffffffff000000002e00000001ffffffff0100000031000000010000000800000000350000000100000008000000003600000001000000080000000037000000010000000800000000390000000100000008000000003a0000000100000008000000003b0000000100000008000000003c0000000100000008000000003d0000000100000008000000003e000000010000000800,91186680237,0,399000000,0,45593340087,8249629993,t,2026-09-25 01:04:45.595112+00,399
7259cf24-8e5f-4ece-8dce-b11ec7b0e275,9ac44ac0-c7f6-4b33-a402-c9e92e17392b,400000000,4,2,1000000,64,64,9,\x0003061e363330180a0d1b090c0f273f3c3921241215071f373431190104162e1c0e0b081a282b1310223a3d25172f2c3e261402051d353220382a2d3b231129,\x00020420400002042080022000112000010210200009802a002002042040000224800002201051806080410021100415080004100118028080001180000108200a000a80000c0802,1,\x000000090000002c00000001ffffffff000000003300000001ffffffff000000003400000001ffffffff000000003500000001ffffffff000000003700000001ffffffff000000003a00000001ffffffff000000003b00000001ffffffff000000003d0000000200000008010000003e000000010000000800,91461089005,0,400000000,0,45730544471,8273839479,t,2026-09-25 01:06:41.350814+00,400
9a7e3a96-37b1-4da4-bece-0c0ef94d7a29,9ac44ac0-c7f6-4b33-a402-c9e92e17392b,401000000,4,2,1000000,64,64,9,\x0003061e363330180a0d1b090c0f273f3c3921241215071f373431191c0e0b081a28100205172f1d353220382a2d3b3e262311292c3a3d2b2e16040113252214,\x00020420400002042080022000112000010210200009802a002002042040001244190508061808011440000110042080200028008200402080201000490010018080802040000440,1,\x0000000c0000002900000001ffffffff000000002c00000001ffffffff000000002d00000001ffffffff000000003100000001ffffffff000000003300000001ffffffff000000003500000001ffffffff01000000380000000100000008000000003a0000000100000008000000003b0000000100000008000000003c0000000100000008000000003d0000000100000008000000003e000000010000000800,91635994633,0,401000000,0,45817997285,8289857179,t,2026-09-25 01:07:54.385343+00,401
03959683-f042-49e1-aca5-fd7cdf8dd2d4,9ac44ac0-c7f6-4b33-a402-c9e92e17392b,402000000,4,2,1000000,64,64,9,\x0003061e363330180a0d1b090c0f273f3c3921241215071f3734312311292c3e260e1c2a2d3b382032351d05021a080b190104162e2b283a3d2513102214172f,\x00020420400002042080022000112000010210200009802a002002042040002682c000015080605010000104200202009123c1008800088004104000020401018081802000500002,1,\x0000000e0000002400000001ffffffff000000002500000001ffffffff000000002600000001ffffffff000000002900000001ffffffff000000002e00000001ffffffff000000002f00000001ffffffff000000003200000001ffffffff000000003400000001ffffffff000000003900000001ffffffff010000003a0000000100000008000000003b0000000100000008000000003c0000000100000008000000003d0000000100000008000000003e000000010000000800,91802707127,0,402000000,0,45901353532,8304945310,t,2026-09-25 01:09:03.76796+00,402
9edf8688-fa88-4284-8927-221f2438f959,9ac44ac0-c7f6-4b33-a402-c9e92e17392b,403000000,4,2,1000000,64,64,9,\x0003061e363330180a0d1b090c0f273f3c3921241215071f37342210283a3d25172f1d353220382a2d3b3e2c29111426233119011305021a080b0e1c04162e2b,\x00020420400002042080022000112000010210200009802a0020020420c02841404000208008c0200001040140011004000101480001101000113280100402200204400044000108,1,\x0000000c0000002800000001ffffffff000000002c00000001ffffffff000000003100000001ffffffff0000000035000000020000000801000000360000000100000008000000003700000001000000080000000038000000010000000800000000390000000100000008000000003a0000000100000008000000003c0000000100000008000000003d0000000100000008000000003e000000010000000800,92009039545,0,403000000,0,46004519741,8323225110,t,2026-09-25 01:10:29.465137+00,403
52abac44-dc70-400a-822d-00eb1a2c6457,9ac44ac0-c7f6-4b33-a402-c9e92e17392b,404000000,4,2,1000000,64,64,9,\x0003061e363330180a0d1b090c0f273f3c3921241215071f37341c2e2b2810223a3d25172f2c291114021a32351d0513160401193123260e0b0820382a2d3b3e,\x00020420400002042080022000112000010210200009802a0020020420c0130045821001040200014500820420014014201000081004014040204000500022102010200028008200,1,\x0000000c0000002e00000001ffffffff000000003000000001ffffffff000000003100000001ffffffff000000003200000001ffffffff000000003400000001ffffffff000000003700000002000000080100000038000000010000000800000000390000000100000008000000003a0000000100000008000000003c0000000100000008000000003d0000000100000008000000003e000000010000000800,92234133033,0,404000000,0,46117066485,8342787624,t,2026-09-25 01:12:03.200089+00,404
59513a76-88e0-4c7f-98fc-129f7eddabfc,9ac44ac0-c7f6-4b33-a402-c9e92e17392b,405000000,4,2,1000000,64,64,9,\x0003061e363330180a0d1b090c0f273f3c3921241215071f37253d3a2c291114172f1d2b2e161305021a28102234311901041c0e0b0820382a2d3b3e26233532,\x00020420400002042080022000112000010210200009802a00200204601080006e029000010880601200080c40101820002240000420400210404401020103800220080004820008,0,\x0000000f0000002100000001ffffffff000000002700000001ffffffff000000002a00000001ffffffff000000002b00000001ffffffff000000002c00000001ffffffff000000003000000001ffffffff000000003100000001ffffffff000000003500000001ffffffff000000003700000001ffffffff000000003800000001ffffffff000000003900000001ffffffff000000003b00000001ffffffff000000003c00000001ffffffff000000003d00000001ffffffff000000003e00000001ffffffff00,92443545635,0,405000000,0,46221772786,8361331078,t,2026-09-25 01:13:30.641206+00,405
4de6d764-cf64-413c-8bc6-41068dec1585,9ac44ac0-c7f6-4b33-a402-c9e92e17392b,406000000,4,2,1000000,64,64,9,\x0003061e363330180a0d1b090c0f273f3c3921241215071f3725172f3d3a282b2e16041c0e0b2311292c3e26140210223431190113051d35321a0820382a2d3b,\x00020420400002042080022000112000010210200009802a002002046010228000028820018080a08088820715040208808202450201022000012200100102108080204020500004,1,\x0000000d0000002f00000001ffffffff000000003000000001ffffffff000000003100000001ffffffff000000003200000001ffffffff000000003300000001ffffffff000000003400000001ffffffff000000003500000001ffffffff000000003700000001ffffffff000000003900000001ffffffff000000003a00000001ffffffff000000003b00000001ffffffff000000003d0000000200000008010000003e000000010000000800,92662705979,0,406000000,0,46331352958,8381401909,t,2026-09-25 01:15:02.622212+00,406
f3cdb1c4-65b7-42d7-8131-fd5fafabdb9b,9ac44ac0-c7f6-4b33-a402-c9e92e17392b,407000000,4,2,1000000,64,64,9,\x0003061e363330180a0d1b090c0f273f3c3921241215071f37251705132b28100214223431190104162e1c0e263e2c3a3d2f1d352311293b2d2a3820321a080b,\x00020420400002042080022000112000010210200009802a0020020460102281a1c60420800420300001089000020880404480000c04010081200003040101802020002200088800,1,\x0000000e0000002600000001ffffffff000000002800000001ffffffff000000002900000001ffffffff000000002f00000001ffffffff000000003000000001ffffffff000000003100000001ffffffff00000000350000000200000006010000003600000001000000080000000038000000010000000800000000390000000100000008000000003a0000000100000008000000003c0000000100000008000000003d0000000100000008000000003e000000010000000800,92874134201,0,407000000,0,46437067069,8400657282,t,2026-09-25 01:16:31.697258+00,407
fc09ba24-6e2b-47a2-8e2e-d8184406767d,9ac44ac0-c7f6-4b33-a402-c9e92e17392b,408000000,4,2,1000000,64,64,9,\x0003061e363330180a0d1b090c0f273f3c3921241215071f3725223a2810021411292c3e26343119011305172f3d2b2e16041c0e0b0820382a2d3b23351d1a32,\x00020420400002042080022000112000010210200009802a00200204605032100208a0011108041000050104204006041240000188004040100004418281038002200022000a0402,1,\x0000000b0000002b00000001ffffffff000000002d00000001ffffffff000000003000000001ffffffff000000003100000001ffffffff000000003300000001ffffffff000000003800000001ffffffff000000003900000001ffffffff000000003a00000001ffffffff000000003b00000001ffffffff000000003d0000000200000008010000003e000000010000000800,93089036175,0,408000000,0,46544518056,8419795297,t,2026-09-25 01:18:01.832624+00,408
9eb35766-d80e-44e4-8f57-f632475b2f2b,9ac44ac0-c7f6-4b33-a402-c9e92e17392b,409000000,4,2,1000000,64,64,9,\x0003061e363330180a0d1b090c0f273f3c3921241215071f372513100205172f3d2b283a2214112331341c0e263e2c293b2d2a3820081a32351d0b190104162e,\x00020420400002042080022000112000010210200009802a0020020460d08a61288000020860441000441004030a0200d34680000808020041400044c80002018080400024800002,0,\x0000000e0000002b00000001ffffffff000000002c00000001ffffffff000000002f00000001ffffffff000000003100000001ffffffff000000003200000001ffffffff000000003300000001ffffffff000000003700000001ffffffff000000003800000001ffffffff000000003900000001ffffffff000000003a00000001ffffffff000000003b00000001ffffffff000000003c00000001ffffffff000000003d00000001ffffffff000000003e00000001ffffffff00,93340063455,0,409000000,0,46670031696,8442877920,t,2026-09-25 01:19:47.786567+00,409
031834f7-5c4a-41ce-af6f-e89c76fdf58d,9ac44ac0-c7f6-4b33-a402-c9e92e17392b,410000000,4,2,1000000,64,64,9,\x0003061e363330180a0d1b090c0f273f3c3921241215071f2d2a383b3e260e0b081a282b191c2e1604011305021022253d3a2c291114172f1d35322023313437,\x00020420400002042080022000112000010210200009802a0020020c202008100008100c100c301832a2880020202008804401818003062000820024400002200840001100418000,0,\x000000100000002600000001ffffffff000000002800000001ffffffff000000002900000001ffffffff000000002d00000001ffffffff000000003000000001ffffffff000000003100000001ffffffff000000003300000001ffffffff000000003500000001ffffffff000000003600000001ffffffff000000003700000001ffffffff000000003800000001ffffffff000000003a00000001ffffffff000000003b00000001ffffffff000000003c00000001ffffffff000000003d00000001ffffffff000000003e00000001ffffffff00,93466494909,0,410000000,0,46733247423,8453722001,t,2026-09-25 01:20:40.736295+00,410
0f5acab7-c033-4b48-b656-9c96dacc2a7f,9ac44ac0-c7f6-4b33-a402-c9e92e17392b,411000000,4,2,1000000,64,64,9,\x0003061e363330180a0d1b090c0f273f3c3921241215071f2d2a383b3e2c29111402051d0b0e2623353220081a2810223a3d2f1725373431191c2e2b13010416,\x00020420400002042080022000112000010210200009802a0020020c20200810000c0420014604306023000108022080002200811001040200028240000408400208800024440001,1,\x0000000d0000001e00000001ffffffff000000002800000001ffffffff000000002a00000001ffffffff000000002b00000001ffffffff000000002c00000001ffffffff000000003000000001ffffffff000000003200000001ffffffff000000003300000001ffffffff000000003500000001ffffffff000000003700000001ffffffff000000003b00000001ffffffff000000003d0000000200000008010000003e000000010000000800,93574829451,0,411000000,0,46787414694,8462758615,t,2026-09-25 01:21:25.771416+00,411
e0512a7e-cb7a-4295-982d-8556f1019eb6,9ac44ac0-c7f6-4b33-a402-c9e92e17392b,412000000,4,2,1000000,64,64,9,\x0003061e363330180a0d1b090c0f273f3c3921241215071f2d2a383b2911142c3e2623351d2f17050210223a281a3220080b0e1c2e160401132b3d2537343119,\x00020420400002042080022000112000010210200009802a0020020c2020081002488013028060110045001010101808201002100110400204402000080808020c08002200020420,1,\x0000000b0000002000000001ffffffff000000002e00000001ffffffff000000002f00000001ffffffff000000003000000001ffffffff000000003200000001ffffffff000000003600000001ffffffff000000003a0000000200000005010000003b0000000100000008000000003c0000000100000008000000003d0000000100000008000000003e000000010000000800,93681539681,0,412000000,0,46840769809,8471666883,t,2026-09-25 01:22:10.319487+00,412
728383d8-1007-4715-a7db-8fe3ad99ea9e,9ac44ac0-c7f6-4b33-a402-c9e92e17392b,413000000,4,2,1000000,64,64,9,\x0003061e363330180a0d1b090c0f273f3c3921241215071f2d2a383b292c3e260e1c2e1604011325373431190b081a0210223a282b3d2f1d0517141123353220,\x00020420400002042080022000112000010210200009802a0020020c2020081022880020401008000202820149022040002208820126090410001140002010400440802040000410,1,\x0000000b0000001e00000001ffffffff000000002400000001ffffffff000000002800000001ffffffff000000003300000001ffffffff000000003500000001ffffffff000000003800000001ffffffff000000003900000001ffffffff000000003a00000001ffffffff000000003b00000001ffffffff000000003d0000000200000004010000003e000000010000000800,93769930801,0,413000000,0,46884965369,8478726282,t,2026-09-25 01:22:46.943267+00,413
96253fe1-67b4-4c07-9543-f8247fe92e19,9ac44ac0-c7f6-4b33-a402-c9e92e17392b,414000000,4,2,1000000,64,64,9,\x0003061e363330180a0d1b090c0f273f3c3921241215071f2d2a382032351d05172f3d3a282b19312311293b3e2c1a080b0e1c2e160401132537342614221002,\x00020420400002042080022000112000010210200009802a0020020c2020082220001821020820800022400802814810101000040810010230100004040401020440000402010840,1,\x0000000a0000002b00000001ffffffff000000002f00000001ffffffff000000003000000001ffffffff000000003300000001ffffffff000000003500000001ffffffff000000003600000001ffffffff000000003900000001ffffffff000000003b00000001ffffffff000000003d0000000200000005010000003e000000010000000800,93911604111,0,414000000,0,46955802024,8491063618,t,2026-09-25 01:23:46.398254+00,414
c0b300b1-f65a-4e33-b0c7-457978526478,9ac44ac0-c7f6-4b33-a402-c9e92e17392b,415000000,4,2,1000000,64,64,9,\x0003061e363330180a0d1b090c0f273f3c3921241215071f2d2a3820080b0e263e3b292c14112331343725172f3d3a221013162e1c0401192b281a02051d3532,\x00020420400002042080022000112000010210200009802a0020020c2020082224400002042080089206820005010280804400010420200a05200002080402022000221280000108,1,\x0000000b0000002500000001ffffffff000000002900000001ffffffff000000002f00000001ffffffff000000003500000001ffffffff000000003600000001ffffffff000000003700000001ffffffff000000003900000001ffffffff000000003b0000000200000008010000003c0000000100000008000000003d0000000100000008000000003e000000010000000800,94009055627,0,415000000,0,47004527782,8499186191,t,2026-09-25 01:24:27.05069+00,415
44c8bf15-0666-4125-ad54-b0807f259720,9ac44ac0-c7f6-4b33-a402-c9e92e17392b,416000000,4,2,1000000,64,64,9,\x0003061e363330180a0d1b090c0f273f3c3921241215071f2d2a3820080b1d2b13162e1c040119313437253d2f170502102214112335321a283a2c293b3e260e,\x00020420400002042080022000112000010210200009802a0020020c2020082224c0022f730210000104020102010280200008080808080410826040000420080400822020001020,1,\x0000000e0000002200000001ffffffff00000000240000000200000007010000002500000001000000080000000026000000010000000800000000290000000100000008000000002e000000010000000800000000350000000100000008000000003600000001000000080000000038000000010000000800000000390000000100000008000000003b0000000100000008000000003c0000000100000008000000003d0000000100000008000000003e000000010000000800,94128325169,0,416000000,0,47064162553,8509684272,t,2026-09-25 01:25:17.084668+00,416
b3670f25-7965-4916-b45a-4ef3d8295dae,9ac44ac0-c7f6-4b33-a402-c9e92e17392b,417000000,4,2,1000000,64,64,9,\x0003061e363330180a0d1b090c0f273f3c3921241215071f2d2a1c04162e2b190113050214112331343725172f3d3a2210281a32351d0b0e263e2c293b382008,\x00020420400002042080022000112000010210200009802a0020020c202012228000041940044092a0208201040102800044000104202008003a1000088800040880802000021020,1,\x000000120000001d00000001ffffffff000000002000000001ffffffff000000002700000001ffffffff000000002900000001ffffffff000000002b00000001ffffffff000000002d00000001ffffffff000000002f00000001ffffffff000000003000000001ffffffff000000003100000001ffffffff000000003400000001ffffffff000000003500000001ffffffff0000000037000000020000000401000000380000000100000008000000003a0000000100000008000000003b0000000100000008000000003c0000000100000008000000003d0000000100000008000000003e000000010000000800,94342844615,0,417000000,0,47171422276,8529169422,t,2026-09-25 01:26:47.625848+00,417
b4de912f-0ef9-45be-864d-c558fab9abd0,9ac44ac0-c7f6-4b33-a402-c9e92e17392b,418000000,4,2,1000000,64,64,9,\x0003061e363330180a0d1b090c0f273f3c3921241215071f2d3b3e260e1c2a382032351d2f3d3a2c29112331192b2e16040113050214172537342210281a080b,\x00020420400002042080022000112000010210200009802a0020020c3004000204030204400404002300010450108008401044580020202008002441400004022080004100108800,0,\x0000000f0000001e00000001ffffffff000000001f00000001ffffffff000000002800000001ffffffff000000002d00000001ffffffff000000002e00000001ffffffff000000003000000001ffffffff000000003100000001ffffffff000000003600000001ffffffff000000003800000001ffffffff000000003900000001ffffffff000000003a00000001ffffffff000000003b00000001ffffffff000000003c00000001ffffffff000000003d00000001ffffffff000000003e00000001ffffffff00,94584144209,0,418000000,0,47292072073,8550557339,t,2026-09-25 01:28:28.02034+00,418
519c5aad-9033-4d76-8d75-73777e26bcfc,9ac44ac0-c7f6-4b33-a402-c9e92e17392b,419000000,4,2,1000000,64,64,9,\x0003061e363330180a0d1b090c0f273f3c3921241215071f2d3b29112335321a1d050214172f3d3a2c3e260e0b0820382a1c1931342210282b2e160401132537,\x00020420400002042080022000112000010210200009802a0020020c30c400324000043069c440501080000608800400010201020102800059211020440802010200010141800001,1,\x0000000e0000002800000001ffffffff000000002900000001ffffffff000000002d00000001ffffffff000000002e00000001ffffffff000000002f00000001ffffffff000000003000000001ffffffff000000003300000001ffffffff000000003500000001ffffffff0100000037000000010000000800000000390000000100000008000000003b0000000100000008000000003c0000000100000008000000003d0000000100000008000000003e000000010000000800,94888383677,0,419000000,0,47444191807,8578338046,t,2026-09-25 01:30:35.329853+00,419
7f780186-019c-44f7-97a3-29c9023b454f,9ac44ac0-c7f6-4b33-a402-c9e92e17392b,420000000,4,2,1000000,64,64,9,\x0003061e363330180a0d1b090c0f273f3c3921241215071f1c2a2d3b3820080b0e263e2c29112331192b2e16040113253734221417050210283a3d2f1d35321a,\x00020420400002042080022000112000010210200009802a0020021c1404400001889000010810000101880005418404000202820049022080201580040404040404000482000420,1,\x000000100000001a00000001ffffffff000000001c00000001ffffffff000000002000000001ffffffff000000002200000001ffffffff000000002400000001ffffffff000000002a00000001ffffffff000000002c00000001ffffffff000000002d00000001ffffffff000000003000000001ffffffff000000003100000001ffffffff000000003700000001ffffffff000000003900000001ffffffff000000003a00000001ffffffff000000003b00000001ffffffff000000003d0000000200000004010000003e000000010000000800,95162040455,0,420000000,0,47581020196,8602656917,t,2026-09-25 01:32:29.123817+00,420
a94bfebb-6c57-491c-99c5-5765570deed7,9ac44ac0-c7f6-4b33-a402-c9e92e17392b,421000000,4,2,1000000,64,64,9,\x0003061e363330180a0d1b090c0f273f3c39212412150704162e2b3d3a281022343119011305021a080b1d2f2c2911141725371f2d3b23353220382a1c0e263e,\x00020420400002042080022000112000010210200009802a00200a02084010000104900103220001224010040324020c100045029000011008008200431401104010000408100102,1,\x0000000d0000002300000001ffffffff000000003000000001ffffffff000000003100000001ffffffff000000003200000001ffffffff000000003600000001ffffffff010000003700000001000000080000000038000000010000000800000000390000000100000008000000003a0000000100000008000000003b0000000100000008000000003c0000000100000008000000003d0000000100000008000000003e000000010000000800,95489148875,0,421000000,0,47744574406,8632050669,t,2026-09-25 01:34:44.815349+00,421
1b7a2287-fa8b-4920-b026-25d0d738ff76,9ac44ac0-c7f6-4b33-a402-c9e92e17392b,422000000,4,2,1000000,64,64,9,\x0003061e363330180a0d1b090c0f273f3c39212412150704162e2b3d2f1d353220081a2c291114170513011931230b0e1c1f2d2a383b3e26343725223a281002,\x00020420400002042080022000112000010210200009802a00200a0208401000090c010820880c50a2014880002030802040001090000c0230808020400020080280804000041040,1,\x0000000d0000002900000001ffffffff010000002a0000000100000008000000002e0000000100000008000000003300000001000000080000000034000000010000000800000000350000000100000008000000003600000001000000080000000037000000010000000800000000390000000100000008000000003a0000000100000008000000003c0000000100000008000000003d0000000100000008000000003e000000010000000800,95631772679,0,422000000,0,47815886308,8643977633,t,2026-09-25 01:35:43.511761+00,422
72b2b0dd-ad5f-4125-887d-f7daf4aa3b6c,9ac44ac0-c7f6-4b33-a402-c9e92e17392b,423000000,4,2,1000000,64,64,9,\x0003061e363330180a0d1b090c0f273f3c39212412150704162e2b283a3d2f1d353220081a2c3e26233134371f2d2a1c0e0b1901131022251705021411293b38,\x00020420400002042080022000112000010210200009802a00200a020840902020002038042080202240800028581004080004010644802020002240828000804040100081800008,0,\x0000000c0000002f00000001ffffffff000000003000000001ffffffff000000003100000001ffffffff000000003200000001ffffffff000000003300000001ffffffff000000003700000001ffffffff000000003900000001ffffffff000000003a00000001ffffffff000000003b00000001ffffffff000000003c00000001ffffffff000000003d00000001ffffffff000000003e00000001ffffffff00,95783692119,0,423000000,0,47891846028,8656837156,t,2026-09-25 01:36:46.578941+00,423
1b7fc30f-5b31-4780-a127-75b177096509,9ac44ac0-c7f6-4b33-a402-c9e92e17392b,424000000,4,2,1000000,64,64,9,\x0003061e363330180a0d1b090c0f273f3c39212412150704162e2b2810021a3235231114223a3d2f1725373431190113051d0b0820382a2d1f1c0e263e2c293b,\x00020420400002042080022000112000010210200009802a00200a02084090202450010201c0e028b08040006070100880020108100180088080408000a000802000224000060401,1,\x0000000d0000002c00000001ffffffff000000002e00000001ffffffff000000002f00000001ffffffff000000003000000001ffffffff000000003100000001ffffffff000000003300000001ffffffff000000003400000001ffffffff000000003800000001ffffffff000000003900000001ffffffff000000003a00000001ffffffff000000003b00000001ffffffff000000003d0000000200000008010000003e000000010000000800,95920038735,0,424000000,0,47960019336,8668392774,t,2026-09-25 01:37:43.24653+00,424
c638f232-1fd8-49bb-9992-9f4765a95f13,9ac44ac0-c7f6-4b33-a402-c9e92e17392b,425000000,4,2,1000000,64,64,9,\x0003061e363330180a0d1b090c0f273f3c39212412150704162e2b1901130517253d2f1d353220383b291114223a2c3e26233134371f2d2a1c0e0b081a281002,\x00020420400002042080022000112000010210200009802a00200a0208409001440024010c0c0002410002080281420019c082002801402020081000080208800041802000011040,1,\x0000000c0000001c00000001ffffffff000000002f00000001ffffffff000000003200000001ffffffff000000003400000001ffffffff000000003600000001ffffffff000000003700000001ffffffff000000003800000001ffffffff000000003900000001ffffffff000000003a00000001ffffffff000000003b00000001ffffffff000000003d0000000200000006010000003e000000010000000800,96074932607,0,425000000,0,48037466272,8681384791,t,2026-09-25 01:38:47.380951+00,425
e16fcdd2-77ef-4c9d-844b-e9397e10ace3,9ac44ac0-c7f6-4b33-a402-c9e92e17392b,426000000,4,2,1000000,64,64,9,\x0003061e363330180a0d1b090c0f273f3c39212412150704162e2b1d353220382a2d1f3725223a3d2f2c3e3b29112331190113100205171426341c0e0b081a28,\x00020420400002042080022000112000010210200009802a00200a02084090470002080280020022008396810080a008800002c80004418008804028800008021000010401820004,1,\x0000000d0000002700000001ffffffff000000002c00000001ffffffff000000003100000001ffffffff000000003400000001ffffffff01000000350000000100000008000000003600000001000000080000000037000000010000000800000000390000000100000008000000003a0000000100000008000000003b0000000100000008000000003c0000000100000008000000003d0000000100000008000000003e000000010000000800,96231034739,0,426000000,0,48115517338,8694740933,t,2026-09-25 01:39:52.711013+00,426
339a08e9-8987-4753-ae95-2dd440f0c218,9ac44ac0-c7f6-4b33-a402-c9e92e17392b,427000000,4,2,1000000,64,64,9,\x0003061e363330180a0d1b090c0f273f3c39212412150704162e1c1f3734312335321a2810021411293b2d2a3820080b19011305172f1d2b3d25223a2c3e260e,\x00020420400002042080022000112000010210200009802a00200a0208c0084000020460022080412104d00008040600828000089000098008202480010804028040200048001020,0,\x000000100000002700000001ffffffff000000002a00000001ffffffff000000002b00000001ffffffff000000002c00000001ffffffff000000002d00000001ffffffff000000002e00000001ffffffff000000003000000001ffffffff000000003100000001ffffffff000000003600000001ffffffff000000003700000001ffffffff000000003900000001ffffffff000000003a00000001ffffffff000000003b00000001ffffffff000000003c00000001ffffffff000000003d00000001ffffffff000000003e00000001ffffffff00,96408812441,0,427000000,0,48204406189,8709929043,t,2026-09-25 01:41:05.975877+00,427
85b79511-54d1-4fc0-b2c7-aedaaba602d8,9ac44ac0-c7f6-4b33-a402-c9e92e17392b,428000000,4,2,1000000,64,64,9,\x0003061e363330180a0d1b090c0f273f3c39212412150704162e1c2a2d1f37251301192b281002051d35321a0820383b3e2c291114172f3d3a223431230b0e26,\x00020420400002042080022000112000010210200009802a00200a0208c0481000100118b4401030200188a0000608400002a2008100014040001220000104108008800028480002,1,\x0000000c0000001d00000001ffffffff000000002100000001ffffffff000000002e00000001ffffffff000000003200000001ffffffff000000003500000001ffffffff000000003600000001ffffffff000000003700000001ffffffff000000003800000001ffffffff000000003900000001ffffffff000000003b00000001ffffffff000000003d0000000200000008010000003e000000010000000800,96574356869,0,428000000,0,48287178403,8724430835,t,2026-09-25 01:42:15.895029+00,428
f0e13e1f-3678-4752-8bac-28caa3fb0b9e,9ac44ac0-c7f6-4b33-a402-c9e92e17392b,429000000,4,2,1000000,64,64,9,\x0003061e363330180a0d1b090c0f273f3c39212412150704162e1c0e263431230b081a2c3e3b291114172f3d3a2210282b19011325371f2d2a382032351d0502,\x00020420400002042080022000112000010210200009802a00200a0208c04844804104607230187822000208200142104000014c0802014000112040001004101000111000081008,1,\x000000110000002400000001ffffffff000000002600000001ffffffff000000002700000001ffffffff000000002f00000002000000070100000031000000010000000800000000320000000100000008000000003400000001000000080000000035000000010000000800000000360000000100000008000000003700000001000000080000000038000000010000000800000000390000000100000008000000003a0000000100000008000000003b0000000100000008000000003c0000000100000008000000003d0000000100000008000000003e000000010000000800,96744020687,0,429000000,0,48372010312,8739268347,t,2026-09-25 01:43:25.853203+00,429
ccc2ca97-f997-49d9-8020-91c789b519da,9ac44ac0-c7f6-4b33-a402-c9e92e17392b,430000000,4,2,1000000,64,64,9,\x0003061e363330180a0d1b090c0f273f3c39212412150704162e1c0e0b1901132b28100205172f1d35321a0820382a2d1f37253d3a2c3e3b2911142623313422,\x00020420400002042080022000112000010210200009802a00200a0208c048440103100104240001144000011404200001418000a000800880200001980008208004500001410010,1,\x0000000a0000001e00000001ffffffff000000002b00000001ffffffff000000002e00000001ffffffff000000003000000001ffffffff000000003300000001ffffffff000000003800000001ffffffff000000003b00000001ffffffff010000003c0000000100000008000000003d0000000100000008000000003e000000010000000800,96867335881,0,430000000,0,48433667909,8749122883,t,2026-09-25 01:44:16.052474+00,430
cc5ed9a0-e5c3-46c4-a9e6-f3c0d025ccf9,9ac44ac0-c7f6-4b33-a402-c9e92e17392b,431000000,4,2,1000000,64,64,9,\x0003061e363330180a0d1b090c0f273f3c39212412150704162e1c34260e0b081a32351d2f2c3e3b2911141725223a3d2b28100205130119312320382a2d1f37,\x00020420400002042080022000112000010210200009802a00200a0208c068140b0804080608040022008b000820800c0880c2028100202000011400010802040041200028002002,1,\x000000120000001d00000001ffffffff000000002600000001ffffffff000000002800000001ffffffff000000002d00000001ffffffff010000002f00000001000000080000000031000000010000000800000000330000000100000008000000003400000001000000080000000035000000010000000800000000360000000100000008000000003700000001000000080000000038000000010000000800000000390000000100000008000000003a0000000100000008000000003b0000000100000008000000003c0000000100000008000000003d0000000100000008000000003e000000010000000800,97012000075,0,431000000,0,48506000006,8760699068,t,2026-09-25 01:45:15.397121+00,431
c4c4e9f4-ac82-441e-a047-c1a207df7354,9ac44ac0-c7f6-4b33-a402-c9e92e17392b,432000000,4,2,1000000,64,64,9,\x0003061e363330180a0d1b090c0f273f3c3921241215070416130119312335321a1d2f3d25371f2d2a3820080b0e1c2e2b28100205171411293b3e2c3a223426,\x00020420400002042080022000112000010210200009802a00200a02288020402090000860d288410047001004101000011220000201102008011440000408040404008100880040,1,\x0000000e0000001a00000001ffffffff000000002a00000001ffffffff000000002b00000001ffffffff000000002c00000001ffffffff000000002f00000001ffffffff000000003000000001ffffffff000000003400000001ffffffff000000003500000001ffffffff000000003700000001ffffffff000000003900000001ffffffff000000003b0000000200000006010000003c0000000100000008000000003d0000000100000008000000003e000000010000000800,97147930067,0,432000000,0,48573965002,8771695782,t,2026-09-25 01:46:11.232794+00,432
306e4c95-4c36-4922-b335-7d5aa0252231,9ac44ac0-c7f6-4b33-a402-c9e92e17392b,434000000,4,2,1000000,64,64,9,\x0003061e363330180a0d1b090c0f273f3c392124121507040119313437252210282b2e1613051d0b0e1c1f2d2a383b3e2623353220081a021411292c3a3d2f17,\x00020420400002042080022000112000010210200009802a00200a1208100810000c0512050604000201900513011004400001418000402008800002880020022210088020002020,1,\x0000000d0000002300000001ffffffff000000002400000001ffffffff000000002a00000001ffffffff000000002c00000001ffffffff000000003200000001ffffffff000000003400000001ffffffff000000003500000001ffffffff000000003700000001ffffffff00000000390000000200000008010000003a0000000100000008000000003c0000000100000008000000003d0000000100000008000000003e000000010000000800,97472240197,0,434000000,0,48736120067,8799227094,t,2026-09-25 01:48:26.944373+00,434
ba8dc6f1-e7fd-46a9-9b63-c984b0b36965,9ac44ac0-c7f6-4b33-a402-c9e92e17392b,435000000,4,2,1000000,64,64,9,\x0003061e363330180a0d1b090c0f273f3c39212412150704011931342225371f1c0e0b081a283a2c3e26141705021013162e2b3d2f1d3532202311293b382a2d,\x00020420400002042080022000112000010210200009802a00200a1208100810a284002018145180608081804002808008400202820001084010000804010820028020200002a000,1,\x0000000d0000001e00000001ffffffff000000002d00000001ffffffff000000002e00000001ffffffff000000003000000001ffffffff000000003100000001ffffffff000000003300000001ffffffff000000003400000001ffffffff000000003500000001ffffffff000000003700000001ffffffff000000003a00000001ffffffff000000003b00000001ffffffff000000003d0000000200000007010000003e000000010000000800,97606519149,0,435000000,0,48803259543,8810621166,t,2026-09-25 01:49:22.829064+00,435
8e4528be-08e6-4308-a1bf-6c03d623d704,9ac44ac0-c7f6-4b33-a402-c9e92e17392b,436000000,4,2,1000000,64,64,9,\x0003061e363330180a0d1b090c0f273f3c3921241215070401193134263e2c293b382a2d1f372513162e1c0e0b231114223a3d2b28100205172f1d353220081a,\x00020420400002042080022000112000010210200009802a00200a12081008108e000c084220000a008800085a01088000048102880009080400010108a000020880200001041001,1,\x0000000c0000002300000001ffffffff000000002500000001ffffffff000000002800000001ffffffff000000002a00000001ffffffff000000002b00000001ffffffff000000002e00000001ffffffff000000003500000001ffffffff000000003800000001ffffffff000000003900000001ffffffff000000003b00000001ffffffff000000003d0000000200000006010000003e000000010000000800,97754747041,0,436000000,0,48877373489,8823326208,t,2026-09-25 01:50:24.047449+00,436
fbc96476-eb46-4480-aab1-39adabb827c2,9ac44ac0-c7f6-4b33-a402-c9e92e17392b,437000000,4,2,1000000,64,64,9,\x0003061e363330180a0d1b090c0f273f3c3921241215070401193123351d2f1705021a3220080b0e1c2e16131022253d2b283a2c291114263e3b382a2d1f3734,\x00020420400002042080022000112000010210200009802a00200a1208100824008a08242020382000024880000c06008140c1400003202008002401480001042040001400100108,1,\x0000000f0000002300000001ffffffff000000002500000001ffffffff000000002600000001ffffffff000000002a00000001ffffffff000000003000000001ffffffff000000003100000001ffffffff000000003200000001ffffffff000000003500000001ffffffff000000003600000001ffffffff00000000380000000200000003010000003a0000000100000008000000003b0000000100000008000000003c0000000100000008000000003d0000000100000008000000003e000000010000000800,97889870655,0,437000000,0,48944935296,8834910170,t,2026-09-25 01:51:19.980403+00,437
970a1b98-06f4-4bce-9254-df6c9dfd9322,9ac44ac0-c7f6-4b33-a402-c9e92e17392b,438000000,4,2,1000000,64,64,9,\x0003061e363330180a0d1b090c0f273f3c39212412150704011931230b081a282b2e16131002051d2f17253d3a2234371f1c0e261411292c3e3b2d2a38203235,\x00020420400002042080022000112000010210200009802a00200a120810082427820106430200810001500002069020200001888000403000224002028100022000828000888000,0,\x0000000d0000002200000001ffffffff000000002800000001ffffffff000000002b00000001ffffffff000000002f00000001ffffffff000000003200000001ffffffff000000003500000001ffffffff000000003700000001ffffffff000000003800000001ffffffff000000003a00000001ffffffff000000003b00000001ffffffff000000003c00000001ffffffff000000003d00000001ffffffff000000003e00000001ffffffff00,98048747069,0,438000000,0,49024373503,8848827863,t,2026-09-25 01:52:25.857939+00,438
820e272b-39f7-477b-849c-5db173e4857b,9ac44ac0-c7f6-4b33-a402-c9e92e17392b,439000000,4,2,1000000,64,64,9,\x0003061e363330180a0d1b090c0f273f3c3921241215070401190b0820382a1c0e263e3b2d1f3734312335321a1d2b2e16131022251705021411292c2f3d3a28,\x00020420400002042080022000112000010210200009802a00200a1208108a40c000a040800810800008100108100009800024809200402048321480100808022010081000010410,1,\x0000000f0000002000000001ffffffff000000002400000001ffffffff000000002500000001ffffffff000000002800000001ffffffff000000002b00000001ffffffff000000002f00000001ffffffff000000003000000001ffffffff000000003300000001ffffffff010000003600000001000000080000000037000000010000000800000000390000000100000008000000003a0000000100000008000000003c0000000100000008000000003d0000000100000008000000003e000000010000000800,98225664627,0,439000000,0,49112832282,8864171608,t,2026-09-25 01:53:39.857539+00,439
072da110-aedc-4abd-9605-5e0d10de497b,9ac44ac0-c7f6-4b33-a402-c9e92e17392b,440000000,4,2,1000000,64,64,9,\x0003061e363330180a0d1b090c0f273f3c3921241215070401191c2e161325371f2d2a3820080b0e261411293b3e2c2f1d2b3d3a281a32352331342210020517,\x00020420400002042080022000112000010210200009802a00200a1208141a0004822501401040401044488000047844202020008800681808800002188100201004000102500001,1,\x000000100000001c00000001ffffffff000000002000000001ffffffff000000002200000001ffffffff000000002700000001ffffffff000000002d00000001ffffffff000000003000000001ffffffff0100000032000000010000000800000000360000000100000008000000003700000001000000080000000038000000010000000800000000390000000100000008000000003a0000000100000008000000003b0000000100000008000000003c0000000100000008000000003d0000000100000008000000003e000000010000000800,98406432679,0,440000000,0,49203216308,8879098038,t,2026-09-25 01:54:54.903099+00,440
c79cc1d9-7936-4107-a1da-e760c2ea56ad,9ac44ac0-c7f6-4b33-a402-c9e92e17392b,441000000,4,2,1000000,64,64,9,\x0003061e363330180a0d1b090c0f273f3c3921241215070401192b3d3a2810020513162e1c2a2d1f3725172f2c3e260e0b1d1a0820383b291114223431233532,\x00020420400002042080022000112000010210200009802a00200a12081c1a00010490410110042000224100400440402200430014201004500041c0400010400220100001900008,1,\x0000000d0000002200000001ffffffff000000002300000001ffffffff000000002700000001ffffffff000000002f00000001ffffffff000000003300000001ffffffff000000003500000002000000080100000037000000010000000800000000390000000100000008000000003a0000000100000008000000003b0000000100000008000000003c0000000100000008000000003d0000000100000008000000003e000000010000000800,98596281445,0,441000000,0,49298140691,8895409588,t,2026-09-25 01:56:13.394051+00,441
df4ee815-2c67-4552-a6e2-3ca405beed9d,9ac44ac0-c7f6-4b33-a402-c9e92e17392b,442000000,4,2,1000000,64,64,9,\x0003061e363330180a0d1b090c0f273f3c3921241215070401192b1d35233134263e2c1a3220080b0e1c2e161325371f2d2a383b291114223a3d2f1705021028,\x00020420400002042080022000112000010210200009802a00200a12081c9a46000682008108c0c84100049000011008000241920020082020080002488004040200020202020202,1,\x000000140000001e00000001ffffffff000000002400000001ffffffff000000002600000001ffffffff000000002700000001ffffffff000000002800000001ffffffff000000002a00000001ffffffff000000002b00000001ffffffff000000002e00000001ffffffff000000002f00000001ffffffff000000003100000001ffffffff000000003200000001ffffffff000000003300000001ffffffff000000003400000001ffffffff000000003500000001ffffffff00000000390000000200000005010000003a0000000100000008000000003b0000000100000008000000003c0000000100000008000000003d0000000100000008000000003e000000010000000800,98799957833,0,442000000,0,49399978885,8912539701,t,2026-09-25 01:57:37.130544+00,442
44a2aff2-d2c4-47de-8d33-a9bbd4e3a6eb,9ac44ac0-c7f6-4b33-a402-c9e92e17392b,443000000,4,2,1000000,64,64,9,\x0003061e363330180a0d1b090c0f273f3c392124121507040113162e2b283a3d2f2c2911140210223431190b081a322023351d051725371f2d2a1c0e263e3b38,\x00020420400002042080022000112000010210200009802a00200a120c04200041829000c0a048001220050201032200091441408110050400012200810020083020024480000408,1,\x0000000d0000001a00000001ffffffff000000002600000001ffffffff000000003100000001ffffffff000000003200000001ffffffff000000003300000001ffffffff000000003400000001ffffffff000000003500000001ffffffff000000003600000001ffffffff000000003a0000000200000008010000003b0000000100000008000000003c0000000100000008000000003d0000000100000008000000003e000000010000000800,98944221003,0,443000000,0,49472110470,8924972589,t,2026-09-25 01:58:37.419762+00,443
d35ab4c2-7d36-4888-be05-702ef553c665,9ac44ac0-c7f6-4b33-a402-c9e92e17392b,444000000,4,2,1000000,64,64,9,\x0003061e363330180a0d1b090c0f273f3c392124121507040113162e2b1d05172f3d25223a2c291114263e3b382a2d1f37341c0e0b193123353220081a021028,\x00020420400002042080022000112000010210200009802a00200a120c04200041161101041000914000940420014410800001500040042040010401010140022080002200090202,1,\x0000000c0000001a00000001ffffffff000000002a00000001ffffffff000000002e00000001ffffffff000000003000000001ffffffff000000003300000001ffffffff000000003500000001ffffffff000000003600000001ffffffff000000003800000001ffffffff000000003a00000001ffffffff000000003b00000001ffffffff000000003d0000000200000008010000003e000000010000000800,99066073557,0,444000000,0,49533036747,8935203739,t,2026-09-25 01:59:27.455022+00,444
c8457faf-3b4c-4aa5-81e9-02ba8a7d4066,9ac44ac0-c7f6-4b33-a402-c9e92e17392b,445000000,4,2,1000000,64,64,9,\x0003061e363330180a0d1b090c0f273f3c392124121507040113162e1c0e0b081a32351d051725223a3d2f2c140210282b19312311293b3e2634371f2d2a3820,\x00020420400002042080022000112000010210200009802a00200a120c0420002311050c06080400024402030b260200822005040202014010080483808000401004008200020220,1,\x000000110000001a00000001ffffffff000000002a00000001ffffffff000000002d00000001ffffffff000000002e00000001ffffffff000000002f00000001ffffffff000000003000000001ffffffff000000003100000001ffffffff0000000034000000020000000801000000350000000100000008000000003700000001000000080000000038000000010000000800000000390000000100000008000000003a0000000100000008000000003b0000000100000008000000003c0000000100000008000000003d0000000100000008000000003e000000010000000800,99209290877,0,445000000,0,49604645407,8947450717,t,2026-09-25 02:00:26.797687+00,445
f9efa754-55f7-4f4d-90ad-2881086ee589,9ac44ac0-c7f6-4b33-a402-c9e92e17392b,446000000,4,2,1000000,64,64,9,\x0003061e363330180a0d1b090c0f273f3c392124121507041c1f3734312335321a283a2210021411292c2f1d0517253d2b2e161301190b0820382a2d3b3e260e,\x00020420400002042080022000112000010210200009802a00200a160210800001980008605008080202d0000804020c40034400020220020081008200a0080408000a8020001020,1,\x0000000f0000002700000001ffffffff000000002d00000001ffffffff000000002f00000001ffffffff000000003100000001ffffffff000000003200000001ffffffff000000003300000001ffffffff000000003400000001ffffffff000000003500000001ffffffff0000000037000000020000000801000000380000000100000008000000003a0000000100000008000000003b0000000100000008000000003c0000000100000008000000003d0000000100000008000000003e000000010000000800,99490135697,0,446000000,0,49745067817,8970975423,t,2026-09-25 02:02:23.643292+00,446
03af04ad-66a4-4661-a1b1-3bec970f4997,9ac44ac0-c7f6-4b33-a402-c9e92e17392b,447000000,4,2,1000000,64,64,9,\x0003061e363330180a0d1b090c0f273f3c392124121507041c0e0b08202311292c1a32351d0513162e2b3d2f17140210283a2225371f2d2a383b3e2634311901,\x00020420400002042080022000112000010210200009802a00200a1616518040e0800a020356100800448886000420c8000404030804040400092000080208080204008200021020,1,\x000000120000002200000001ffffffff000000002300000001ffffffff0000000027000000020000000501000000280000000100000008000000002b0000000100000008000000002e000000010000000800000000300000000100000008000000003100000001000000080000000033000000010000000800000000350000000100000008000000003700000001000000080000000038000000010000000800000000390000000100000008000000003a0000000100000008000000003b0000000100000008000000003c0000000100000008000000003d0000000100000008000000003e000000010000000800,99811865199,0,447000000,0,49905932568,8999160786,t,2026-09-25 02:04:37.212915+00,447
b788b79d-4416-4f84-aabb-7d1c05a5e59a,9ac44ac0-c7f6-4b33-a402-c9e92e17392b,448000000,4,2,1000000,64,64,9,\x0003061e363330180a0d1b090c0f273f3c39212412152d2a383b3e260e0b081a0210282b2e161305171411292c3a22341c1931232032351d2f3d25371f070401,\x00020420400002042080022000112000010210200009802a0021080802040002040204034c1210181000080450063840201020419001512210000441400020021000110004080408,1,\x0000000d0000002b00000001ffffffff00000000320000000200000006010000003400000001000000080000000035000000010000000800000000360000000100000008000000003700000001000000080000000038000000010000000800000000390000000100000008000000003a0000000100000008000000003b0000000100000008000000003c0000000100000008000000003d0000000100000008000000003e000000010000000800,100016222833,0,448000000,0,50008111385,9016269810,t,2026-09-25 02:06:01.855423+00,448
74537e2b-9625-41f2-a5b3-06c3e61104a0,9ac44ac0-c7f6-4b33-a402-c9e92e17392b,449000000,4,2,1000000,64,64,9,\x0003061e363330180a0d1b090c0f273f3c39212412152d2a383b3e260e1c1901132b2e1604071f3725171411292c2f3d3a281a32352320080b1d050210223431,\x00020420400002042080022000112000010210200009802a002108080204000204c31522032e050002220001023008d18040204000041040002310000c0620010400818040800008,1,\x000000100000002200000001ffffffff000000002300000001ffffffff000000002400000001ffffffff000000002500000001ffffffff000000002600000001ffffffff000000002c00000001ffffffff000000002f00000001ffffffff00000000360000000200000008010000003700000001000000080000000038000000010000000800000000390000000100000008000000003a0000000100000008000000003b0000000100000008000000003c0000000100000008000000003d0000000100000008000000003e000000010000000800,100188208387,0,449000000,0,50094104162,9032041455,t,2026-09-25 02:07:13.676709+00,449
fea109a7-44c6-4ba2-a4fc-db29c0305459,9ac44ac0-c7f6-4b33-a402-c9e92e17392b,450000000,4,2,1000000,64,64,9,\x0003061e363330180a0d1b090c0f273f3c39212412152d2a383b3e261411292c3a281a080b0e1c2e161325172f3d2b1d3532202331190104071f373422100205,\x00020420400002042080022000112000010210200009802a0021080802040082070281000942002351200082014060d8b2440001085044208008800008900001081080000204a000,0,\x000000110000001e00000001ffffffff000000002500000001ffffffff000000002d00000001ffffffff000000003000000001ffffffff000000003100000001ffffffff000000003200000001ffffffff000000003300000001ffffffff000000003500000001ffffffff000000003600000001ffffffff000000003700000001ffffffff000000003800000001ffffffff000000003900000001ffffffff000000003a00000001ffffffff000000003b00000001ffffffff000000003c00000001ffffffff000000003d00000001ffffffff000000003e00000001ffffffff00,100342286241,0,450000000,0,50171143089,9044912475,t,2026-09-25 02:08:17.26778+00,450
02581fb7-605a-452f-b749-4d956097b688,9ac44ac0-c7f6-4b33-a402-c9e92e17392b,451000000,4,2,1000000,64,64,9,\x0003061e363330180a0d1b090c0f273f3c39212412152d2a383b3e2c291114223a281013011931230b082032351d1a0205172f3d2b2e1604071f1c0e26343725,\x00020420400002042080022000112000010210200009802a0021080802040003014880150442000914a2008140532210101000080420010410400022001010010850004400410010,1,\x0000000e0000001c00000001ffffffff000000002a00000001ffffffff000000002c00000001ffffffff000000002e00000001ffffffff000000002f00000001ffffffff000000003000000001ffffffff000000003200000001ffffffff000000003400000002000000060100000036000000010000000800000000380000000100000008000000003b0000000100000008000000003c0000000100000008000000003d0000000100000008000000003e000000010000000800,100495095893,0,451000000,0,50247547915,9057801154,t,2026-09-25 02:09:20.133971+00,451
f95508d0-4753-4b1f-a786-cc8dfebcf1c6,9ac44ac0-c7f6-4b33-a402-c9e92e17392b,452000000,4,2,1000000,64,64,9,\x0003061e363330180a0d1b090c0f273f3c39212412152d2a383b29111417251301190b1d050210223a3d2f2c3e260e1c1f0704162e2b281a0820323523313437,\x00020420400002042080022000112000010210200009802a002108080284001220000b1b210a18ba0004020201040200822000081004018840104000020440200808080002418000,1,\x000000100000002400000001ffffffff000000002a00000001ffffffff000000002c00000001ffffffff000000002e00000001ffffffff00000000310000000200000008010000003200000001000000080000000033000000010000000800000000340000000100000008000000003500000001000000080000000036000000010000000800000000380000000100000008000000003a0000000100000008000000003b0000000100000008000000003c0000000100000008000000003d0000000100000008000000003e000000010000000800,100686409795,0,452000000,0,50343204866,9074314546,t,2026-09-25 02:10:39.924274+00,452
e0988410-42a7-4002-888b-afa2f2fddd7f,9ac44ac0-c7f6-4b33-a402-c9e92e17392b,453000000,4,2,1000000,64,64,9,\x0003061e363330180a0d1b090c0f273f3c39212412152d2a383b2911142c3e260e1c2e161310223431232032351d2b283a3d2f1725371f070401190b081a0205,\x00020420400002042080022000112000010210200009802a0021080802840012e084002040300c000203862001118049101000881a08020200028240001020102010000441009000,1,\x0000000f0000001e00000001ffffffff000000002c00000001ffffffff000000003000000001ffffffff000000003200000001ffffffff000000003400000002000000050100000035000000010000000800000000360000000100000008000000003700000001000000080000000038000000010000000800000000390000000100000008000000003a0000000100000008000000003b0000000100000008000000003c0000000100000008000000003d0000000100000008000000003e000000010000000800,100805136789,0,453000000,0,50402568363,9084043878,t,2026-09-25 02:11:28.380071+00,453
aa78f442-5aad-4420-866b-2359c146e982,9ac44ac0-c7f6-4b33-a402-c9e92e17392b,454000000,4,2,1000000,64,64,9,\x0003061e363330180a0d1b090c0f273f3c39212412152d2a383b291123353220081a1d0b0e263e2c3a28102214020517253734311901131604071f1c2e2b3d2f,\x00020420400002042080022000112000010210200009802a0021080802840032400004104006240111800001100940001104084400010c0440800004888000240210802000820040,1,\x0000000b0000001f00000001ffffffff000000002600000001ffffffff000000002d00000001ffffffff000000003000000001ffffffff0100000033000000010000000800000000390000000100000008000000003a0000000100000008000000003b0000000100000008000000003c0000000100000008000000003d0000000100000008000000003e000000010000000800,100924028687,0,454000000,0,50462014312,9093684045,t,2026-09-25 02:12:16.997091+00,454
3b8aa218-659b-4d66-b9c1-466ec79c4946,9ac44ac0-c7f6-4b33-a402-c9e92e17392b,455000000,4,2,1000000,64,64,9,\x0003061e363330180a0d1b090c0f273f3c39212412152d2a383b23353220080b0e1c2e1604071f3734311901132b3d2f1725223a281002051d1a2c291114263e,\x00020420400002042080022000112000010210200009802a00210808028411000104900001180c0002220001021020000122c080006860104020000208a000042008900024800002,1,\x0000000e0000001d00000001ffffffff000000002500000001ffffffff000000002600000001ffffffff000000002900000001ffffffff000000002b00000001ffffffff000000003100000001ffffffff000000003500000001ffffffff000000003700000001ffffffff000000003800000001ffffffff000000003900000001ffffffff000000003b0000000200000008010000003c0000000100000008000000003d0000000100000008000000003e000000010000000800,101143314969,0,455000000,0,50571657453,9113115541,t,2026-09-25 02:13:48.1471+00,455
12ef7d28-51e0-4811-bd07-65f1bd062ffc,9ac44ac0-c7f6-4b33-a402-c9e92e17392b,456000000,4,2,1000000,64,64,9,\x0003061e363330180a0d1b090c0f273f3c39212412152d2a382032352311293b3e2c3a282b1d1a080b0e2614021022253d2f170513162e1c193134371f070401,\x00020420400002042080022000112000010210200009802a00210808820808008205010101c02408116c940410010210000122818001040001018120000110150804080004080408,1,\x0000000d0000001f00000001ffffffff000000002700000001ffffffff000000003000000001ffffffff000000003100000001ffffffff000000003200000001ffffffff000000003300000001ffffffff000000003600000001ffffffff00000000390000000200000006010000003a0000000100000008000000003b0000000100000008000000003c0000000100000008000000003d0000000100000008000000003e000000010000000800,101361811083,0,456000000,0,50680905510,9132584038,t,2026-09-25 02:15:18.914825+00,456
f63f6242-5ea1-4f9e-9c87-e3792ffe5d58,9ac44ac0-c7f6-4b33-a402-c9e92e17392b,457000000,4,2,1000000,64,64,9,\x0003061e363330180a0d1b090c0f273f3c39212412152d2a382032351d2f2c3a281a080b1901131604071f3734312311293b3e260e1c2e2b3d25171422100205,\x00020420400002042080022000112000010210200009802a00210808820808004600160d21008108d080c8800024021020000302201204040400020481000802804082810004a000,1,\x0000000f0000002200000001ffffffff000000002900000001ffffffff000000002d00000001ffffffff000000003000000001ffffffff000000003100000001ffffffff000000003200000001ffffffff000000003400000001ffffffff000000003500000001ffffffff000000003600000001ffffffff000000003700000001ffffffff000000003800000001ffffffff000000003b00000001ffffffff010000003c0000000100000008000000003d0000000100000008000000003e000000010000000800,101500198373,0,457000000,0,50750099155,9144047171,t,2026-09-25 02:16:16.261939+00,457
41257de6-3615-40a5-9d89-29ac214dd609,9ac44ac0-c7f6-4b33-a402-c9e92e17392b,458000000,4,2,1000000,64,64,9,\x0003061e363330180a0d1b090c0f273f3c39212412152d2a382032351d1a080b233b2911142c3e260e1c1931342225371f07040113162e2b28100205172f3d3a,\x00020420400002042080022000112000010210200009802a0021080882080800460a88000508840012e084002040105c2010204409014080408020200001081284000a2080000208,1,\x000000110000001e00000001ffffffff000000002300000001ffffffff000000002600000001ffffffff000000002800000001ffffffff000000002b00000001ffffffff000000002f00000001ffffffff000000003000000001ffffffff000000003100000001ffffffff000000003300000001ffffffff000000003500000001ffffffff000000003600000001ffffffff00000000390000000200000008010000003a0000000100000008000000003b0000000100000008000000003c0000000100000008000000003d0000000100000008000000003e000000010000000800,101608925421,0,458000000,0,50804462679,9152856831,t,2026-09-25 02:17:00.646814+00,458
a09bbbbd-ca03-4d05-942e-349563084afd,9ac44ac0-c7f6-4b33-a402-c9e92e17392b,459000000,4,2,1000000,64,64,9,\x0003061e363330180a0d1b090c0f273f3c39212412152d2a3820321a0210282b2e16130104071f1c0e2614223a3d2f2c3e3b291123351d051725373431190b08,\x00020420400002042080022000112000010210200009802a00210808820808822601810101804000112000010a9008b0c86020003008022080002240001020021008800001082008,1,\x0000000e0000001c00000001ffffffff0100000025000000010000000800000000300000000100000008000000003200000001000000080000000033000000010000000800000000350000000100000008000000003700000001000000080000000038000000010000000800000000390000000100000008000000003a0000000100000008000000003b0000000100000008000000003c0000000100000008000000003d0000000100000008000000003e000000010000000800,101766384937,0,459000000,0,50883192437,9166026192,t,2026-09-25 02:18:05.726034+00,459
b0043d9e-6e17-43a1-aab3-11609ef4b06e,9ac44ac0-c7f6-4b33-a402-c9e92e17392b,460000000,4,2,1000000,64,64,9,\x0003061e363330180a0d1b090c0f273f3c39212412152d2a3820080b0e1c2e1604071f3734311901132b3d2f1d0502102225171411292c3a281a3235233b3e26,\x00020420400002042080022000112000010210200009802a002108088208091080c10020200210200001021020020c08800682880404060200822081c000042000110800a2400020,1,\x0000000c0000002100000001ffffffff000000002200000001ffffffff000000002700000001ffffffff000000003100000001ffffffff000000003200000001ffffffff000000003700000001ffffffff000000003800000001ffffffff000000003900000001ffffffff000000003a00000001ffffffff000000003b00000001ffffffff000000003d0000000200000008010000003e000000010000000800,101908189043,0,460000000,0,50954094490,9178489234,t,2026-09-25 02:19:04.897205+00,460
5f03bc39-36f6-42e0-9662-20c0a6637eb5,9ac44ac0-c7f6-4b33-a402-c9e92e17392b,461000000,4,2,1000000,64,64,9,\x0003061e363330180a0d1b090c0f273f3c39212412152d2a3820080b19011305172f1d35321a0214112331342210283a2c293b3e260e1c04162e2b3d25371f07,\x00020420400002042080022000112000010210200009802a002108088208099080c880480208a0200001081005100c2008100a048101812008080004088221030840100044001020,1,\x0000000f0000002400000001ffffffff000000002a00000001ffffffff000000002d00000001ffffffff000000003100000001ffffffff000000003200000001ffffffff000000003300000001ffffffff000000003400000001ffffffff000000003500000001ffffffff0000000038000000020000000801000000390000000100000008000000003a0000000100000008000000003b0000000100000008000000003c0000000100000008000000003d0000000100000008000000003e000000010000000800,102059312901,0,461000000,0,51029656419,9192052445,t,2026-09-25 02:20:08.159465+00,461
994b1c02-ed3f-432d-895a-0160f6534540,9ac44ac0-c7f6-4b33-a402-c9e92e17392b,462000000,4,2,1000000,64,64,9,\x0003061e363330180a0d1b090c0f273f3c39212412152d2a3820080b2311293b3e2c3a3d2f1725371f0704162e1c0e263431192b281a32351d05021422101301,\x00020420400002042080022000112000010210200009802a00210808820809f0c005010101c024080008080201408040104000042002082000110201188100408060108000440010,1,\x0000000c0000001f00000001ffffffff000000002900000001ffffffff000000002e00000001ffffffff000000003100000001ffffffff000000003300000001ffffffff010000003600000001000000080000000037000000010000000800000000380000000100000008000000003b0000000100000008000000003c0000000100000008000000003d0000000100000008000000003e000000010000000800,102228235745,0,462000000,0,51114117841,9206032422,t,2026-09-25 02:21:17.643898+00,462
7865eb6b-a76f-4f11-b1b7-7776a61e13d7,9ac44ac0-c7f6-4b33-a402-c9e92e17392b,463000000,4,2,1000000,64,64,9,\x0003061e363330180a0d1b090c0f273f3c39212412152d2a3820081a2c3e3b29111402051d2b2810223a3d2f1725371f07041c2e161301193134260e0b233532,\x00020420400002042080022000112000010210200009802a00210808820819f0440004104002800860c0450421030804000404810020402058100004020802040200020281800008,1,\x0000000f0000001c00000001ffffffff010000001f000000010000000800000000290000000100000008000000002b0000000100000008000000002c0000000100000008000000003000000001000000080000000033000000010000000800000000340000000100000008000000003500000001000000080000000036000000010000000800000000390000000100000008000000003b0000000100000008000000003c0000000100000008000000003d0000000100000008000000003e000000010000000800,102410746763,0,463000000,0,51205373350,9222009491,t,2026-09-25 02:22:33.672967+00,463
127c9ba7-5f74-48f3-bfea-faebb8d95e37,9ac44ac0-c7f6-4b33-a402-c9e92e17392b,464000000,4,2,1000000,64,64,9,\x0003061e363330180a0d1b090c0f273f3c39212412152d2a1c2e161310283a2225171402051d35321a0820383b2911230b0e263e2c2f3d2b190104071f373431,\x00020420400002042080022000112000010210200009802a002108880600810183c08020010cd1801180800108404010201020041001480210200022000210208804084080000408,1,\x0000000f0000002400000001ffffffff000000002b00000001ffffffff000000002e00000001ffffffff000000003100000001ffffffff000000003300000001ffffffff000000003400000001ffffffff000000003500000001ffffffff000000003600000001ffffffff000000003700000001ffffffff00000000390000000200000008010000003a0000000100000008000000003b0000000100000008000000003c0000000100000008000000003d0000000100000008000000003e000000010000000800,102773214085,0,464000000,0,51386607011,9255261846,t,2026-09-25 02:25:06.226605+00,464
8f39fce6-1f21-4aa4-b3ea-aca0a36fcbb0,9ac44ac0-c7f6-4b33-a402-c9e92e17392b,465000000,4,2,1000000,64,64,9,\x0003061e363330180a0d1b090c0f273f3c39212412152d2a1c0e261402051d0b1931342210282b2e16130104071f3725172f3d3a2c3e3b3820081a3235231129,\x00020420400002042080022000112000010210200009802a002108880611601123800113180804080182c08000402080081080000110800820800048000408408008201000040802,1,\x000000110000002700000001ffffffff000000002a00000001ffffffff000000002b00000001ffffffff000000002c00000001ffffffff000000002d00000001ffffffff000000002e00000001ffffffff000000003000000001ffffffff000000003200000001ffffffff000000003300000001ffffffff000000003500000001ffffffff0000000037000000020000000501000000390000000100000008000000003a0000000100000008000000003b0000000100000008000000003c0000000100000008000000003d0000000100000008000000003e000000010000000800,103046161019,0,465000000,0,51523080478,9278643047,t,2026-09-25 02:26:57.404664+00,465
a66d1b6f-a545-4dd5-aa5c-3acc1a1d3714,9ac44ac0-c7f6-4b33-a402-c9e92e17392b,466000000,4,2,1000000,64,64,9,\x0003061e363330180a0d1b090c0f273f3c39212412152d2a1c34371f070401193123353220383b3e260e0b081a283a2c291114172f1d05021013162e2b3d2522,\x00020420400002042080022000112000010210200009802a002108888e05000204820402040009800082408000408040802020818060108004484100051008080604200041001008,1,\x0000000f0000001b00000001ffffffff000000001c00000001ffffffff000000002000000001ffffffff000000002500000001ffffffff000000002900000001ffffffff000000002b00000001ffffffff000000003000000001ffffffff000000003100000001ffffffff000000003700000001ffffffff000000003900000001ffffffff010000003a0000000100000008000000003b0000000100000008000000003c0000000100000008000000003d0000000100000008000000003e000000010000000800,103360765247,0,466000000,0,51680382592,9306306351,t,2026-09-25 02:29:06.736668+00,466
dc8a8429-f96b-45b2-aa7f-351690d254fe,9ac44ac0-c7f6-4b33-a402-c9e92e17392b,467000000,4,2,1000000,64,64,9,\x0003061e363330180a0d1b090c0f273f3c39212412152d1f0704162e1c2a3820080b0e263e3b29112335321a283a2c14021022253734311901132b1d05172f3d,\x00020420400002042080022000112000010210200009802a00214840200820000201822042020420400002082002044000b24000a020201008182000020420400410100444000104,1,\x0000000c0000001800000001ffffffff000000001d00000001ffffffff000000002200000001ffffffff000000002a00000001ffffffff000000003400000001ffffffff000000003500000001ffffffff000000003600000001ffffffff000000003800000001ffffffff000000003b00000001ffffffff010000003c0000000100000008000000003d0000000100000008000000003e000000010000000800,103630933037,0,467000000,0,51815466487,9329421600,t,2026-09-25 02:30:57.80416+00,467
aae04be2-25a7-4283-9b28-9464ac85fc6c,9ac44ac0-c7f6-4b33-a402-c9e92e17392b,468000000,4,2,1000000,64,64,9,\x0003061e363330180a0d1b090c0f273f3c39212412152d1f070416130119313437252214112320382a1c2e2b2810021a080b0e263e3b292c3a3d2f17051d3532,\x00020420400002042080022000112000010210200009802a002148402008a000820081000140502015c1c0050380000980200108a002240204204000028800080200020282000108,1,\x000000110000001800000001ffffffff000000001c00000001ffffffff000000002000000001ffffffff000000002800000001ffffffff000000002a00000001ffffffff000000002d00000001ffffffff00000000300000000200000008010000003200000001000000080000000033000000010000000800000000350000000100000008000000003600000001000000080000000038000000010000000800000000390000000100000008000000003b0000000100000008000000003c0000000100000008000000003d0000000100000008000000003e000000010000000800,103795405219,0,468000000,0,51897702578,9343321590,t,2026-09-25 02:32:06.091011+00,468
52226bef-2b31-4194-a5f1-54b7dc1866fc,9ac44ac0-c7f6-4b33-a402-c9e92e17392b,469000000,4,2,1000000,64,64,9,\x0003061e363330180a0d1b090c0f273f3c39212412152d1f070401191c2a383b3e260e0b082032351d2f2c2911233134372513162e2b3d3a2210281a02051714,\x00020420400002042080022000112000010210200009802a0021484020482050000182000180008100818080006004608100440082000140d00a4000820008604010000424800008,1,\x0000000e0000001800000001ffffffff000000001d00000001ffffffff000000002200000001ffffffff000000002b00000001ffffffff000000002d00000001ffffffff000000002e00000001ffffffff000000003000000001ffffffff000000003300000001ffffffff000000003400000001ffffffff000000003600000001ffffffff000000003a00000001ffffffff000000003b00000001ffffffff000000003d0000000200000001010000003e000000010000000800,103944274979,0,469000000,0,51972137458,9356003083,t,2026-09-25 02:33:07.533756+00,469
f00e3388-de62-4abc-ba20-5a194eec97af,9ac44ac0-c7f6-4b33-a402-c9e92e17392b,470000000,4,2,1000000,64,64,9,\x0003061e363330180a0d1b090c0f273f3c39212412152d1f07041c2a383b3e260e0b0820323523313437253d3a2c29111422100205172f1d1a282b2e16130119,\x00020420400002042080022000112000010210200009802a0021484020584080204000204020402020200008040102802000011c0420011080205440000110101004080004020802,1,\x0000000f0000001800000001ffffffff000000001b00000001ffffffff000000002000000001ffffffff000000002900000001ffffffff000000002e00000001ffffffff000000002f00000001ffffffff000000003100000001ffffffff000000003500000001ffffffff000000003600000001ffffffff000000003800000001ffffffff000000003900000001ffffffff000000003b0000000200000005010000003c0000000100000008000000003d0000000100000008000000003e000000010000000800,104137174019,0,470000000,0,52068586978,9372445196,t,2026-09-25 02:34:27.897091+00,470
590fe06f-7d47-4f89-b25a-e1a2bba4c7c8,9ac44ac0-c7f6-4b33-a402-c9e92e17392b,471000000,4,2,1000000,64,64,9,\x0003061e363330180a0d1b090c0f273f3c39212412152d3b3e260e0b190113051725371f0704162e2b1d35321a0820382a1c34312311292c2f3d3a2810021422,\x00020420400002042080022000112000010210200009802a00214c01800081c081c88048021808000204820002302419800006040102800011800008048100011040000144900004,1,\x0000000e0000002400000001ffffffff000000002600000001ffffffff000000002d00000001ffffffff000000002f00000001ffffffff000000003000000001ffffffff000000003100000001ffffffff000000003300000001ffffffff000000003400000001ffffffff000000003600000001ffffffff000000003800000001ffffffff000000003900000001ffffffff000000003b00000001ffffffff000000003d0000000200000008010000003e000000010000000800,104481322791,0,471000000,0,52240661364,9402225699,t,2026-09-25 02:36:50.805601+00,471
7d2fc723-41bc-41e1-a879-4b2a69b0bfc1,9ac44ac0-c7f6-4b33-a402-c9e92e17392b,472000000,4,2,1000000,64,64,9,\x0003061e363330180a0d1b090c0f273f3c39212412152d3b3e2c29111422343123260e0b081a1d2b190113050210283a3d2f1725371f0704162e1c2a38203235,\x00020420400002042080022000112000010210200009802a00214c01c040001260c58908c002008100c140132731800c880401010101010001412000081008020880408000888000,1,\x000000130000001a00000001ffffffff000000002100000001ffffffff000000002700000001ffffffff010000002c0000000100000008000000002d0000000100000008000000002e0000000100000008000000002f000000010000000800000000310000000100000008000000003200000001000000080000000033000000010000000800000000340000000100000008000000003600000001000000080000000038000000010000000800000000390000000100000008000000003a0000000100000008000000003b0000000100000008000000003c0000000100000008000000003d0000000100000008000000003e000000010000000800,104840210849,0,472000000,0,52420105393,9434864609,t,2026-09-25 02:39:19.875771+00,472
c62317b4-3603-442a-84df-18f30d36c426,9ac44ac0-c7f6-4b33-a402-c9e92e17392b,473000000,4,2,1000000,64,64,9,\x0003061e363330180a0d1b090c0f273f3c39212412152d3b2911141725371f070401193134221002051d2f3d3a282b13162e1c2a38203235230b081a2c3e260e,\x00020420400002042080022000112000010210200009802a00214c31800408c042001020102418201000040940011808400001440020010880408000888000208244102040001020,1,\x0000000c0000001f00000001ffffffff000000002f00000001ffffffff000000003000000001ffffffff000000003100000001ffffffff000000003300000001ffffffff000000003400000001ffffffff000000003700000001ffffffff000000003a0000000200000008010000003b0000000100000008000000003c0000000100000008000000003d0000000100000008000000003e000000010000000800,105203891427,0,473000000,0,52601945682,9467266838,t,2026-09-25 02:41:51.698922+00,473
60478d58-0aa4-457e-9b58-0a7bd3b9e964,9ac44ac0-c7f6-4b33-a402-c9e92e17392b,474000000,4,2,1000000,64,64,9,\x0003061e363330180a0d1b090c0f273f3c39212412152d3b29112320382a1c1f07040113162e2b19313437253d3a281a32351d0502102214172f2c3e260e0b08,\x00020420400002042080022000112000010210200009802a00214c31800cd0400010a000402048301080000410040204004100020860040200112301810040010840100004080408,1,\x000000120000001c00000001ffffffff000000001d00000001ffffffff000000002000000001ffffffff000000002400000001ffffffff000000002500000001ffffffff000000002800000001ffffffff000000002a00000001ffffffff000000003000000002000000050100000031000000010000000800000000350000000100000008000000003600000001000000080000000038000000010000000800000000390000000100000008000000003a0000000100000008000000003b0000000100000008000000003c0000000100000008000000003d0000000100000008000000003e000000010000000800,105520376765,0,474000000,0,52760188351,9495486243,t,2026-09-25 02:44:02.817151+00,474
c4ffd3b2-52d3-49f1-972b-fe93a9a347e9,9ac44ac0-c7f6-4b33-a402-c9e92e17392b,475000000,4,2,1000000,64,64,9,\x0003061e363330180a0d1b090c0f273f3c392124121523353220080b1d1a0210282b2e161305172f3d3a2225373431190104071f2d3b2911142c3e260e1c2a38,\x00020420400002042080022000112000010210200009802a002301104010093040029204040604000201900002082000092000020420400204208000430c20010808000204010204,1,\x0000000d0000002500000001ffffffff000000002b00000001ffffffff000000002e00000001ffffffff000000003000000001ffffffff000000003200000001ffffffff000000003600000001ffffffff0100000037000000010000000800000000390000000100000008000000003a0000000100000008000000003b0000000100000008000000003c0000000100000008000000003d0000000100000008000000003e000000010000000800,105918130291,0,475000000,0,52959065114,9531133990,t,2026-09-25 02:46:48.568918+00,475
f04021b9-2efc-49f3-9cd7-f37b0b383d6f,9ac44ac0-c7f6-4b33-a402-c9e92e17392b,476000000,4,2,1000000,64,64,9,\x0003061e363330180a0d1b090c0f273f3c392124121523313437253d2f17050210221411293b382a2d1f070401190b082032351d2b13162e1c0e263e2c3a281a,\x00020420400002042080022000112000010210200009802a0023050102802100090808080804108240604004600100018120c140a008040404008201480002200011200002010840,1,\x0000000e0000002300000001ffffffff000000002800000001ffffffff000000002a00000001ffffffff000000003000000001ffffffff000000003200000001ffffffff000000003500000001ffffffff000000003600000001ffffffff000000003700000001ffffffff000000003800000001ffffffff000000003900000001ffffffff000000003a00000001ffffffff000000003b00000001ffffffff000000003d0000000200000005010000003e000000010000000800,106275392355,0,476000000,0,53137696146,9562702504,t,2026-09-25 02:49:16.869477+00,476
361a0ff3-554e-49f4-867c-1b5804388647,9ac44ac0-c7f6-4b33-a402-c9e92e17392b,477000000,4,2,1000000,64,64,9,\x0003061e363330180a0d1b090c0f273f3c39212412152331190104071f2d2a382032351d050210282b13162e1c0e263e3b291114172f3d253734223a2c1a080b,\x00020420400002042080022000112000010210200009802a002305418004084080010404410404002246028302818204200002100502104000091080000228022080200008048800,0,\x0000000e0000001b00000001ffffffff000000002200000001ffffffff000000002a00000001ffffffff000000002b00000001ffffffff000000002e00000001ffffffff000000003000000001ffffffff000000003200000001ffffffff000000003800000001ffffffff000000003900000001ffffffff000000003a00000001ffffffff000000003b00000001ffffffff000000003c00000001ffffffff000000003d00000001ffffffff000000003e00000001ffffffff00,106538687111,0,477000000,0,53269343524,9585086104,t,2026-09-25 02:51:04.481777+00,477
daf8a530-cb13-4554-b904-ed823154576a,9ac44ac0-c7f6-4b33-a402-c9e92e17392b,478000000,4,2,1000000,64,64,9,\x0003061e363330180a0d1b090c0f273f3c39212412152311293b3e2c3a281a32351d2f3d2b1931343725170502102214260e1c2e16130104071f2d2a3820080b,\x00020420400002042080022000112000010210200009802a002315040404009320043002018008400022048100014040020141810040028060100004028800010820808000089000,0,\x000000110000002000000001ffffffff000000002600000001ffffffff000000002e00000001ffffffff000000002f00000001ffffffff000000003000000001ffffffff000000003200000001ffffffff000000003300000001ffffffff000000003500000001ffffffff000000003600000001ffffffff000000003700000001ffffffff000000003800000001ffffffff000000003900000001ffffffff000000003a00000001ffffffff000000003b00000001ffffffff000000003c00000001ffffffff000000003d00000001ffffffff000000003e00000001ffffffff00,106838848685,0,478000000,0,53419424311,9610656133,t,2026-09-25 02:53:07.523509+00,478
4fe51231-6a46-4716-a304-1c2f91dd0bfd,9ac44ac0-c7f6-4b33-a402-c9e92e17392b,479000000,4,2,1000000,64,64,9,\x0003061e363330180a0d1b090c0f273f3c3921241215232032351d1a080b0e263e2c291114172f3d3a282b130502102225373431190104162e1c2a383b2d1f07,\x00020420400002042080022000112000010210200009802a00231d020200910322400002046044001220040104104004080308020201010440800004488001044024401000102020,1,\x000000100000001900000001ffffffff000000001c00000001ffffffff000000002300000001ffffffff000000002600000001ffffffff000000002c00000001ffffffff000000002d00000001ffffffff000000002e00000001ffffffff000000003000000001ffffffff000000003300000001ffffffff000000003500000001ffffffff0000000037000000020000000801000000380000000100000008000000003b0000000100000008000000003c0000000100000008000000003d0000000100000008000000003e000000010000000800,107223414817,0,479000000,0,53611707377,9644888377,t,2026-09-25 02:55:47.523106+00,479
c3e2101c-8129-4e6b-97e1-9a02a0d2a8be,9ac44ac0-c7f6-4b33-a402-c9e92e17392b,480000000,4,2,1000000,64,64,9,\x0003061e363330180a0d1b090c0f273f3c3921241215230b082032351d05172f3d3a22253734311901132b2810021a2c3e260e1c2e1604071f2d2a383b291114,\x00020420400002042080022000112000010210200009802a00a33f1108080800448a0002082080092000020420400614880004100101028080412000088800041040401000049000,1,\x0000000f0000001b00000001ffffffff000000002600000001ffffffff000000002c00000001ffffffff000000002e00000001ffffffff000000003200000002000000080100000034000000010000000800000000350000000100000008000000003600000001000000080000000037000000010000000800000000380000000100000008000000003a0000000100000008000000003b0000000100000008000000003c0000000100000008000000003d0000000100000008000000003e000000010000000800,107743830999,0,480000000,0,53871915468,9691185746,t,2026-09-25 02:59:23.352801+00,480
4b8ea587-4e2f-4b93-ae4e-cdbd4efd7ed3,9ac44ac0-c7f6-4b33-a402-c9e92e17392b,481000000,4,2,1000000,64,64,9,\x0003061e363330180a0d1b090c0f273f3c392124122a382032351d2f3d2b2e1613050210283a2225171411293b2d15071f3734263e2c1a080b0e1c0401193123,\x0002042040000204208002200011200001021020000980aa000220020200118000460020304049404040009000802040203020101040040840804600040810010220000281000140,1,\x0000000b0000002800000001ffffffff000000003100000001ffffffff000000003400000001ffffffff000000003500000001ffffffff000000003600000001ffffffff000000003700000001ffffffff00000000390000000200000002010000003b0000000100000008000000003c0000000100000008000000003d0000000100000008000000003e000000010000000800,107928747635,0,481000000,0,53964373786,9706578669,t,2026-09-25 03:00:39.671699+00,481
fc00a340-1fc5-4d95-a8ce-bb89e4500eac,9ac44ac0-c7f6-4b33-a402-c9e92e17392b,482000000,4,2,1000000,64,64,9,\x0003061e363330180a0d1b090c0f273f3c392124122a382032351d2f170513160401192b3d25371f07152d3b3e2c291114223a2810021a080b233134260e1c2e,\x0002042040000204208002200011200001021020000980aa000220020200118004048600242010303000880020401010401000040420015410000104100110010a20080008080201,1,\x0000000e0000002100000001ffffffff000000002400000001ffffffff01000000280000000100000008000000002a0000000100000008000000002e00000001000000080000000032000000010000000800000000340000000100000008000000003500000001000000080000000036000000010000000800000000370000000100000008000000003a0000000100000008000000003c0000000100000008000000003d0000000100000008000000003e000000010000000800,108055439981,0,482000000,0,54027719959,9717302605,t,2026-09-25 03:01:31.947591+00,482
61725925-e854-4d8a-89f6-d3e916648be7,9ac44ac0-c7f6-4b33-a402-c9e92e17392b,483000000,4,2,1000000,64,64,9,\x0003061e363330180a0d1b090c0f273f3c392124122a382032351d05172f3d3a221411292c3e3b2d15071f1c2e160401192b132537343123260e0b081a021028,\x0002042040000204208002200011200001021020000980aa000220020200112280000208604641201040000440400011a02000080808060440112000020440018040802000090202,1,\x0000000a0000002e00000001ffffffff000000003300000001ffffffff000000003400000001ffffffff000000003600000001ffffffff000000003800000001ffffffff000000003900000001ffffffff000000003a00000001ffffffff000000003b00000001ffffffff000000003d0000000200000008010000003e000000010000000800,108204573903,0,483000000,0,54102286920,9729896690,t,2026-09-25 03:02:33.629145+00,483
7e5a070b-01fc-4280-ad55-f4c8394dddfc,9ac44ac0-c7f6-4b33-a402-c9e92e17392b,484000000,4,2,1000000,64,64,9,\x0003061e363330180a0d1b090c0f273f3c392124122a382032351d05021a080b0e1c1f2d3b291114263e2c3a3d2f172537342210282b1301193123150704162e,\x0002042040000204208002200011200001021020000980aa00022002020011228100880001180c608024049001030880481002101004022080004120409810040800020408820002,1,\x0000000f0000001e00000001ffffffff000000002900000001ffffffff000000002d00000001ffffffff000000002e00000001ffffffff000000003000000001ffffffff000000003200000001ffffffff000000003400000001ffffffff000000003600000001ffffffff0100000038000000010000000800000000390000000100000008000000003a0000000100000008000000003b0000000100000008000000003c0000000100000008000000003d0000000100000008000000003e000000010000000800,108329759477,0,484000000,0,54164879707,9740457863,t,2026-09-25 03:03:25.434066+00,484
a5e27ced-3988-42b8-9a77-b29583c62879,9ac44ac0-c7f6-4b33-a402-c9e92e17392b,485000000,4,2,1000000,64,64,9,\x0003061e363330180a0d1b090c0f273f3c392124122a382032351d0513162e1c0e0b081a2c2911140210282b3d3a2234263e3b233119010407152d1f3725172f,\x0002042040000204208002200011200001021020000980aa00022002020011a221000118c0204010a064029000201010082002029001910840008200089000011010004400042002,1,\x0000000e0000002200000001ffffffff000000002800000001ffffffff000000002d0000000200000007010000003100000001000000080000000034000000010000000800000000350000000100000008000000003600000001000000080000000037000000010000000800000000390000000100000008000000003a0000000100000008000000003b0000000100000008000000003c0000000100000008000000003d0000000100000008000000003e000000010000000800,108464485447,0,485000000,0,54232242692,9752006128,t,2026-09-25 03:04:21.164445+00,485
588cff15-417b-4db8-82a9-0a164b59c677,9ac44ac0-c7f6-4b33-a402-c9e92e17392b,486000000,4,2,1000000,64,64,9,\x0003061e363330180a0d1b090c0f273f3c392124122a382032351d1a080b19011305172f2c3e3b291114021022253d3a282b2e160407152d1f1c0e2623313437,\x0002042040000204208002200011200001021020000980aa000220020200910222400222030249208041000410400280406020800108200204000222000202802800220001418000,1,\x0000000d0000001c00000001ffffffff000000002700000001ffffffff000000002a00000001ffffffff000000002f00000001ffffffff000000003000000001ffffffff000000003100000001ffffffff000000003300000001ffffffff000000003700000001ffffffff000000003900000001ffffffff010000003a0000000100000008000000003c0000000100000008000000003d0000000100000008000000003e000000010000000800,108590872723,0,486000000,0,54295436330,9762766965,t,2026-09-25 03:05:13.448221+00,486
25610b99-f721-4524-9c4e-99906e756480,9ac44ac0-c7f6-4b33-a402-c9e92e17392b,487000000,4,2,1000000,64,64,9,\x0003061e363330180a0d1b090c0f273f3c392124122a382032351d2b2e1613010407152d1f1c0e263e3b29112331190b081a283a3d25373422100205172f2c14,\x0002042040000204208002200011200001021020000980aa000220020200d11300080c1001022020008802240a0420800022000110401004201012009800082040000a2080000420,1,\x000000090000002e00000001ffffffff000000002f00000001ffffffff000000003000000001ffffffff000000003600000001ffffffff000000003700000001ffffffff000000003900000001ffffffff000000003b00000001ffffffff000000003d0000000200000004010000003e000000010000000800,108763994909,0,487000000,0,54381997423,9777797131,t,2026-09-25 03:06:25.977841+00,487
2486f0ce-7827-4ed5-ac1e-e2bed587497a,9ac44ac0-c7f6-4b33-a402-c9e92e17392b,488000000,4,2,1000000,64,64,9,\x0003061e363330180a0d1b090c0f273f3c392124122a382032351d2b130517252214263e3b2311292c2f3d3a2810021a080b0e1c2e160401193134371f07152d,\x0002042040000204208002200011200001021020000980aa000220020200d13327940006164cc92000011c0802010220800002082002200204402000080808040804080004090202,1,\x000000130000002600000001ffffffff000000002700000001ffffffff000000002900000001ffffffff000000002a00000001ffffffff000000002b00000001ffffffff000000002d00000001ffffffff000000002e00000001ffffffff000000002f00000001ffffffff000000003000000001ffffffff000000003200000001ffffffff000000003400000001ffffffff000000003500000001ffffffff000000003700000001ffffffff000000003800000001ffffffff000000003900000001ffffffff000000003a00000001ffffffff000000003b00000001ffffffff000000003d0000000200000008010000003e000000010000000800,108926227369,0,488000000,0,54463113653,9791462159,t,2026-09-25 03:07:33.121452+00,488
d4f04f1e-fc3e-4ae8-bf5a-adff63376cae,9ac44ac0-c7f6-4b33-a402-c9e92e17392b,489000000,4,2,1000000,64,64,9,\x0003061e363330180a0d1b090c0f273f3c392124122a3820323523311901132b2e160407152d1f1c0e263e3b2911142234372517050210283a3d2f2c1a1d0b08,\x0002042040000204208002200011200001021020000980aa000220020280411004c8804b01808008808000220a802810800002488016020280200402020202020200820022000808,1,\x0000000b0000002100000001ffffffff000000002400000001ffffffff000000002b00000001ffffffff000000002d00000001ffffffff000000003000000001ffffffff000000003100000001ffffffff000000003600000001ffffffff000000003900000001ffffffff000000003b00000001ffffffff000000003d0000000200000005010000003e000000010000000800,109084583417,0,489000000,0,54542291677,9805457064,t,2026-09-25 03:08:38.77654+00,489
5c1b301d-a08d-4a56-9e54-25b34653d2d0,9ac44ac0-c7f6-4b33-a402-c9e92e17392b,490000000,4,2,1000000,64,64,9,\x0003061e363330180a0d1b090c0f273f3c392124122a382032352311292c2f171402051d2b193134263e3b2d15071f3725130104162e1c0e0b081a2810223a3d,\x0002042040000204208002200011200001021020000980aa000220020280414160c00024104404208063068100810840000404100102206880082080000840102008400044008100,1,\x000000110000002600000001ffffffff000000002900000001ffffffff000000002a00000001ffffffff000000002c00000001ffffffff000000002f00000001ffffffff000000003100000001ffffffff01000000320000000100000008000000003400000001000000080000000035000000010000000800000000360000000100000008000000003700000001000000080000000038000000010000000800000000390000000100000008000000003a0000000100000008000000003c0000000100000008000000003d0000000100000008000000003e000000010000000800,109210276573,0,490000000,0,54605138255,9816208840,t,2026-09-25 03:09:31.014804+00,490
f850aa1c-9274-438d-9ad7-014fd2fd5687,9ac44ac0-c7f6-4b33-a402-c9e92e17392b,491000000,4,2,1000000,64,64,9,\x0003061e363330180a0d1b090c0f273f3c392124122a38203235231507040113162e2b1d1a080b0e1c193134223a28100205172f2c291114263e3b2d1f37253d,\x0002042040000204208002200011200001021020000980aa0002200202804145888204030108409025074480000c20100810aa040820800208208041029000020840000488000802,0,\x000000110000002000000001ffffffff000000002500000001ffffffff000000002900000001ffffffff000000002a00000001ffffffff000000002e00000001ffffffff000000002f00000001ffffffff000000003100000001ffffffff000000003400000001ffffffff000000003600000001ffffffff000000003700000001ffffffff000000003800000001ffffffff000000003900000001ffffffff000000003a00000001ffffffff000000003b00000001ffffffff000000003c00000001ffffffff000000003d00000001ffffffff000000003e00000001ffffffff00,109363783229,0,491000000,0,54681891583,9829225379,t,2026-09-25 03:10:34.655867+00,491
4b8ccb79-657c-47d2-871e-14d4c29636d3,9ac44ac0-c7f6-4b33-a402-c9e92e17392b,492000000,4,2,1000000,64,64,9,\x0003061e363330180a0d1b090c0f273f3c392124122a3820321a080b0e263e3b2d15071f37253d2f17051d352331191c34223a282b2e1604011310021411292c,\x0002042040000204208002200011200001021020000980aa000220028280081080000108a08000224000060148404010200002419020044010001120001010100440002480028100,1,\x0000000b0000001a00000001ffffffff000000002b00000001ffffffff000000003000000001ffffffff000000003500000001ffffffff000000003700000001ffffffff000000003800000001ffffffff000000003900000001ffffffff000000003a00000001ffffffff000000003b00000001ffffffff000000003d0000000200000008010000003e000000010000000800,109534264225,0,492000000,0,54767132081,9843763841,t,2026-09-25 03:11:45.414585+00,492
2a13ffe1-bb2e-4314-b912-142526ab9d21,9ac44ac0-c7f6-4b33-a402-c9e92e17392b,493000000,4,2,1000000,64,64,9,\x0003061e363330180a0d1b090c0f273f3c392124122a3820321a080b23351d2f2c29111417050210223431192b283a3d25371f1c0e263e3b2d1507040113162e,\x0002042040000204208002200011200001021020000980aa00022002828008f040001001582400091000040404060e40003204828000400400c12288000108808000820041400002,1,\x000000130000001a00000001ffffffff000000001d00000001ffffffff000000002200000001ffffffff000000002600000001ffffffff000000002a00000001ffffffff000000002d00000001ffffffff000000002e00000001ffffffff000000002f00000001ffffffff000000003100000001ffffffff000000003400000002000000080100000035000000010000000800000000360000000100000008000000003700000001000000080000000038000000010000000800000000390000000100000008000000003a0000000100000008000000003c0000000100000008000000003d0000000100000008000000003e000000010000000800,109688827927,0,493000000,0,54844413932,9856963648,t,2026-09-25 03:12:49.979741+00,493
e3b1942a-f434-4eb4-bed8-8702c9f61ae0,9ac44ac0-c7f6-4b33-a402-c9e92e17392b,494000000,4,2,1000000,64,64,9,\x0003061e363330180a0d1b090c0f273f3c392124122a3820080b0e263e3b2d152331192b3d3a2810021a32351d2f2c291114223437251705130104162e1c1f07,\x0002042040000204208002200011200001021020000980aa000220420204204000022820881404193200020820820a10080044000408400224101000042010084004184000440020,1,\x0000000b0000002a00000001ffffffff000000002b00000001ffffffff000000002f00000001ffffffff000000003000000001ffffffff000000003600000001ffffffff000000003700000001ffffffff000000003900000001ffffffff000000003b0000000200000008010000003c0000000100000008000000003d0000000100000008000000003e000000010000000800,109854708313,0,494000000,0,54927354125,9871412581,t,2026-09-25 03:13:59.899679+00,494
93ef0b9c-e82b-4bee-aac5-dd7c2127ee1c,9ac44ac0-c7f6-4b33-a402-c9e92e17392b,495000000,4,2,1000000,64,64,9,\x0003061e363330180a0d1b090c0f273f3c392124122a3820080b0e263e2c3a282b2e1c3431190113160407152d3b29112335321a1d0502102214172f3d25371f,\x0002042040000204208002200011200001021020000980aa000220420204204000468610c10280a91001089001014004604000110820020440001240080404020005208000880020,0,\x0000000d0000002500000001ffffffff000000002800000001ffffffff000000002900000001ffffffff000000002d00000001ffffffff000000002e00000001ffffffff000000003000000001ffffffff000000003200000001ffffffff000000003700000001ffffffff000000003900000001ffffffff000000003b00000001ffffffff000000003c00000001ffffffff000000003d00000001ffffffff000000003e00000001ffffffff00,109982386941,0,495000000,0,54991193439,9882886713,t,2026-09-25 03:14:52.867696+00,495
b6efb9d5-9092-4f59-838e-ec8984d0ce09,9ac44ac0-c7f6-4b33-a402-c9e92e17392b,496000000,4,2,1000000,64,64,9,\x0003061e363330180a0d1b090c0f273f3c392124122a3820080b0e261411293b3e2c1a32352331191c34371f2d1507040113162e2b1d2f3d25223a2810020517,\x0002042040000204208002200011200001021020000980aa00022042020420c0030201010140a4201000048220410c04008200082008100404200001920004502011000104500001,0,\x0000000e0000002000000001ffffffff000000002300000001ffffffff000000002c00000001ffffffff000000002d00000001ffffffff000000002e00000001ffffffff000000003000000001ffffffff000000003200000001ffffffff000000003300000001ffffffff000000003900000001ffffffff000000003a00000001ffffffff000000003b00000001ffffffff000000003c00000001ffffffff000000003d00000001ffffffff000000003e00000001ffffffff00,110143108645,0,496000000,0,55071554291,9897277160,t,2026-09-25 03:15:59.954503+00,496
de6fdddb-b5ad-4fe2-b749-a15309096662,9ac44ac0-c7f6-4b33-a402-c9e92e17392b,497000000,4,2,1000000,64,64,9,\x0003061e363330180a0d1b090c0f273f3c392124122a3820080b0e1c2e160401132517051d2f3d3a221002142c3e2634371f07152d3b29112331192b281a3235,\x0002042040000204208002200011200001021020000980aa000220420204602000088808062419024141000218604010126041001004018000414000010820021400110001108100,1,\x0000000b0000003000000001ffffffff000000003200000001ffffffff000000003400000001ffffffff000000003600000001ffffffff000000003700000001ffffffff00000000390000000200000008010000003a0000000100000008000000003b0000000100000008000000003c0000000100000008000000003d0000000100000008000000003e000000010000000800,110270373561,0,497000000,0,55135186749,9908667004,t,2026-09-25 03:16:53.132582+00,497
1dfc1b67-bc4d-4221-9ba5-5eb3846327a9,9ac44ac0-c7f6-4b33-a402-c9e92e17392b,498000000,4,2,1000000,64,64,9,\x0003061e363330180a0d1b090c0f273f3c392124122a3820080b0e1c1f2d150704162e2b1d35321a28100214223a3d2537343119011305172f2c291123263e3b,\x0002042040000204208002200011200001021020000980aa00022042020460308001104010041080208f0004200884001ab081400060022040000244002001042048002220000108,1,\x0000000d0000001f00000001ffffffff000000002200000001ffffffff000000002600000001ffffffff000000003000000001ffffffff000000003300000001ffffffff000000003400000001ffffffff000000003500000001ffffffff000000003600000001ffffffff000000003700000001ffffffff000000003800000001ffffffff000000003b00000001ffffffff000000003d0000000200000002010000003e000000010000000800,110406984371,0,498000000,0,55203492154,9920390170,t,2026-09-25 03:17:49.349419+00,498
97f24dd5-dff6-448f-9d28-7e7935cd679f,9ac44ac0-c7f6-4b33-a402-c9e92e17392b,499000000,4,2,1000000,64,64,9,\x0003061e363330180a0d1b090c0f273f3c392124122a3820080b0e1c34371f0704162e2b283a2c291114172f3d252210021a32351d051301193123263e3b2d15,\x0002042040000204208002200011200001021020000980aa00022042020460702500102418041080204340300940022c208000080410810a100800040802100408000a4000022020,1,\x0000000e0000002200000001ffffffff000000002c00000001ffffffff000000002e00000001ffffffff000000003200000001ffffffff000000003400000001ffffffff000000003500000001ffffffff000000003600000001ffffffff000000003700000001ffffffff000000003800000001ffffffff000000003900000001ffffffff000000003b0000000200000007010000003c0000000100000008000000003d0000000100000008000000003e000000010000000800,110569866143,0,499000000,0,55284933040,9935229412,t,2026-09-25 03:18:57.532096+00,499
39f302b6-ceaf-4c1b-89a0-88d9571c26a5,9ac44ac0-c7f6-4b33-a402-c9e92e17392b,500000000,4,2,1000000,64,64,9,\x0003061e363330180a0d1b090c0f273f3c392124122a3820080b190113162e2b3d3a28102225172f1d05021411293b2d1507041c0e263e2c1a3235233134371f,\x0002042040000204208002200011200001021020000980aa000220420224203220000108022080002220802002208040300081c08040400041201088000110200804008120400020,1,\x0000000c0000002900000001ffffffff000000003200000001ffffffff0000000034000000020000000801000000360000000100000008000000003700000001000000080000000038000000010000000800000000390000000100000008000000003a0000000100000008000000003b0000000100000008000000003c0000000100000008000000003d0000000100000008000000003e000000010000000800,110747731919,0,500000000,0,55373865928,9951234338,t,2026-09-25 03:20:12.239686+00,500
26121637-c295-4d12-b96d-5a486cd37b55,9ac44ac0-c7f6-4b33-a402-c9e92e17392b,501000000,4,2,1000000,64,64,9,\x0003061e363330180a0d1b090c0f273f3c392124122a3820080b1d2f3d3a2810223437251705021a3235233119010416132b2e1c0e261411292c3e3b2d15071f,\x0002042040000204208002200011200001021020000980aa00022042022c308000028820020604000108040402040280400044c88001100804000188000908040208800008082002,1,\x0000000d0000002800000001ffffffff000000002900000001ffffffff000000002b00000001ffffffff000000003000000001ffffffff000000003100000001ffffffff000000003200000001ffffffff000000003400000001ffffffff000000003700000001ffffffff000000003900000001ffffffff000000003a00000001ffffffff000000003b00000001ffffffff000000003d0000000200000007010000003e000000010000000800,110923629847,0,501000000,0,55461814892,9966284401,t,2026-09-25 03:21:25.928865+00,501
35c65ad3-a13b-420d-a68d-fcbbb1933ed7,9ac44ac0-c7f6-4b33-a402-c9e92e17392b,502000000,4,2,1000000,64,64,9,\x0003061e363330180a0d1b090c0f273f3c392124122a3820080b1d1a323523150704011931341c0e263e3b2d1f3725221013162e2b283a3d2f1705021411292c,\x0002042040000204208002200011200001021020000980aa00022042022cb0422000085484284820402040104004084000048800080a240a0520000182800080a080802080028100,1,\x0000000f0000001c00000001ffffffff000000001d00000001ffffffff000000002400000001ffffffff000000002700000001ffffffff000000002b00000001ffffffff000000002c00000001ffffffff000000002d00000001ffffffff000000003200000001ffffffff000000003300000001ffffffff000000003500000001ffffffff000000003700000001ffffffff000000003a00000001ffffffff000000003b00000001ffffffff000000003d0000000200000008010000003e000000010000000800,111109288437,0,502000000,0,55554644187,9982115054,t,2026-09-25 03:22:42.896844+00,502
0e8af6d6-a516-4bb3-9d92-47931b8a9a24,9ac44ac0-c7f6-4b33-a402-c9e92e17392b,503000000,4,2,1000000,64,64,9,\x0003061e363330180a0d1b090c0f273f3c392124122a3820080b231114263e3b292c3a3d2b281a32351d2f1705021013011931342225371f2d150704162e1c0e,\x0002042040000204208002200011200001021020000980aa00022042023c50516000110820022408002e023002018008000202028201230810080022800020088000822080000840,1,\x000000100000001e00000001ffffffff010000002000000001000000080000000027000000010000000800000000280000000100000008000000002a0000000100000008000000002d0000000100000008000000003200000001000000080000000034000000010000000800000000350000000100000008000000003600000001000000080000000038000000010000000800000000390000000100000008000000003a0000000100000008000000003c0000000100000008000000003d0000000100000008000000003e000000010000000800,111306809451,0,503000000,0,55653404694,9999144403,t,2026-09-25 03:24:04.82541+00,503
0336a9c9-9e2a-43ed-89ac-204adc79d462,9ac44ac0-c7f6-4b33-a402-c9e92e17392b,504000000,4,2,1000000,64,64,9,\x0003061e363330180a0d1b090c0f273f3c392124122a3820081a32351d0b0e263e3b2911233134371f2d1507041c2e161301192b2810021422253d3a2c2f1705,\x0002042040000204208002200011200001021020000980aa0002204206100800444400020420800022004180004010000104c180002010401010000108a0010c0210800028001010,1,\x0000000c0000001a00000001ffffffff000000002900000001ffffffff000000002a00000001ffffffff000000002b00000001ffffffff000000002f00000001ffffffff000000003100000001ffffffff000000003200000001ffffffff000000003700000001ffffffff010000003b0000000100000008000000003c0000000100000008000000003d0000000100000008000000003e000000010000000800,111460184037,0,504000000,0,55730091987,10012523209,t,2026-09-25 03:25:08.572473+00,504
d3309a2a-bc8b-4f0b-8484-8b3f4ac66d1b,9ac44ac0-c7f6-4b33-a402-c9e92e17392b,505000000,4,2,1000000,64,64,9,\x0003061e363330180a0d1b090c0f273f3c392124122a3820081a32351d050210282b13162e1c1f070401190b0e263e3b2d152331343725223a3d2f17142c2911,\x0002042040000204208002200011200001021020000980aa0002204206100800440c040404060c09400044302610201020148000010880802040102000080a040200020281000420,1,\x0000000d0000001a00000001ffffffff000000002400000001ffffffff000000002800000001ffffffff000000002900000001ffffffff000000002c00000001ffffffff000000003000000001ffffffff000000003100000001ffffffff000000003300000001ffffffff000000003500000001ffffffff000000003900000001ffffffff000000003b00000001ffffffff000000003d0000000200000004010000003e000000010000000800,111568580899,0,505000000,0,55784290418,10021673970,t,2026-09-25 03:25:53.473137+00,505
c8a85dcc-eb34-4541-af44-dd6075043f6c,9ac44ac0-c7f6-4b33-a402-c9e92e17392b,506000000,4,2,1000000,64,64,9,\x0003061e363330180a0d1b090c0f273f3c392124122a3820081a32352331190b0e263e3b2d15071f37253d3a282b130104162e1c342210021417051d2f2c2911,\x0002042040000204208002200011200001021020000980aa00022042061008000641106001081080000a082002046010800022403010010410004100040840032280202000020420,0,\x0000000e0000001a00000001ffffffff000000002500000001ffffffff000000002f00000001ffffffff000000003100000001ffffffff000000003200000001ffffffff000000003300000001ffffffff000000003400000001ffffffff000000003600000001ffffffff000000003900000001ffffffff000000003a00000001ffffffff000000003b00000001ffffffff000000003c00000001ffffffff000000003d00000001ffffffff000000003e00000001ffffffff00,111712826871,0,506000000,0,55856413404,10034369773,t,2026-09-25 03:26:54.201292+00,506
87096ba9-dffb-477a-8b59-8c561ee2ac23,9ac44ac0-c7f6-4b33-a402-c9e92e17392b,507000000,4,2,1000000,64,64,9,\x0003061e363330180a0d1b090c0f273f3c392124122a3820081a0210283a2c2911230b0e1c2e1604011931342225371f07152d3b3e26141705132b3d2f1d3532,\x0002042040000204208002200011200001021020000980aa0002204206304940404030094006380bc040001010110810081022900020401010401000088800241010100008040108,1,\x0000000f0000001a00000001ffffffff010000002a0000000100000008000000002e00000001000000080000000030000000010000000800000000310000000100000008000000003200000001000000080000000033000000010000000800000000340000000100000008000000003500000001000000080000000036000000010000000800000000390000000100000008000000003b0000000100000008000000003c0000000100000008000000003d0000000100000008000000003e000000010000000800,111936671507,0,507000000,0,55968335722,10053741301,t,2026-09-25 03:28:28.105821+00,507
e9ecb3ee-aaa0-4d73-af4d-1e19bea96d23,9ac44ac0-c7f6-4b33-a402-c9e92e17392b,508000000,4,2,1000000,64,64,9,\x0003061e363330180a0d1b090c0f273f3c392124122a3820231114221002051725371f2d1507040113162e1c3431190b0e263e3b292c3a282b3d2f1d35321a08,\x0002042040000204208002200011200001021020000980aa0002204354145841025000010c0440410004100409020210004100021041010810800022408210010400024100021010,1,\x0000000d0000002400000001ffffffff000000002500000001ffffffff000000002900000001ffffffff000000002d00000001ffffffff0000000030000000020000000401000000310000000100000008000000003300000001000000080000000034000000010000000800000000390000000100000008000000003a0000000100000008000000003c0000000100000008000000003d0000000100000008000000003e000000010000000800,112291295859,0,508000000,0,56145647898,10085056698,t,2026-09-25 03:30:56.019223+00,508
5443344e-1e47-4c00-ab68-c663c614a801,9ac44ac0-c7f6-4b33-a402-c9e92e17392b,509000000,4,2,1000000,64,64,9,\x0003061e363330180a0d1b090c0f273f3c392124122a383b3e260e0b081a2c3a22341c0407152d1f37253d2f1d3532202331190113162e2b2810020517141129,\x0002042040000204208002200011200001021020000980aa0082200180008100c1c0930c6104449912800101400440100004860004100110000122200001081080000a2000020402,1,\x000000110000001f00000001ffffffff010000002600000001000000080000000027000000010000000800000000280000000100000008000000002e0000000100000008000000002f000000010000000800000000310000000100000008000000003300000001000000080000000035000000010000000800000000360000000100000008000000003700000001000000080000000038000000010000000800000000390000000100000008000000003b0000000100000008000000003c0000000100000008000000003d0000000100000008000000003e000000010000000800,112551479883,0,509000000,0,56275739910,10108957893,t,2026-09-25 03:32:45.031742+00,509
5e2fa663-e056-4181-8403-52bc8d24457c,9ac44ac0-c7f6-4b33-a402-c9e92e17392b,510000000,4,2,1000000,64,64,9,\x0003061e363330180a0d1b090c0f273f3c392124122a383b3e260e1c343123152d1f37253d3a2210281a021411292c2f170513162e2b1d353220080b19010407,\x0002042040000204208002200011200001021020000980aa008220018000c17020023059040011004100021010040291190081408000404030084000022802104000098000488000,1,\x0000000f0000002000000001ffffffff00000000220000000200000006010000002c0000000100000008000000002d0000000100000008000000002e00000001000000080000000030000000010000000800000000340000000100000008000000003700000001000000080000000038000000010000000800000000390000000100000008000000003a0000000100000008000000003b0000000100000008000000003c0000000100000008000000003d0000000100000008000000003e000000010000000800,112752018255,0,510000000,0,56376009096,10127706195,t,2026-09-25 03:34:08.736158+00,510
f17a6429-b83d-422e-9a23-fd705927e868,9ac44ac0-c7f6-4b33-a402-c9e92e17392b,511000000,4,2,1000000,64,64,9,\x0003061e363330180a0d1b090c0f273f3c392124122a383b3e261411292c1a283a3d2f1725221002051d353220080b2331192b2e1613010407152d1f37341c0e,\x0002042040000204208002200011200001021020000980aa0082200180a0814020400a36020200028240020840010810800002488002088208080004028800011010004400021040,1,\x0000000c0000001c00000001ffffffff000000002700000001ffffffff000000002b00000001ffffffff000000002d00000001ffffffff000000002f00000001ffffffff010000003500000001000000080000000036000000010000000800000000390000000100000008000000003a0000000100000008000000003c0000000100000008000000003d0000000100000008000000003e000000010000000800,112955903803,0,511000000,0,56477951870,10145923293,t,2026-09-25 03:35:33.706452+00,511
3f911ddc-466b-4ccb-9312-80794dd8c016,9ac44ac0-c7f6-4b33-a402-c9e92e17392b,512000000,4,2,1000000,64,64,9,\x0003061e363330180a0d1b090c0f273f3c392124122a383b3e2c29111417051d353220081a02102225371f2d1507041c0e263431230b190113162e2b283a3d2f,\x0002042040000204208002200011200001021020000980aa00822001c04000122000090a06208000220008020305044041000410040b860820800008080220020210800041400040,1,\x0000000e0000001a00000001ffffffff000000002000000001ffffffff01000000250000000100000008000000002b0000000100000008000000002d00000001000000080000000032000000010000000800000000340000000100000008000000003500000001000000080000000037000000010000000800000000390000000100000008000000003a0000000100000008000000003c0000000100000008000000003d0000000100000008000000003e000000010000000800,113191838459,0,512000000,0,56595919198,10166594902,t,2026-09-25 03:37:11.269536+00,512
fb8e55ed-28ed-4cee-a553-2bf606b67ecb,9ac44ac0-c7f6-4b33-a402-c9e92e17392b,513000000,4,2,1000000,64,64,9,\x0003061e363330180a0d1b090c0f273f3c392124122a383b291114172f3d2b283a2c3e260e0b0820321a1d0502102225373431191c2e16130104071f2d152335,\x0002042040000204208002200011200001021020000980aa008220218004084000019c08020009000204020402028204200201818000022040001244001008200204208000080201,1,\x0000000b0000002200000001ffffffff000000002b00000001ffffffff010000002c000000010000000800000000350000000100000008000000003700000001000000080000000038000000010000000800000000390000000100000008000000003b0000000100000008000000003c0000000100000008000000003d0000000100000008000000003e000000010000000800,113460906849,0,513000000,0,56730453393,10191216563,t,2026-09-25 03:39:04.089366+00,513
d9126ff9-7d40-49c6-a549-9296a51ff33d,9ac44ac0-c7f6-4b33-a402-c9e92e17392b,514000000,4,2,1000000,64,64,9,\x0003061e363330180a0d1b090c0f273f3c392124122a383b29111402051d0b0820321a282b2e16131022343725172f3d3a2c3e260e1c1f2d1507040119312335,\x0002042040000204208002200011200001021020000980aa0082202180040811c0808d0804040451302400100810041c080002100104100009000204410004400041804080002001,1,\x0000000f0000002200000001ffffffff01000000280000000100000008000000002d0000000100000008000000002f0000000100000008000000003000000001000000080000000031000000010000000800000000320000000100000008000000003400000001000000080000000037000000010000000800000000390000000100000008000000003a0000000100000008000000003b0000000100000008000000003c0000000100000008000000003d0000000100000008000000003e000000010000000800,113614595917,0,514000000,0,56807297927,10204591364,t,2026-09-25 03:40:07.743576+00,514
d14d986c-20cc-4833-a48c-cb054a459243,9ac44ac0-c7f6-4b33-a402-c9e92e17392b,515000000,4,2,1000000,64,64,9,\x0003061e363330180a0d1b090c0f273f3c392124122a383b2911142c3e260e1c190113051725223a2810021a1d0b08203235233134371f2d150704162e2b3d2f,\x0002042040000204208002200011200001021020000980aa00822021800438210008100c57880c8824808105032180002250c2050402020280401020001004400041104000820040,0,\x000000120000001c00000001ffffffff000000002900000001ffffffff000000002a00000001ffffffff000000002d00000001ffffffff000000002e00000001ffffffff000000003000000001ffffffff000000003100000001ffffffff000000003300000001ffffffff000000003400000001ffffffff000000003500000001ffffffff000000003700000001ffffffff000000003800000001ffffffff000000003900000001ffffffff000000003a00000001ffffffff000000003b00000001ffffffff000000003c00000001ffffffff000000003d00000001ffffffff000000003e00000001ffffffff00,113781010445,0,515000000,0,56890505191,10219268487,t,2026-09-25 03:41:16.79067+00,515
01e43bcc-d91e-4420-bb09-969b8fb39360,9ac44ac0-c7f6-4b33-a402-c9e92e17392b,516000000,4,2,1000000,64,64,9,\x0003061e363330180a0d1b090c0f273f3c392124122a383b291123353220080b0e263e2c142210021a1d05172f3d3a282b1931343725130104162e1c1f2d1507,\x0002042040000204208002200011200001021020000980aa00822021800c100001049000010810009126850940041208114000010410014210081000040810010410001100011040,1,\x0000000d0000001d00000001ffffffff000000002200000001ffffffff000000002c00000001ffffffff000000002e00000001ffffffff000000002f00000001ffffffff000000003200000001ffffffff000000003500000001ffffffff000000003700000001ffffffff000000003900000001ffffffff000000003a00000001ffffffff000000003b00000001ffffffff000000003d0000000200000006010000003e000000010000000800,113935021327,0,516000000,0,56967510632,10232297574,t,2026-09-25 03:42:20.364879+00,516
037c9e0f-de44-42f9-8fbd-4ee2c99184a6,9ac44ac0-c7f6-4b33-a402-c9e92e17392b,517000000,4,2,1000000,64,64,9,\x0003061e363330180a0d1b090c0f273f3c392124122a383b292c3e260e0b082032352311142210021a283a3d2f1d2b19010407152d1f3725170513162e1c3431,\x0002042040000204208002200011200001021020000980aa008220218208000204020402020280001120850940041008080008049210440204404000100118804020084000040108,1,\x0000000d0000001a00000001ffffffff000000002300000001ffffffff000000002a00000001ffffffff000000003000000001ffffffff01000000330000000100000008000000003400000001000000080000000038000000010000000800000000390000000100000008000000003a0000000100000008000000003b0000000100000008000000003c0000000100000008000000003d0000000100000008000000003e000000010000000800,114186973297,0,517000000,0,57093486617,10255126291,t,2026-09-25 03:44:04.91364+00,517
bd927f3d-b26b-4317-8688-20816fcd6c9f,9ac44ac0-c7f6-4b33-a402-c9e92e17392b,518000000,4,2,1000000,64,64,9,\x0003061e363330180a0d1b090c0f273f3c392124122a383b2d15071f37253d2b1d2f170513162e1c0401193134223a2c2911140210281a08203235230b0e263e,\x0002042040000204208002200011200001021020000980aa008220a18000224000060158f10400018120000110402010201000040150128004008180002012050404000124000102,1,\x0000000b0000002600000001ffffffff000000002800000001ffffffff000000002900000001ffffffff00000000300000000200000008010000003400000001000000080000000035000000010000000800000000390000000100000008000000003a0000000100000008000000003c0000000100000008000000003d0000000100000008000000003e000000010000000800,114402572707,0,518000000,0,57201286322,10274558158,t,2026-09-25 03:45:35.794275+00,518
17bffc8e-5589-49d9-891b-33fe10cae436,9ac44ac0-c7f6-4b33-a402-c9e92e17392b,519000000,4,2,1000000,64,64,9,\x0003061e363330180a0d1b090c0f273f3c392124122a383b2d150704162e2b3d2f1d0b19011325371f1c0e263e2c1a08203235233134223a2810020517141129,\x0002042040000204208002200011200001021020000980aa008220a18000a22080000c0190c090c90044802001402000224000040e100404040081200008022080000a2000020402,1,\x000000110000002400000001ffffffff000000002800000001ffffffff000000002a00000001ffffffff000000002c00000001ffffffff000000002e00000001ffffffff010000002f000000010000000800000000310000000100000008000000003200000001000000080000000034000000010000000800000000350000000100000008000000003700000001000000080000000038000000010000000800000000390000000100000008000000003b0000000100000008000000003c0000000100000008000000003d0000000100000008000000003e000000010000000800,114561077527,0,519000000,0,57280538732,10288101414,t,2026-09-25 03:46:42.291643+00,519
36845c49-4ded-4c43-bd77-be39cb9a6887,9ac44ac0-c7f6-4b33-a402-c9e92e17392b,520000000,4,2,1000000,64,64,9,\x0003061e363330180a0d1b090c0f273f3c392124122a383b2d1f0715230b082032351d2f2c2911141705021a283a2210130119313437253d2b2e16041c0e263e,\x0002042040000204208002200011200001021020000980aa008220a180114180604f0402020200118045029000014040208040401010014614201020000802200200014100100102,1,\x000000110000001b00000001ffffffff000000001f00000001ffffffff000000002100000001ffffffff0000000025000000020000000801000000260000000100000008000000002b0000000100000008000000002f00000001000000080000000033000000010000000800000000350000000100000008000000003600000001000000080000000037000000010000000800000000380000000100000008000000003a0000000100000008000000003b0000000100000008000000003c0000000100000008000000003d0000000100000008000000003e000000010000000800,114952542137,0,520000000,0,57476271037,10324693053,t,2026-09-25 03:49:28.525134+00,520
c618ddef-347e-474e-9d47-865702c98085,9ac44ac0-c7f6-4b33-a402-c9e92e17392b,521000000,4,2,1000000,64,64,9,\x0003061e363330180a0d1b090c0f273f3c392124122a2d15071f373431190113253d2f17050214262311292c3e3b382032351d2b2e16041c0e0b081a283a2210,\x0002042040000204208002200011200001021020000980aa4002208008108000010890010308c002020282020d544010182000020420020200411000080802802040108040001010,1,\x0000000e0000002900000001ffffffff000000002c00000001ffffffff000000002d00000001ffffffff000000002e00000001ffffffff000000003100000001ffffffff000000003500000001ffffffff000000003600000001ffffffff000000003700000001ffffffff000000003800000001ffffffff000000003900000001ffffffff000000003a00000001ffffffff000000003b00000001ffffffff000000003d0000000200000006010000003e000000010000000800,115247494589,0,521000000,0,57623747263,10351704590,t,2026-09-25 03:51:32.214628+00,521
2c26f12c-0bd6-4532-9fd8-d5f59ebce416,9ac44ac0-c7f6-4b33-a402-c9e92e17392b,522000000,4,2,1000000,64,64,9,\x0003061e363330180a0d1b090c0f273f3c392124122a2d15071f37343123351d05172f3d25223a2810021a3220383b3e2c291114260e1c2e160401132b190b08,\x0002042040000204208002200011200001021020000980aa400220800810800001980028620410400004020110400019200082408000202000092000080601504040104000042008,1,\x0000000b0000002b00000001ffffffff000000002d00000002000000060100000031000000010000000800000000320000000100000008000000003300000001000000080000000034000000010000000800000000390000000100000008000000003b0000000100000008000000003c0000000100000008000000003d0000000100000008000000003e000000010000000800,115382800191,0,522000000,0,57691400064,10363454097,t,2026-09-25 03:52:28.153286+00,522
60371b6b-8fdd-4a79-b5ee-5ec06b1e2896,9ac44ac0-c7f6-4b33-a402-c9e92e17392b,523000000,4,2,1000000,64,64,9,\x0003061e363330180a0d1b090c0f273f3c392124122a2d15071f3734223a281a32351d2f2c291114260e1c2e1604011310020517253d2b1931230b0820383b3e,\x0002042040000204208002200011200001021020000980aa4002208008108000a3408860040200118041029000238820100004040403100005108080000810040001814080408000,1,\x0000000f0000002900000001ffffffff010000002d00000001000000080000000030000000010000000800000000310000000100000008000000003200000001000000080000000033000000010000000800000000340000000100000008000000003500000001000000080000000036000000010000000800000000380000000100000008000000003a0000000100000008000000003b0000000100000008000000003c0000000100000008000000003d0000000100000008000000003e000000010000000800,115520890571,0,523000000,0,57760445254,10375241515,t,2026-09-25 03:53:25.162928+00,523
53d19337-28ec-464a-87ea-cce1ab5d2cab,9ac44ac0-c7f6-4b33-a402-c9e92e17392b,524000000,4,2,1000000,64,64,9,\x0003061e363330180a0d1b090c0f273f3c392124122a2d15071f3734263e2c2f3d3a282b2e1c0e0b081a02142210132517051d353220383b2911233119010416,\x0002042040000204208002200011200001021020000980aa40022080081080008f008c080820800812000c2008180414599000448001804010200001048100208008400004480001,1,\x0000000f0000002600000001ffffffff000000002d00000001ffffffff000000002f000000020000000801000000300000000100000008000000003100000001000000080000000032000000010000000800000000340000000100000008000000003600000001000000080000000038000000010000000800000000390000000100000008000000003a0000000100000008000000003b0000000100000008000000003c0000000100000008000000003d0000000100000008000000003e000000010000000800,115680675237,0,524000000,0,57840337587,10388854843,t,2026-09-25 03:54:31.766328+00,524
d569733a-3665-416e-99cc-ad3734db0553,9ac44ac0-c7f6-4b33-a402-c9e92e17392b,525000000,4,2,1000000,64,64,9,\x0003061e363330180a0d1b090c0f273f3c392124122a2d15071f37253d2f17051d0b081a021411292c3e3b3820323523260e1c04011310283a223431192b2e16,\x0002042040000204208002200011200001021020000980aa4002208008108041001210101458443040440104020104408000444000100180203022c1400403028008800044400020,0,\x0000000c0000002b00000001ffffffff000000002d00000001ffffffff000000002e00000001ffffffff000000003100000001ffffffff000000003600000001ffffffff000000003800000001ffffffff000000003900000001ffffffff000000003a00000001ffffffff000000003b00000001ffffffff000000003c00000001ffffffff000000003d00000001ffffffff000000003e00000001ffffffff00,115844492687,0,525000000,0,57922246312,10402955793,t,2026-09-25 03:55:39.620895+00,525
c12661a8-240c-4e2d-8f28-9ba4ec3f3050,9ac44ac0-c7f6-4b33-a402-c9e92e17392b,526000000,4,2,1000000,64,64,9,\x0003061e363330180a0d1b090c0f273f3c392124122a2d15071f3725172f3d2b1310283a223431190104162e1c0e0b081a1d050214262311292c3e3b38203235,\x0002042040000204208002200011200001021020000980aa400220800810804188000218716211100044000420400208200002100508060200812040000511040208800001888000,1,\x0000000d0000002800000001ffffffff000000002a00000001ffffffff000000002b00000001ffffffff000000002c00000001ffffffff000000003200000001ffffffff000000003300000001ffffffff0000000037000000020000000801000000390000000100000008000000003a0000000100000008000000003b0000000100000008000000003c0000000100000008000000003d0000000100000008000000003e000000010000000800,116001232715,0,526000000,0,58000616326,10416663116,t,2026-09-25 03:56:44.716619+00,526
44067b77-031e-4112-aeb7-5fbebddf4b06,9ac44ac0-c7f6-4b33-a402-c9e92e17392b,527000000,4,2,1000000,64,64,9,\x0003061e363330180a0d1b090c0f273f3c392124122a2d15071f37252234311901041c0e0b0820383b3e26231114021013162e2b283a3d2f17051d35321a2c29,\x0002042040000204208002200011200001021020000980aa4002208008108041490004204002181044010201020102008120a2400804010210802041400040404010200001880008,1,\x0000000b0000002700000001ffffffff000000002d00000001ffffffff0100000031000000010000000800000000320000000100000008000000003600000001000000080000000038000000010000000800000000390000000100000008000000003b0000000100000008000000003c0000000100000008000000003d0000000100000008000000003e000000010000000800,116172996891,0,527000000,0,58086498414,10431703716,t,2026-09-25 03:57:56.059729+00,527
0b7235bf-56dc-4f5e-8027-f2d0df0ed69f,9ac44ac0-c7f6-4b33-a402-c9e92e17392b,528000000,4,2,1000000,64,64,9,\x0003061e363330180a0d1b090c0f273f3c392124122a2d15071f3725130104162e1c0e0b081a3220383b3e2623351d050210283a2c291114172f3d2b19313422,\x0002042040000204208002200011200001021020000980aa40022080081080412b440001044000a280c100811004020400824100102012101018100c029000010820000182400010,1,\x0000000c0000001f00000001ffffffff000000002800000001ffffffff000000002d00000001ffffffff000000003500000001ffffffff000000003600000001ffffffff0000000038000000020000000301000000390000000100000008000000003a0000000100000008000000003b0000000100000008000000003c0000000100000008000000003d0000000100000008000000003e000000010000000800,116351179699,0,528000000,0,58175589818,10447461587,t,2026-09-25 03:59:10.029894+00,528
546c3ef9-cc6f-4375-b504-66c5c3602e77,9ac44ac0-c7f6-4b33-a402-c9e92e17392b,529000000,4,2,1000000,64,64,9,\x0003061e363330180a0d1b090c0f273f3c392124122a2d15071f1c04162e2b3d2f1714260e0b0820383b3e2c29112331190113253734221002051d35321a283a,\x0002042040000204208002200011200001021020000980aa4002208008501022800004019080e0900104020602040204000101880005408008102000020812840210200001080201,1,\x000000100000001d00000001ffffffff000000002400000001ffffffff000000002800000001ffffffff000000002a00000001ffffffff000000002c00000001ffffffff000000002d00000001ffffffff000000003000000001ffffffff000000003100000001ffffffff000000003400000001ffffffff000000003500000001ffffffff000000003700000001ffffffff01000000390000000100000008000000003b0000000100000008000000003c0000000100000008000000003d0000000100000008000000003e000000010000000800,116544715629,0,529000000,0,58272357783,10464272782,t,2026-09-25 04:00:30.691784+00,529
01b0ac01-2d8a-407c-adc6-904222972115,9ac44ac0-c7f6-4b33-a402-c9e92e17392b,530000000,4,2,1000000,64,64,9,\x0003061e363330180a0d1b090c0f273f3c392124122a2d150704162e1c1f37253d2b1d2f17051301193123353220383b29111402102234260e0b081a283a2c3e,\x0002042040000204208002200011200001021020000980aa4002208028082000220001180460c1130004040210040804120001048100218004008140800040442040108040002001,1,\x0000000c0000001d00000001ffffffff000000002700000001ffffffff000000002b00000001ffffffff000000002e00000001ffffffff000000003100000001ffffffff000000003600000001ffffffff0000000038000000020000000801000000390000000100000008000000003a0000000100000008000000003c0000000100000008000000003d0000000100000008000000003e000000010000000800,116785063553,0,530000000,0,58392531745,10485633980,t,2026-09-25 04:02:11.637096+00,530
49352f15-7f56-4496-9d3f-b37d8dd214a3,9ac44ac0-c7f6-4b33-a402-c9e92e17392b,531000000,4,2,1000000,64,64,9,\x0003061e363330180a0d1b090c0f273f3c392124122a2d150704162e2b130119312311292c14172f3d3a281a080b0e263e3b382032351d0502102225371f1c34,\x0002042040000204208002200011200001021020000980aa4002208028082000430e08020402892030604900020820800046224000020420400022200010201010080820000a0402,1,\x0000000e0000001e00000001ffffffff000000003000000001ffffffff000000003100000001ffffffff000000003200000001ffffffff000000003300000001ffffffff000000003400000001ffffffff000000003500000001ffffffff000000003600000001ffffffff000000003700000001ffffffff000000003800000001ffffffff000000003900000001ffffffff000000003b00000001ffffffff000000003d0000000200000008010000003e000000010000000800,116961608931,0,531000000,0,58480804434,10500785962,t,2026-09-25 04:03:24.985239+00,531
30cc970a-7cc1-4f0b-914f-499ae795a2cb,9ac44ac0-c7f6-4b33-a402-c9e92e17392b,532000000,4,2,1000000,64,64,9,\x0003061e363330180a0d1b090c0f273f3c392124122a2d1507040119312311292c1417051d2f3d3a282b2e1613252210021a080b0e1c1f3734263e3b38203235,\x0002042040000204208002200011200001021020000980aa40022080284820402090080203960420c141000208200204000241800410800890081080410002100011800001888000,1,\x0000000e000000250000000200000002010000002b0000000100000008000000002f0000000100000008000000003000000001000000080000000033000000010000000800000000360000000100000008000000003700000001000000080000000038000000010000000800000000390000000100000008000000003a0000000100000008000000003b0000000100000008000000003c0000000100000008000000003d0000000100000008000000003e000000010000000800,117169611425,0,532000000,0,58584805681,10519340855,t,2026-09-25 04:04:51.366323+00,532
430fbfcc-4cb3-4e21-9849-ffd374eee99b,9ac44ac0-c7f6-4b33-a402-c9e92e17392b,533000000,4,2,1000000,64,64,9,\x0003061e363330180a0d1b090c0f273f3c392124122a2d1507041c1f3734222513162e2b1d0b0e263e2c2f3d3a28100205171411293b3820081a323523311901,\x0002042040000204208002200011200001021020000980aa400220802858084000028c00a402108020cb4c0002046004400001041040010440804040000420400410080002011020,1,\x000000130000001b00000001ffffffff000000002100000002000000050100000022000000010000000800000000260000000100000008000000002b0000000100000008000000002c0000000100000008000000002e000000010000000800000000300000000100000008000000003100000001000000080000000032000000010000000800000000340000000100000008000000003600000001000000080000000038000000010000000800000000390000000100000008000000003a0000000100000008000000003b0000000100000008000000003c0000000100000008000000003d0000000100000008000000003e000000010000000800,117445127047,0,533000000,0,58722563492,10543953592,t,2026-09-25 04:06:46.75931+00,533
59d94baf-b3ac-4236-a326-2d99ff587864,9ac44ac0-c7f6-4b33-a402-c9e92e17392b,534000000,4,2,1000000,64,64,9,\x0003061e363330180a0d1b090c0f273f3c392124122a2d152331342210282b190104071f1c2e1613051d35321a021411293b3820080b0e263e2c3a3d2f172537,\x0002042040000204208002200011200001021020000980aa400220881404084582c08011400204204041001008822c10800006880008040440000224400002044020080008080201,1,\x000000120000002200000001ffffffff000000002400000001ffffffff0100000025000000010000000800000000260000000100000008000000002a0000000100000008000000002d0000000100000008000000002f000000010000000800000000320000000100000008000000003300000001000000080000000034000000010000000800000000350000000100000008000000003600000001000000080000000037000000010000000800000000380000000100000008000000003a0000000100000008000000003c0000000100000008000000003d0000000100000008000000003e000000010000000800,117704841295,0,534000000,0,58852420616,10566368303,t,2026-09-25 04:08:33.45431+00,534
a9d5da44-f548-4225-9c12-6c249da6d458,9ac44ac0-c7f6-4b33-a402-c9e92e17392b,535000000,4,2,1000000,64,64,9,\x0003061e363330180a0d1b090c0f273f3c392124122a2d152311292c1a080b0e1c1f3725172f3d3a2810221402051d353220383b3e2634311901132b2e160407,\x0002042040000204208002200011200001021020000980aa40022088541018b0864481000c021081418800020820800810042200010210401008100008020840840c201000088800,1,\x0000000f0000002200000001ffffffff010000002c0000000100000008000000002f00000001000000080000000030000000010000000800000000310000000100000008000000003200000001000000080000000033000000010000000800000000340000000100000008000000003500000001000000080000000036000000010000000800000000370000000100000008000000003b0000000100000008000000003c0000000100000008000000003d0000000100000008000000003e000000010000000800,117944404009,0,535000000,0,58972201973,10586783038,t,2026-09-25 04:10:10.613659+00,535
22bec9b8-16a4-4ae6-9ebc-a44f57d52b74,9ac44ac0-c7f6-4b33-a402-c9e92e17392b,536000000,4,2,1000000,64,64,9,\x0003061e363330180a0d1b090c0f273f3c392124122a2d1f373431192b3d2517051d2f2c3e260e1c2e161301040715230b0820383b291114223a2810021a3235,\x0002042040000204208002200011200001021020000980aa40026004204000326c0014482438088020000a1004028040001120000204422010201000049000080880000288008100,1,\x000000100000002200000001ffffffff000000002800000001ffffffff000000002b00000001ffffffff000000002c00000001ffffffff000000002d00000001ffffffff000000002e00000001ffffffff000000003000000002000000080100000033000000010000000800000000340000000100000008000000003500000001000000080000000036000000010000000800000000390000000100000008000000003b0000000100000008000000003c0000000100000008000000003d0000000100000008000000003e000000010000000800,118296718613,0,536000000,0,59148359275,10617892739,t,2026-09-25 04:12:35.904721+00,536
8e8ff643-1c1f-4378-a76d-61f427ebb0bb,9ac44ac0-c7f6-4b33-a402-c9e92e17392b,537000000,4,2,1000000,64,64,9,\x0003061e363330180a0d1b090c0f273f3c392124122a2d1f3725172f3d2b1d05021a3235231507040113162e1c0e263431190b0820383b3e2c3a281022141129,\x0002042040000204208002200011200001021020000980aa400260046010228000463c22181c10080002102008120404200002120506108000824080408000203080002200100402,0,\x000000120000002300000001ffffffff000000002500000001ffffffff000000002600000001ffffffff000000002a00000001ffffffff000000002b00000001ffffffff000000003000000001ffffffff000000003100000001ffffffff000000003200000001ffffffff000000003300000001ffffffff000000003400000001ffffffff000000003500000001ffffffff000000003700000001ffffffff000000003900000001ffffffff000000003a00000001ffffffff000000003b00000001ffffffff000000003c00000001ffffffff000000003d00000001ffffffff000000003e00000001ffffffff00,118754597057,0,537000000,0,59377298497,10660399324,t,2026-09-25 04:15:49.74263+00,537
8112c3d6-54f7-4f96-b194-528a40daa088,9ac44ac0-c7f6-4b33-a402-c9e92e17392b,538000000,4,2,1000000,64,64,9,\x0003061e363330180a0d1b090c0f273f3c392124122a2d1f07152335321a0820383b3e2c291114260e0b1d050210223a3d2f17253734311901041c2e16132b28,\x0002042040000204208002200011200001021020000980aa4002604410201000010c0802040204000301480001402008100201810102210001412000020420410210100004020108,1,\x0000000f0000001900000001ffffffff000000001f00000001ffffffff000000002000000001ffffffff000000002400000001ffffffff000000002500000001ffffffff000000002c00000001ffffffff000000003000000001ffffffff01000000310000000100000008000000003200000001000000080000000034000000010000000800000000360000000100000008000000003a0000000100000008000000003c0000000100000008000000003d0000000100000008000000003e000000010000000800,119099371925,0,538000000,0,59549685931,10691254499,t,2026-09-25 04:18:14.644691+00,538
f8b2313c-9ede-41f7-9a0d-afa96d3d7c09,9ac44ac0-c7f6-4b33-a402-c9e92e17392b,539000000,4,2,1000000,64,64,9,\x0003061e363330180a0d1b090c0f273f3c392124122a2d1f071523261411292c3e3b382032351d2b2e161305021022253734311901041c0e0b081a283a3d2f17,\x0002042040000204208002200011200001021020000980aa400260441020f8c10602810102204000222000103d0180c0002581818102022040000224000140102008402020002020,1,\x000000130000001900000001ffffffff000000001d00000001ffffffff000000002000000001ffffffff000000002100000001ffffffff000000002200000001ffffffff000000002500000001ffffffff0000000030000000020000000701000000320000000100000008000000003400000001000000080000000035000000010000000800000000360000000100000008000000003700000001000000080000000038000000010000000800000000390000000100000008000000003a0000000100000008000000003b0000000100000008000000003c0000000100000008000000003d0000000100000008000000003e000000010000000800,119290943931,0,539000000,0,59645471934,10707740629,t,2026-09-25 04:19:33.154696+00,539
094f845e-e622-4f1f-89bd-a4e00058e688,9ac44ac0-c7f6-4b33-a402-c9e92e17392b,540000000,4,2,1000000,64,64,9,\x0003061e363330180a0d1b090c0f273f3c392124122a2d3b382032351d0502101301193134371f1c0e0b081a283a2225172f3d2b2e160407152311292c14263e,\x0002042040000204208002200011200001021020000980aa400264108008080046880406054214201020001028c22040108060009000840820001100088800081084201040880002,1,\x0000000c0000001800000001ffffffff000000002a00000001ffffffff000000003200000001ffffffff000000003300000001ffffffff000000003400000001ffffffff000000003500000001ffffffff000000003600000001ffffffff000000003700000001ffffffff000000003800000001ffffffff000000003b00000001ffffffff000000003d0000000200000008010000003e000000010000000800,119688612389,0,540000000,0,59844306163,10743569947,t,2026-09-25 04:22:21.825881+00,540
0be48f85-3f8f-468d-a8e7-35ed8a8515ff,9ac44ac0-c7f6-4b33-a402-c9e92e17392b,541000000,4,2,1000000,64,64,9,\x0003061e363330180a0d1b090c0f273f3c392124122a1c2e160407152d1f3734311901132b283a22253d2f1d35321a0820383b3e2c2911230b0e261417050210,\x0002042040000204208002200011200001021020000980aa402201404004604000100108108000116040829020210800824300021810050804080002021001400210001100040404,1,\x0000000c0000001d00000001ffffffff000000002200000001ffffffff000000002800000001ffffffff0100000029000000010000000800000000310000000100000008000000003500000001000000080000000038000000010000000800000000390000000100000008000000003a0000000100000008000000003c0000000100000008000000003d0000000100000008000000003e000000010000000800,120035338453,0,541000000,0,60017669195,10774213334,t,2026-09-25 04:24:48.31701+00,541
474d4f3f-5c2d-42de-839c-639e1afeb167,9ac44ac0-c7f6-4b33-a402-c9e92e17392b,542000000,4,2,1000000,64,64,9,\x0003061e363330180a0d1b090c0f273f3c392124122a1c2e16132b283a221002051d35321a080b0e263e2c2f3d25171411293b382023152d1f37343119010407,\x0002042040000204208002200011200001021020000980aa4022014060d8922024080840010c10800004448100040880088000082008100808800024002202800840800004488000,1,\x0000000f0000001e00000001ffffffff000000002700000001ffffffff000000002c00000001ffffffff000000002e00000001ffffffff000000002f00000001ffffffff000000003100000001ffffffff000000003300000001ffffffff000000003400000001ffffffff000000003700000001ffffffff00000000390000000200000006010000003a0000000100000008000000003b0000000100000008000000003c0000000100000008000000003d0000000100000008000000003e000000010000000800,120417248255,0,542000000,0,60208624096,10808892860,t,2026-09-25 04:27:29.101017+00,542
d3588281-6730-42d0-87a5-50b219dcca5d,9ac44ac0-c7f6-4b33-a402-c9e92e17392b,543000000,4,2,1000000,64,64,9,\x0003061e363330180a0d1b090c0f273f3c392124122a1c0e263e2c3a3d2f1d0b0820383b2911142225170502101301193134371f2d150704162e2b281a323523,\x0002042040000204208002200011200001021020000980aa4022410408c0c81000101812100c1008000248800403008180c0a0408802060204008200082208020840800088400010,1,\x0000000f0000002200000001ffffffff000000002400000001ffffffff000000002900000001ffffffff000000003100000001ffffffff000000003200000001ffffffff000000003400000001ffffffff00000000360000000200000008010000003700000001000000080000000038000000010000000800000000390000000100000008000000003a0000000100000008000000003b0000000100000008000000003c0000000100000008000000003d0000000100000008000000003e000000010000000800,120704729097,0,543000000,0,60352364517,10834047904,t,2026-09-25 04:29:28.433196+00,543
b755775b-fa30-4817-b5f9-d547f940016f,9ac44ac0-c7f6-4b33-a402-c9e92e17392b,544000000,4,2,1000000,64,64,9,\x0003061e363330180a0d1b090c0f273f3c392124122a1c0e0b081a283a3d2b190113050210223431231114263e2c293b382032351d2f1725371f2d150704162e,\x0002042040000204208002200011200001021020000980aa40224114201860202000a81044064ca28040c00008806614104000040401108008080044001004028020000208820002,1,\x000000130000001f00000001ffffffff0100000024000000010000000800000000270000000100000008000000002b0000000100000008000000002e0000000100000008000000003000000001000000080000000031000000010000000800000000320000000100000008000000003300000001000000080000000034000000010000000800000000350000000100000008000000003600000001000000080000000037000000010000000800000000380000000100000008000000003a0000000100000008000000003b0000000100000008000000003c0000000100000008000000003d0000000100000008000000003e000000010000000800,120985701441,0,544000000,0,60492850689,10858485625,t,2026-09-25 04:31:24.995886+00,544
ee657359-eab8-430f-bc5d-f240cea752db,9ac44ac0-c7f6-4b33-a402-c9e92e17392b,545000000,4,2,1000000,64,64,9,\x0003061e363330180a0d1b090c0f273f3c392124122a1c1f2d1507040119312311293b382032351d05021013162e2b3d2f17142c3e260e0b081a283a22253734,\x0002042040000204208002200011200001021020000980aa40a2410c8000822081008140220808800044400020622430081080000409808060302000081008100420100024800008,1,\x0000000e0000001a00000001ffffffff000000002300000001ffffffff000000002600000001ffffffff000000002c00000001ffffffff000000002d00000001ffffffff000000003400000001ffffffff000000003600000001ffffffff000000003700000001ffffffff000000003800000001ffffffff000000003900000001ffffffff000000003a00000001ffffffff000000003b00000001ffffffff000000003d0000000200000001010000003e000000010000000800,121366270707,0,545000000,0,60683135322,10891665396,t,2026-09-25 04:34:03.313444+00,545
7a0aa8f5-0742-4ef8-92a1-7fe820f5623d,9ac44ac0-c7f6-4b33-a402-c9e92e17392b,546000000,4,2,1000000,64,64,9,\x0003061e363330180a0d1b090c0f273f3c392124122a1c3422141725371f2d1507040119312311293b382032351d0513162e2b3d2f2c3e260e0b081a0210283a,\x0002042040000204208002200011200001021020000980aa40a263314a4560200008022080204820400010080202200011100088180c010840100008820020402040100004010101,1,\x000000110000001c00000001ffffffff000000002000000001ffffffff000000002400000001ffffffff000000002600000001ffffffff000000002900000001ffffffff000000002c00000001ffffffff000000003000000001ffffffff000000003100000001ffffffff000000003400000001ffffffff00000000360000000200000003010000003700000001000000080000000038000000010000000800000000390000000100000008000000003a0000000100000008000000003c0000000100000008000000003d0000000100000008000000003e000000010000000800,121881860835,0,546000000,0,60940930386,10938668545,t,2026-09-25 04:37:41.613608+00,546
b29f46e9-1e12-4b9f-98d0-4e19c0a671d0,9ac44ac0-c7f6-4b33-a402-c9e92e17392b,547000000,4,2,1000000,64,64,9,\x0003061e363330180a0d1b090c0f273f3c392124122032351d2f3d3a2c3e260e0b081a0205172513162e2b2810221411293b382a2d152331190104071f1c3437,\x0002042040000204208002200011200001021020000980aa81800040042080004e001420102008401240000619010840800044002008040440001400080204418004084080028100,1,\x0000000b0000002100000001ffffffff000000002b00000001ffffffff000000002c00000001ffffffff000000002e00000001ffffffff000000003000000001ffffffff000000003200000001ffffffff000000003600000001ffffffff000000003900000001ffffffff000000003b00000001ffffffff000000003d0000000200000008010000003e000000010000000800,122188749485,0,547000000,0,61094374711,10965166394,t,2026-09-25 04:39:49.685347+00,547
24e02183-c075-48a8-a68a-384524ba7a56,9ac44ac0-c7f6-4b33-a402-c9e92e17392b,548000000,4,2,1000000,64,64,9,\x0003061e363330180a0d1b090c0f273f3c392124122032351d2f170502142210283a3d25371f1c2e16132b19010407152d2a383b3e2c2911233134260e0b081a,\x0002042040000204208002200011200001021020000980aa8180004004200101c18107100404040022000a1601502010000124400004042020081000040420021004000404020401,1,\x0000000e0000002a00000001ffffffff000000002c00000001ffffffff000000002d00000001ffffffff000000002e00000001ffffffff000000003100000001ffffffff000000003200000001ffffffff000000003600000002000000050100000037000000010000000800000000390000000100000008000000003a0000000100000008000000003b0000000100000008000000003c0000000100000008000000003d0000000100000008000000003e000000010000000800,122378716003,0,548000000,0,61189357970,10981516769,t,2026-09-25 04:41:08.180554+00,548
0208ca29-c863-4e1a-9196-ae2c223cf89f,9ac44ac0-c7f6-4b33-a402-c9e92e17392b,549000000,4,2,1000000,64,64,9,\x0003061e363330180a0d1b090c0f273f3c392124122032351d05172f3d3a2c3e260e1c1f3734222513011931230b081a282b2e160407152d2a383b2911140210,\x0002042040000204208002200011200001021020000980aa818000408408208000023801508060584000028c00206214200008080401080204000222000202101004000124000804,1,\x000000110000002700000001ffffffff000000002b00000001ffffffff000000002d00000001ffffffff000000002e00000001ffffffff0000000031000000020000000601000000320000000100000008000000003300000001000000080000000034000000010000000800000000350000000100000008000000003600000001000000080000000038000000010000000800000000390000000100000008000000003a0000000100000008000000003b0000000100000008000000003c0000000100000008000000003d0000000100000008000000003e000000010000000800,122582940519,0,549000000,0,61291470228,10998850871,t,2026-09-25 04:42:32.731842+00,549
132ec6b1-bc4c-49eb-9940-fafba60ed84d,9ac44ac0-c7f6-4b33-a402-c9e92e17392b,550000000,4,2,1000000,64,64,9,\x0003061e363330180a0d1b090c0f273f3c392124122032351d050210283a2214172f3d2b2e1604011325371f07152d2a383b3e26341c19312311292c1a080b0e,\x0002042040000204208002200011200001021020000980aa818000408448604040509041010820001300088c080204088002040101080802040083000a2402804010080002448000,1,\x0000000c0000002800000001ffffffff000000002900000001ffffffff000000002c00000001ffffffff000000003000000001ffffffff000000003600000001ffffffff0100000037000000010000000800000000390000000100000008000000003a0000000100000008000000003b0000000100000008000000003c0000000100000008000000003d0000000100000008000000003e000000010000000800,122784205961,0,550000000,0,61392102949,11016348316,t,2026-09-25 04:43:56.409994+00,550
055ce0f0-b243-478f-86e8-9584d6c919b8,9ac44ac0-c7f6-4b33-a402-c9e92e17392b,551000000,4,2,1000000,64,64,9,\x0003061e363330180a0d1b090c0f273f3c392124122032351d1a080b0e263e2c2f3d3a221411293b382a2d1f373431231507041c190113162e2b281002051725,\x0002042040000204208002200011200001021020000980aa81800040a48008108000011801104000332a020101100005004600020440800041302001888000042040000228800004,1,\x0000000f0000001a00000001ffffffff000000002600000001ffffffff000000002800000001ffffffff000000002f00000001ffffffff000000003000000001ffffffff000000003100000001ffffffff000000003500000001ffffffff000000003700000002000000010100000038000000010000000800000000390000000100000008000000003a0000000100000008000000003b0000000100000008000000003c0000000100000008000000003d0000000100000008000000003e000000010000000800,122998001921,0,551000000,0,61499000929,11034772949,t,2026-09-25 04:45:24.875016+00,551
faf7ead9-cc51-4cd6-81bf-b10549637278,9ac44ac0-c7f6-4b33-a402-c9e92e17392b,552000000,4,2,1000000,64,64,9,\x0003061e363330180a0d1b090c0f273f3c392124122032351d0b0e1c2e161305021411292c2f1725371f2d2a383b3e2634312315070401192b3d3a2210281a08,\x0002042040000204208002200011200001021020000980aa81800040e444602000080c50121c44201020001004028020818020400020082000020408020402020440000282002010,1,\x000000100000001a00000001ffffffff01000000260000000100000008000000002b0000000100000008000000002c0000000100000008000000002e000000010000000800000000320000000100000008000000003300000001000000080000000034000000010000000800000000350000000100000008000000003600000001000000080000000037000000010000000800000000390000000100000008000000003b0000000100000008000000003c0000000100000008000000003d0000000100000008000000003e000000010000000800,123245066615,0,552000000,0,61622533276,11056761436,t,2026-09-25 04:47:08.639691+00,552
82253d86-680a-4356-bfe6-66ea8a2851ef,9ac44ac0-c7f6-4b33-a402-c9e92e17392b,553000000,4,2,1000000,64,64,9,\x0003061e363330180a0d1b090c0f273f3c392124122032351d2b1310281a080b0e262311293b382a2d15071f1c2e16040119313437253d2f17050214223a2c3e,\x0002042040000204208002200011200001021020000980aa81800040f4cc894540108800010870404140400440018000224041001010100810081000040148404040108080002001,1,\x0000000f0000001e00000001ffffffff0000000026000000020000000801000000290000000100000008000000002d0000000100000008000000002e0000000100000008000000002f00000001000000080000000030000000010000000800000000310000000100000008000000003200000001000000080000000034000000010000000800000000390000000100000008000000003a0000000100000008000000003c0000000100000008000000003d0000000100000008000000003e000000010000000800,123515483249,0,553000000,0,61757741593,11080206500,t,2026-09-25 04:49:00.460282+00,553
ba171223-52b1-4a64-8695-b630b39d786b,9ac44ac0-c7f6-4b33-a402-c9e92e17392b,554000000,4,2,1000000,64,64,9,\x0003061e363330180a0d1b090c0f273f3c3921241220323523311901132b3d2f1d05021a080b0e2634371f1c2e160407152d2a383b3e2c3a2810222517141129,\x0002042040000204208002200011200001021020000980aa8180006010040132e0d2006820c0486000224000020c0280c1220008880008084040102000080c208008080008020402,0,\x000000110000002400000001ffffffff000000002500000001ffffffff000000002c00000001ffffffff000000002d00000001ffffffff000000002e00000001ffffffff000000002f00000001ffffffff000000003000000001ffffffff000000003200000001ffffffff000000003300000001ffffffff000000003500000001ffffffff000000003700000001ffffffff000000003800000001ffffffff000000003900000001ffffffff000000003b00000001ffffffff000000003c00000001ffffffff000000003d00000001ffffffff000000003e00000001ffffffff00,123725887633,0,554000000,0,61862943785,11098704792,t,2026-09-25 04:50:27.486757+00,554
dafec9dc-c71d-42f0-9a1b-a9d9858e7e37,9ac44ac0-c7f6-4b33-a402-c9e92e17392b,555000000,4,2,1000000,64,64,9,\x0003061e363330180a0d1b090c0f273f3c392124122032352311292c3a3d2f1d051714021a080b0e263e3b382a2d15071f3725132b281022341c2e1604011931,\x0002042040000204208002200011200001021020000980aa81800060501018b02000203070046000410044800004084080002800104004088080510302100102a008000202020102,1,\x0000000d0000002500000001ffffffff000000002900000001ffffffff000000002b00000001ffffffff000000002e00000001ffffffff000000003500000001ffffffff000000003600000001ffffffff000000003700000001ffffffff000000003900000001ffffffff010000003a0000000100000008000000003b0000000100000008000000003c0000000100000008000000003d0000000100000008000000003e000000010000000800,123879037767,0,555000000,0,61939518852,11111364289,t,2026-09-25 04:51:30.689169+00,555
0bd9825e-d3a1-45f3-b881-926687e01eb2,9ac44ac0-c7f6-4b33-a402-c9e92e17392b,556000000,4,2,1000000,64,64,9,\x0003061e363330180a0d1b090c0f273f3c3921241220323523152d2a383b29111402102234372517051d2f3d3a2c3e260e0b081a282b2e16130104071f1c1931,\x0002042040000204208002200011200001021020000980aa818000605011828020400820014624107020021840201808400001940020402040108020400020104004084000020402,1,\x0000000d0000001c00000001ffffffff000000001f00000001ffffffff000000002500000001ffffffff010000002e0000000100000008000000002f000000010000000800000000320000000100000008000000003300000001000000080000000034000000010000000800000000380000000100000008000000003b0000000100000008000000003c0000000100000008000000003d0000000100000008000000003e000000010000000800,124079764115,0,556000000,0,62039882026,11128771302,t,2026-09-25 04:52:54.159892+00,556
2263d756-7a0b-44ac-ab3b-fc8858719293,9ac44ac0-c7f6-4b33-a402-c9e92e17392b,557000000,4,2,1000000,64,64,9,\x0003061e363330180a0d1b090c0f273f3c3921241220321a080b0e263e2c2911142234311901131002051725371f2d150704162e1c2a383b23351d2b283a3d2f,\x0002042040000204208002200011200001021020000980aa818020200204204000060420015218880004c8800880020860200008122c802008200002018200400400510041400040,1,\x0000000f0000001800000001ffffffff000000002800000001ffffffff000000002c00000001ffffffff000000003000000001ffffffff000000003200000001ffffffff000000003400000001ffffffff000000003500000001ffffffff000000003600000001ffffffff000000003700000001ffffffff000000003800000001ffffffff000000003900000001ffffffff000000003b00000001ffffffff010000003c0000000100000008000000003d0000000100000008000000003e000000010000000800,124294712121,0,557000000,0,62147356029,11146807485,t,2026-09-25 04:54:23.434717+00,557
0bb1d4ea-a9ec-44e2-b6e6-9c27bdb5642e,9ac44ac0-c7f6-4b33-a402-c9e92e17392b,558000000,4,2,1000000,64,64,9,\x0003061e363330180a0d1b090c0f273f3c3921241220321a282b3d2f1d352315070401193134263e3b382a2d1f37251705021411292c3a221013162e1c0e0b08,\x0002042040000204208002200011200001021020000980aa81802028860c8004820008548028482040204020021020000a0088000840203028804020000220200204200002100408,1,\x000000120000001800000001ffffffff010000001d00000001000000080000000024000000010000000800000000290000000100000008000000002b0000000100000008000000002d000000010000000800000000330000000100000008000000003400000001000000080000000035000000010000000800000000360000000100000008000000003700000001000000080000000038000000010000000800000000390000000100000008000000003a0000000100000008000000003b0000000100000008000000003c0000000100000008000000003d0000000100000008000000003e000000010000000800,124536710255,0,558000000,0,62268355096,11167418491,t,2026-09-25 04:56:04.778769+00,558
f6886a7d-61f7-4d19-ae60-faefabefd960,9ac44ac0-c7f6-4b33-a402-c9e92e17392b,559000000,4,2,1000000,64,64,9,\x0003061e363330180a0d1b090c0f273f3c3921241220382a2d15071f3725170502142210283a3d2b2e16041c0e0b081a32351d2f2c3e3b291123263431190113,\x0002042040000204208002200011200001021020000980aa8101400180002240000621121014600051404000500180c0a04088020401040200110041000410400404400001081001,1,\x0000000c0000002a00000001ffffffff010000002e00000001000000080000000030000000010000000800000000320000000100000008000000003300000001000000080000000037000000010000000800000000380000000100000008000000003a0000000100000008000000003b0000000100000008000000003c0000000100000008000000003d0000000100000008000000003e000000010000000800,124746492999,0,559000000,0,62373246468,11185985881,t,2026-09-25 04:57:34.082362+00,559
08427dde-030c-411d-ad10-9e5312392fe4,9ac44ac0-c7f6-4b33-a402-c9e92e17392b,560000000,4,2,1000000,64,64,9,\x0003061e363330180a0d1b090c0f273f3c3921241220382a2d15233134371f0704161301191c2e2b3d25223a2810020517142c2f1d35321a080b0e263e3b2911,\x0002042040000204208002200011200001021020000980aa81014001802072102000102010045000412080000802804020000208a000022858080082000420200204204000020820,1,\x000000100000001f00000001ffffffff000000002300000001ffffffff000000002600000001ffffffff000000002d00000001ffffffff000000003200000001ffffffff010000003300000001000000080000000035000000010000000800000000360000000100000008000000003700000001000000080000000038000000010000000800000000390000000100000008000000003a0000000100000008000000003b0000000100000008000000003c0000000100000008000000003d0000000100000008000000003e000000010000000800,124991413691,0,560000000,0,62495706814,11208334213,t,2026-09-25 04:59:18.567465+00,560
fa9cde69-144a-4e72-9c5a-88be763515c6,9ac44ac0-c7f6-4b33-a402-c9e92e17392b,561000000,4,2,1000000,64,64,9,\x0003061e363330180a0d1b090c0f273f3c3921241220382a2d3b292c3a28102225172f3d2b2e161301193134371f1c04071523111402051d35321a080b0e263e,\x0002042040000204208002200011200001021020000980aa81014001908408b220041001010c11400022001008200a10081000080420011020001140440002042000011120000102,1,\x0000000f0000001c00000001ffffffff01000000230000000100000008000000002c0000000100000008000000002f0000000100000008000000003000000001000000080000000031000000010000000800000000330000000100000008000000003600000001000000080000000038000000010000000800000000390000000100000008000000003a0000000100000008000000003b0000000100000008000000003c0000000100000008000000003d0000000100000008000000003e000000010000000800,125288702947,0,561000000,0,62644351442,11234767744,t,2026-09-25 05:01:24.057223+00,561
fd8375e4-378c-47bb-ae5b-5a2a4c051f75,9ac44ac0-c7f6-4b33-a402-c9e92e17392b,562000000,4,2,1000000,64,64,9,\x0003061e363330180a0d1b090c0f273f3c3921241220382a1c0e263e3b2911142c2f17051d0b081a0210283a2234371f2d150704162e2b3d2513011931233532,\x0002042040000204208002200011200001021020000980aa810140810411200001049000050200014181040401441010101044400030088000822080000401404080204000900008,1,\x0000000d0000002600000001ffffffff00000000280000000200000008010000003000000001000000080000000032000000010000000800000000350000000100000008000000003700000001000000080000000038000000010000000800000000390000000100000008000000003a0000000100000008000000003b0000000100000008000000003c0000000100000008000000003d0000000100000008000000003e000000010000000800,125682386653,0,562000000,0,62841193295,11271086087,t,2026-09-25 05:04:12.222757+00,562
65e4798f-8d1c-4fb2-805a-d0314ed11744,9ac44ac0-c7f6-4b33-a402-c9e92e17392b,563000000,4,2,1000000,64,64,9,\x0003061e363330180a0d1b090c0f273f3c3921241220382a1c190104071f3725223a2810020513162e2b3d2f171411292c3e3b2d15233134260e0b081a1d3532,\x0002042040000204208002200011200001021020000980aa81014081ae11091080000118940c84001228808200042008000404020402010440000404018200808040802020000108,1,\x0000000d0000002700000001ffffffff000000002800000001ffffffff000000002a00000001ffffffff000000002c00000001ffffffff000000003300000001ffffffff000000003400000001ffffffff000000003600000001ffffffff000000003700000001ffffffff000000003800000001ffffffff000000003900000001ffffffff000000003b00000001ffffffff000000003d0000000200000002010000003e000000010000000800,126017213391,0,563000000,0,63008606664,11300976601,t,2026-09-25 05:06:33.51192+00,563
3a0210ee-be80-43e6-a2fd-8b28c3921662,9ac44ac0-c7f6-4b33-a402-c9e92e17392b,564000000,4,2,1000000,64,64,9,\x0003061e363330180a0d1b090c0f273f3c3921241220383b292c3e260e0b081a32351d2f3d3a282b2e1c2a2d1f37251705131604011931342210021411231507,\x0002042040000204208002200011200001021020000980aa81814021820800020402040104028011800002880001c02008008c000c40203004001181008100204000120041002040,1,\x0000000e0000001a00000001ffffffff000000001e00000001ffffffff000000002000000001ffffffff000000002a00000001ffffffff000000003200000001ffffffff00000000340000000200000008010000003500000001000000080000000037000000010000000800000000390000000100000008000000003a0000000100000008000000003b0000000100000008000000003c0000000100000008000000003d0000000100000008000000003e000000010000000800,126391436309,0,564000000,0,63195718123,11334175982,t,2026-09-25 05:09:11.853717+00,564
5e44d510-b4f1-4d04-89ad-f2b93f5cf98e,9ac44ac0-c7f6-4b33-a402-c9e92e17392b,565000000,4,2,1000000,64,64,9,\x0003061e363330180a0d1b090c0f273f3c3921241220080b0e263e3b382a1c34223a3d25371f2d1507040119312335321a1d05172f2c291114021013162e2b28,\x0002042040000204208002200011200001021020000980aa81910001081080000150a003310804002200080220802048204000900008401228114000020420014020281080000408,1,\x0000000f0000001c00000001ffffffff000000002400000001ffffffff000000002600000001ffffffff000000002800000001ffffffff000000002c00000001ffffffff000000002f00000001ffffffff000000003400000001ffffffff000000003600000001ffffffff000000003700000001ffffffff000000003800000001ffffffff000000003900000001ffffffff000000003b00000001ffffffff010000003c0000000100000008000000003d0000000100000008000000003e000000010000000800,126604010067,0,565000000,0,63302005002,11353066452,t,2026-09-25 05:10:41.726035+00,565
d41650eb-7822-4793-87b6-eda8761b3a3e,9ac44ac0-c7f6-4b33-a402-c9e92e17392b,566000000,4,2,1000000,64,64,9,\x0003061e363330180a0d1b090c0f273f3c3921241220080b0e263e2c3a3d2f1d1a32352331191c2e2b28102234371f07152d2a383b2911140205172513160401,\x0002042040000204208002200011200001021020000980aa819100010810809121002030140804008120c81001102000112420001820080840401000049000200208400022000808,1,\x0000000f0000002100000001ffffffff000000002200000001ffffffff000000002900000001ffffffff000000002c00000001ffffffff000000003000000001ffffffff000000003200000001ffffffff000000003300000001ffffffff000000003400000001ffffffff000000003500000001ffffffff000000003600000001ffffffff000000003800000001ffffffff000000003a00000001ffffffff000000003b00000001ffffffff000000003d0000000200000005010000003e000000010000000800,126758481297,0,566000000,0,63379240617,11366564486,t,2026-09-25 05:11:46.14004+00,566
b03cbbc3-fdf9-4768-80bc-01a2fe97eb7a,9ac44ac0-c7f6-4b33-a402-c9e92e17392b,567000000,4,2,1000000,64,64,9,\x0003061e363330180a0d1b090c0f273f3c3921241220080b0e262335321a282b1d2f17050210130104162e1c193134223a3d25371f07152d2a383b3e2c291114,\x0002042040000204208002200011200001021020000980aa819100010870100001488221810420010101418010050410000181408010050200110004080202101004080002029000,1,\x0000000f0000001c00000001ffffffff000000002900000001ffffffff000000002a00000001ffffffff000000002c00000001ffffffff000000002d00000001ffffffff000000003100000001ffffffff000000003200000001ffffffff000000003300000001ffffffff000000003500000001ffffffff000000003600000001ffffffff000000003800000001ffffffff000000003900000001ffffffff000000003b00000001ffffffff000000003d0000000200000006010000003e000000010000000800,126948153731,0,567000000,0,63474076834,11382916150,t,2026-09-25 05:13:05.254933+00,567
a4b91e24-f024-4c34-a82f-787af4c6d81c,9ac44ac0-c7f6-4b33-a402-c9e92e17392b,568000000,4,2,1000000,64,64,9,\x0003061e363330180a0d1b090c0f273f3c3921241220080b0e1c2e16130104071f373431192b283a3d25221002051d35321a2c291123152d2a383b3e2614172f,\x0002042040000204208002200011200001021020000980aa819100011808000203448000040840800044800421018040000128800103108008980064002002101004080004440002,1,\x0000000e0000001e00000001ffffffff000000002400000001ffffffff000000002b00000001ffffffff000000003000000001ffffffff000000003100000001ffffffff000000003300000001ffffffff010000003600000001000000080000000038000000010000000800000000390000000100000008000000003a0000000100000008000000003b0000000100000008000000003c0000000100000008000000003d0000000100000008000000003e000000010000000800,127153698105,0,568000000,0,63576849021,11400754810,t,2026-09-25 05:14:30.494465+00,568
971b653a-00f6-4dd5-84f3-334fd8bf4cde,9ac44ac0-c7f6-4b33-a402-c9e92e17392b,569000000,4,2,1000000,64,64,9,\x0003061e363330180a0d1b090c0f273f3c3921241220080b0e1c1f3725171411292c3e26342210021a32351d0513011931233b382a2d150704162e2b283a3d2f,\x0002042040000204208002200011200001021020000980aa81910001182c200083100d0804020c008200060940050804002304418802040011800028001040100410800041400040,1,\x0000000e0000002900000001ffffffff000000002c00000002000000080100000030000000010000000800000000330000000100000008000000003400000001000000080000000035000000010000000800000000360000000100000008000000003700000001000000080000000038000000010000000800000000390000000100000008000000003a0000000100000008000000003c0000000100000008000000003d0000000100000008000000003e000000010000000800,127351562335,0,569000000,0,63675781136,11417980778,t,2026-09-25 05:15:52.061448+00,569
5c58113c-d130-442f-b235-6651fd036464,9ac44ac0-c7f6-4b33-a402-c9e92e17392b,570000000,4,2,1000000,64,64,9,\x0003061e363330180a0d1b090c0f273f3c3921241220080b193134371f1c0e263e2c2911140210222517051d1a3235233b382a2d1507040113162e2b283a3d2f,\x0002042040000204208002200011200001021020000980aa8191000908040800040b20020460400012204503010500916060814000100420000a0004100408020210800041400040,1,\x0000000f0000001e00000001ffffffff000000002c00000001ffffffff010000002d0000000100000008000000002e000000010000000800000000310000000100000008000000003200000001000000080000000033000000010000000800000000340000000100000008000000003500000001000000080000000037000000010000000800000000390000000100000008000000003a0000000100000008000000003c0000000100000008000000003d0000000100000008000000003e000000010000000800,127596001187,0,570000000,0,63798000562,11439685590,t,2026-09-25 05:17:33.695449+00,570
f3f7eca9-b3fe-4986-a971-193c85734bbe,9ac44ac0-c7f6-4b33-a402-c9e92e17392b,571000000,4,2,1000000,64,64,9,\x0003061e363330180a0d1b090c0f273f3c3921241220080b191c0e263e3b382a2d15233134371f0704162e2b1d35321a0210283a221411292c2f3d2517051301,\x0002042040000204208002200011200001021020000980aa819100098e0022400002044001802042102000102010241080208d000420481210101024100402010220000208040210,1,\x000000120000001a00000001ffffffff000000001e00000001ffffffff000000001f00000001ffffffff000000002300000001ffffffff000000002600000001ffffffff000000002700000001ffffffff000000002900000001ffffffff010000002a0000000100000008000000002d0000000100000008000000002e000000010000000800000000320000000100000008000000003600000001000000080000000037000000010000000800000000380000000100000008000000003a0000000100000008000000003c0000000100000008000000003d0000000100000008000000003e000000010000000800,127855596281,0,571000000,0,63927798109,11462460658,t,2026-09-25 05:19:23.321663+00,571
e478469f-c363-4847-8f03-ed083806d414,9ac44ac0-c7f6-4b33-a402-c9e92e17392b,572000000,4,2,1000000,64,64,9,\x0003061e363330180a0d1b090c0f273f3c3921241220080b1d051301192b283a3d2f17252210021a3235233134371f0704162e1c0e261411292c3e3b382a2d15,\x0002042040000204208002200011200001021020000980aa8191000b8c680851c0c00421010001412001042002040280401020001020180410000188000908040208800001500020,1,\x0000000f0000002500000001ffffffff000000002800000001ffffffff000000002900000001ffffffff000000002b00000001ffffffff000000002d00000001ffffffff000000003000000001ffffffff0100000031000000010000000800000000320000000100000008000000003400000001000000080000000037000000010000000800000000390000000100000008000000003a0000000100000008000000003c0000000100000008000000003d0000000100000008000000003e000000010000000800,128151854069,0,572000000,0,64075927003,11488504983,t,2026-09-25 05:21:28.161495+00,572
a6e64910-3829-4748-8cfe-43b25e34abfe,9ac44ac0-c7f6-4b33-a402-c9e92e17392b,573000000,4,2,1000000,64,64,9,\x0003061e363330180a0d1b090c0f273f3c3921241220080b2315070401193134223a2c2f3d2b1d35321a2810021411293b3e260e1c2e1613051725371f2d2a38,\x0002042040000204208002200011200001021020000980aa8191000f5401a22081008100a108849a80004c2402108020000268000402020200018240001008800420100004010404,1,\x000000120000001e00000001ffffffff000000002700000001ffffffff000000002800000001ffffffff000000002a00000001ffffffff000000002e00000001ffffffff000000002f00000001ffffffff00000000310000000200000004010000003200000001000000080000000033000000010000000800000000350000000100000008000000003600000001000000080000000038000000010000000800000000390000000100000008000000003a0000000100000008000000003b0000000100000008000000003c0000000100000008000000003d0000000100000008000000003e000000010000000800,128434340601,0,573000000,0,64217170269,11512998533,t,2026-09-25 05:23:26.589782+00,573
d078a587-7525-47b5-9ecf-b0663c89a87e,9ac44ac0-c7f6-4b33-a402-c9e92e17392b,574000000,4,2,1000000,64,64,9,\x0003061e363330180a0d1b090c0f273f3c3921241220081a32351d0b0e263e2c2f17050210221411293b382a2d152331192b283a3d25371f07040113162e1c34,\x0002042040000204208002200011200001021020000980aa81910104020011118000011801908080a0e0002008040440001400080204418640101000880028402040101080000802,1,\x0000000f0000001800000001ffffffff000000002600000001ffffffff000000002800000001ffffffff000000002a00000001ffffffff000000002e00000001ffffffff000000003200000001ffffffff000000003300000001ffffffff000000003400000001ffffffff000000003700000001ffffffff01000000380000000100000008000000003a0000000100000008000000003b0000000100000008000000003c0000000100000008000000003d0000000100000008000000003e000000010000000800,128608763101,0,574000000,0,64304381519,11528053446,t,2026-09-25 05:25:34.057934+00,574
c6ad3286-dede-4b3f-b30c-25e1e566b870,9ac44ac0-c7f6-4b33-a402-c9e92e17392b,575000000,4,2,1000000,64,64,9,\x0003061e363330180a0d1b090c0f273f3c3921241220081a32351d0502142210283a3d2b2e1604011325172f2c3e260e0b19312311293b382a2d15071f37341c,\x0002042040000204208002200011200001021020000980aa819101040200110341c10710040404001500088c08020400220041001020101010080482800008800200014480000420,1,\x0000000b0000001800000001ffffffff000000002800000001ffffffff000000002a00000001ffffffff000000002b00000001ffffffff000000003400000001ffffffff000000003500000001ffffffff000000003700000001ffffffff000000003a00000001ffffffff000000003b00000001ffffffff000000003d0000000200000004010000003e000000010000000800,128771712095,0,575000000,0,64385856016,11541994032,t,2026-09-25 05:27:44.321245+00,575
621fcf2e-ab7e-4c0e-a213-b5cac9f8c9f0,9ac44ac0-c7f6-4b33-a402-c9e92e17392b,576000000,4,2,1000000,64,64,9,\x0003061e363330180a0d1b090c0f273f3c3921241220081a32352311293b382a2d15071f373431191c0e0b1d2b2e1604011305172f2c3e2614021022253d3a28,\x0002042040000204208002200011200001021020000980aa819101040280414140000440018000224000020420c1844110a024001010100400924000830020204020301080000410,1,\x0000000f0000001800000001ffffffff000000001e00000001ffffffff000000002100000001ffffffff000000002600000001ffffffff000000002a00000001ffffffff000000002d00000001ffffffff000000002f00000001ffffffff000000003000000001ffffffff000000003600000001ffffffff000000003700000001ffffffff000000003900000001ffffffff000000003b00000001ffffffff010000003c0000000100000008000000003d0000000100000008000000003e000000010000000800,128962493567,0,576000000,0,64481246752,11558556721,t,2026-09-25 05:30:10.46105+00,576
c174fa57-e9f4-4b09-a1f6-4ebc4755c108,9ac44ac0-c7f6-4b33-a402-c9e92e17392b,577000000,4,2,1000000,64,64,9,\x0003061e363330180a0d1b090c0f273f3c3921241220081a0210282b13051d0b0e1c2e160401193134223a3d2f1725371f07152d2a383b292c3e261411233532,\x0002042040000204208002200011200001021020000980aa8191014c121018302694011301180800020202010201421008000c080201408020200001418010010400010141800008,1,\x0000000f0000001800000001ffffffff01000000220000000100000008000000002300000001000000080000000025000000010000000800000000260000000100000008000000002e0000000100000008000000002f000000010000000800000000310000000100000008000000003400000001000000080000000035000000010000000800000000390000000100000008000000003b0000000100000008000000003c0000000100000008000000003d0000000100000008000000003e000000010000000800,129275240203,0,577000000,0,64637620070,11586032184,t,2026-09-25 05:33:30.259257+00,577
bb790ef1-bddb-49c6-83b8-6aacd776c2bd,9ac44ac0-c7f6-4b33-a402-c9e92e17392b,578000000,4,2,1000000,64,64,9,\x0003061e363330180a0d1b090c0f273f3c39212412202311292c14221002051d35321a283a3d2f17253734311901132b2e16041c1f07152d2a383b3e260e0b08,\x0002042040000204208002200011200001021020000980aac1111504062c594102500007042000412120002020080440800044880002018080281000080202101004080004080408,1,\x000000120000002000000001ffffffff000000002100000001ffffffff000000002300000001ffffffff010000002400000001000000080000000026000000010000000800000000270000000100000008000000002b0000000100000008000000002f00000001000000080000000031000000010000000800000000350000000100000008000000003600000001000000080000000038000000010000000800000000390000000100000008000000003a0000000100000008000000003b0000000100000008000000003c0000000100000008000000003d0000000100000008000000003e000000010000000800,129728333665,0,578000000,0,64864166801,11625879279,t,2026-09-25 05:37:03.218415+00,578
d4bc9776-8ad0-4ed1-9f7f-35d3da023c9f,9ac44ac0-c7f6-4b33-a402-c9e92e17392b,579000000,4,2,1000000,64,64,9,\x0003061e363330180a0d1b090c0f273f3c392124120407152d2a382032352311293b3e260e0b081a1d05172f2c140210283a22253d2b2e161301193134371f1c,\x0002042040000204208002200011200001021020000980aa510004042020082220000816040404000204020401018448200001080804040404094000440020104010201020001008,1,\x0000000a0000002100000001ffffffff000000002600000001ffffffff000000002e00000001ffffffff000000003400000001ffffffff000000003700000001ffffffff000000003800000001ffffffff000000003900000001ffffffff000000003b00000001ffffffff000000003d0000000200000006010000003e000000010000000800,130093647755,0,579000000,0,65046823846,11658520244,t,2026-09-25 05:39:57.275855+00,579
085477fe-e189-4f34-8176-ce685ab9066a,9ac44ac0-c7f6-4b33-a402-c9e92e17392b,580000000,4,2,1000000,64,64,9,\x0003061e363330180a0d1b090c0f273f3c392124120407152d1f37342225171411293b3e260e1c2a382032352331190b081a2c3a3d2f1d050210282b2e161301,\x0002042040000204208002200011200001021020000980aa51000404201180002300211a100808080004080204088008080002011060100408481000100820101010081000080410,1,\x0000000b0000002700000001ffffffff000000002800000001ffffffff000000002d00000001ffffffff000000002f00000001ffffffff010000003000000001000000080000000035000000010000000800000000380000000100000008000000003a0000000100000008000000003c0000000100000008000000003d0000000100000008000000003e000000010000000800,130325252511,0,580000000,0,65162626224,11678995303,t,2026-09-25 05:41:59.726872+00,580
1b79c532-bbe2-47fb-9f5b-3bee0f250eeb,9ac44ac0-c7f6-4b33-a402-c9e92e17392b,581000000,4,2,1000000,64,64,9,\x0003061e363330180a0d1b090c0f273f3c392124120407152d1f1c190113162e2b1d2f3d3a221411292c1a28100205172537343123353220080b0e263e3b382a,\x0002042040000204208002200011200001021020000980aa510004042051f00444400002102419410001cca808040288400004500001080440800048000410400204204000020440,1,\x000000150000001b00000001ffffffff010000001c0000000100000008000000001e0000000100000008000000001f0000000100000008000000002b0000000100000008000000002c0000000100000008000000002d0000000100000008000000002e0000000100000008000000002f000000010000000800000000300000000100000008000000003100000001000000080000000033000000010000000800000000350000000100000008000000003600000001000000080000000038000000010000000800000000390000000100000008000000003a0000000100000008000000003b0000000100000008000000003c0000000100000008000000003d0000000100000008000000003e000000010000000800,130592537717,0,581000000,0,65296268827,11702613905,t,2026-09-25 05:44:22.760874+00,581
2b96e017-b21f-4986-bfb1-46d78ef545cf,9ac44ac0-c7f6-4b33-a402-c9e92e17392b,582000000,4,2,1000000,64,64,9,\x0003061e363330180a0d1b090c0f273f3c392124120407152320080b0e263e2c2f3d3a281a32351d2b190113162e1c1f2d2a383b291114221002051725373431,\x0002042040000204208002200011200001021020000980aa5100040c741809108000011811104000018c4000200842101110800088000c2020080002488014200005108040000408,1,\x000000110000002500000001ffffffff000000002600000001ffffffff000000002a0000000200000008010000002c0000000100000008000000002d000000010000000800000000310000000100000008000000003200000001000000080000000033000000010000000800000000340000000100000008000000003500000001000000080000000038000000010000000800000000390000000100000008000000003a0000000100000008000000003b0000000100000008000000003c0000000100000008000000003d0000000100000008000000003e000000010000000800,130980981165,0,582000000,0,65490490551,11737549793,t,2026-09-25 05:47:50.940037+00,582
e726cbae-8976-408c-b4c4-dc8200d76102,9ac44ac0-c7f6-4b33-a402-c9e92e17392b,583000000,4,2,1000000,64,64,9,\x0003061e363330180a0d1b090c0f273f3c3921241204071f2d1523353220081a1d0b0e263e2c1411293b382a1c2e16132b283a22100205172f3d253734311901,\x0002042040000204208002200011200001021020000980aa5100060c8020100001049101494004204000461608040440000448001008a42008080202500001041000110001021020,1,\x000000120000001900000001ffffffff000000002700000001ffffffff000000002800000001ffffffff000000002900000001ffffffff000000002a00000001ffffffff000000002b00000001ffffffff000000002e00000001ffffffff000000003000000001ffffffff0100000034000000010000000800000000350000000100000008000000003600000001000000080000000038000000010000000800000000390000000100000008000000003a0000000100000008000000003b0000000100000008000000003c0000000100000008000000003d0000000100000008000000003e000000010000000800,131402575585,0,583000000,0,65701287761,11775355511,t,2026-09-25 05:53:27.910101+00,583
78ba45ee-a4b9-4a49-ba7c-5b5a1975e919,9ac44ac0-c7f6-4b33-a402-c9e92e17392b,584000000,4,2,1000000,64,64,9,\x0003061e363330180a0d1b090c0f273f3c3921241204162e2b3d3a2c2f1d0b0820382a2d15071f3734312335321a281002051301191c0e263e3b291114172522,\x0002042040000204208002200011200001021020000980aad100021004400017000c9d08060c000a0004100102302000130001080220820228004120002002042080001220000208,1,\x0000000e0000002500000001ffffffff000000002b00000001ffffffff000000002c00000001ffffffff000000002e00000001ffffffff000000003300000001ffffffff000000003400000001ffffffff000000003500000001ffffffff000000003600000001ffffffff000000003800000001ffffffff000000003900000001ffffffff000000003a00000001ffffffff000000003b00000001ffffffff000000003d0000000200000003010000003e000000010000000800,131699208515,0,584000000,0,65849604226,11801112216,t,2026-09-25 05:57:08.169362+00,584
f610906d-02b6-4773-b34c-85eecf5cce5a,9ac44ac0-c7f6-4b33-a402-c9e92e17392b,585000000,4,2,1000000,64,64,9,\x0003061e363330180a0d1b090c0f273f3c3921241204162e2b3d25371f07152d3b382a1c0e0b2311292c3e2634311901131002051d2f1714223a281a08203235,\x0002042040000204208002200011200001021020000980aad1000210044013000408020218220002048882071d0402080082000210200220180a6040001008080880000482808000,1,\x000000100000001d00000001ffffffff000000002200000001ffffffff000000002800000001ffffffff000000002a00000001ffffffff000000002d00000001ffffffff000000002e00000001ffffffff000000002f00000001ffffffff0000000035000000020000000201000000360000000100000008000000003700000001000000080000000038000000010000000800000000390000000100000008000000003a0000000100000008000000003c0000000100000008000000003d0000000100000008000000003e000000010000000800,131893148815,0,585000000,0,65946574376,11817932289,t,2026-09-25 05:59:44.057815+00,585
b655c5fe-c96c-49b4-8d88-fdb891810226,9ac44ac0-c7f6-4b33-a402-c9e92e17392b,586000000,4,2,1000000,64,64,9,\x0003061e363330180a0d1b090c0f273f3c3921241204162e2b283a22341c2a2d15071f37253d2f17051d353220383b3e2c29111426233119011310021a080b0e,\x0002042040000204208002200011200001021020000980aad100021024080832220a82044000112000820020202018108000824080002020000920000a0220400440004400448000,1,\x0000000f0000002100000001ffffffff000000002200000001ffffffff000000002300000001ffffffff000000002500000001ffffffff000000002d00000001ffffffff000000003100000001ffffffff000000003500000001ffffffff010000003600000001000000080000000038000000010000000800000000390000000100000008000000003a0000000100000008000000003b0000000100000008000000003c0000000100000008000000003d0000000100000008000000003e000000010000000800,132092370291,0,586000000,0,66046185114,11835233501,t,2026-09-25 06:01:32.964594+00,586
9e813d5b-f5d7-406f-9fbf-056d0369b574,9ac44ac0-c7f6-4b33-a402-c9e92e17392b,587000000,4,2,1000000,64,64,9,\x0003061e363330180a0d1b090c0f273f3c3921241204162e2b281022141705021a1d2f3d3a2c291123353220382a1c343119011325371f07152d3b3e260e0b08,\x0002042040000204208002200011200001021020000980aad10002102408197428060b08044a0840000190042002044000412450a042108000112040001020080820080004080408,1,\x000000130000001f00000001ffffffff000000002400000001ffffffff000000002700000001ffffffff000000002900000001ffffffff000000002a00000001ffffffff000000002c00000001ffffffff0100000030000000010000000800000000320000000100000008000000003300000001000000080000000034000000010000000800000000350000000100000008000000003700000001000000080000000038000000010000000800000000390000000100000008000000003a0000000100000008000000003b0000000100000008000000003c0000000100000008000000003d0000000100000008000000003e000000010000000800,132296098657,0,587000000,0,66148049297,11853067150,t,2026-09-25 06:03:16.847206+00,587
5c8aaecd-00c5-403c-8839-b9611782e7a5,9ac44ac0-c7f6-4b33-a402-c9e92e17392b,588000000,4,2,1000000,64,64,9,\x0003061e363330180a0d1b090c0f273f3c3921241204162e2b1301193134263e3b382a1c0e0b0820321a2810223a2c291123351d050214172f3d25371f2d1507,\x0002042040000204208002200011200001021020000980aad1000210e4802040204038021020000a0408020402028220002288402008400608002204828000041000110004011040,1,\x0000000c0000001a00000001ffffffff000000002400000001ffffffff000000002f00000001ffffffff000000003200000001ffffffff000000003500000001ffffffff000000003600000001ffffffff000000003800000001ffffffff000000003900000001ffffffff000000003a00000001ffffffff000000003b00000001ffffffff000000003d0000000200000006010000003e000000010000000800,132519631511,0,588000000,0,66259815724,11872644681,t,2026-09-25 06:05:13.156505+00,588
4e31e375-1979-4075-9671-76c7427bb260,9ac44ac0-c7f6-4b33-a402-c9e92e17392b,589000000,4,2,1000000,64,64,9,\x0003061e363330180a0d1b090c0f273f3c3921241204162e2b1d352331190113050210281a3220080b0e1c34223a3d2f1725371f07152d2a383b292c3e261411,\x0002042040000204208002200011200001021020000980aad1000210e41180810008100180242020208800082001023068108a400060401008000204010108080284082200080808,1,\x0000000e0000001e00000001ffffffff000000002500000001ffffffff000000002700000001ffffffff000000002800000001ffffffff000000003100000001ffffffff000000003200000001ffffffff000000003400000001ffffffff000000003500000001ffffffff000000003700000001ffffffff000000003800000001ffffffff000000003b00000001ffffffff010000003c0000000100000008000000003d0000000100000008000000003e000000010000000800,132701499341,0,589000000,0,66350749639,11888199914,t,2026-09-25 06:07:01.65608+00,589
22e15ba4-ed20-4834-9199-9ec8074b177e,9ac44ac0-c7f6-4b33-a402-c9e92e17392b,590000000,4,2,1000000,64,64,9,\x0003061e363330180a0d1b090c0f273f3c3921241204162e1c2a2d15071f37343119011305171411293b3820080b0e262335321a0210282b1d2f3d25223a2c3e,\x0002042040000204208002200011200001021020000980aad10002301024000288000108108000116049000708040440002224400002140440000204818100800420000281002001,1,\x0000000d0000001c00000001ffffffff000000001d00000001ffffffff000000002200000001ffffffff000000002a00000001ffffffff000000002e00000001ffffffff00000000300000000200000008010000003200000001000000080000000034000000010000000800000000380000000100000008000000003b0000000100000008000000003c0000000100000008000000003d0000000100000008000000003e000000010000000800,133003989703,0,590000000,0,66501994820,11916071177,t,2026-09-25 06:10:26.739414+00,590
cfa47bd9-3f30-4372-84ee-11eb99440649,9ac44ac0-c7f6-4b33-a402-c9e92e17392b,591000000,4,2,1000000,64,64,9,\x0003061e363330180a0d1b090c0f273f3c3921241204162e1c0e263e2c1a32351d2f3d2b283a2225171411293b233134371f07152d2a3820080b190113100205,\x0002042040000204208002200011200001021020000980aad100023010112000230f81004004208001410090118220402020001a820001800041400002022040022000220002a000,1,\x000000100000002500000001ffffffff000000002b00000001ffffffff000000002f00000001ffffffff000000003000000001ffffffff000000003200000001ffffffff000000003300000001ffffffff000000003400000001ffffffff000000003500000001ffffffff000000003600000001ffffffff000000003700000001ffffffff000000003800000001ffffffff000000003900000001ffffffff000000003a00000001ffffffff000000003b00000001ffffffff000000003d0000000200000007010000003e000000010000000800,133245047407,0,591000000,0,66622523672,11938079707,t,2026-09-25 06:12:28.813359+00,591
168ae93d-cdc0-4bba-b843-08394a51275c,9ac44ac0-c7f6-4b33-a402-c9e92e17392b,592000000,4,2,1000000,64,64,9,\x0003061e363330180a0d1b090c0f273f3c3921241204162e1c0e0b081a3220382a2d15071f373431190113253d2f170502102214263e2c3a282b1d35233b2911,\x0002042040000204208002200011200001021020000980aad10002301051806080400802800200014480000408408008104000161010141008202480000c04200200220082000820,1,\x0000000b0000002000000001ffffffff000000002300000001ffffffff000000002400000001ffffffff000000002900000001ffffffff000000003700000001ffffffff000000003800000001ffffffff000000003900000001ffffffff000000003a00000001ffffffff000000003b00000001ffffffff000000003d0000000200000005010000003e000000010000000800,133418187073,0,592000000,0,66709093505,11952849164,t,2026-09-25 06:13:41.639661+00,592
b3fde024-6200-4c93-b7cc-d7bedd44e536,9ac44ac0-c7f6-4b33-a402-c9e92e17392b,593000000,4,2,1000000,64,64,9,\x0003061e363330180a0d1b090c0f273f3c3921241204162e1c1f07152d2a383b3e2c29111422253734260e0b1d2b1301193123353220081a283a3d2f17050210,\x0002042040000204208002200011200001021020000980aad1000230120141400002820001c040001260c5090110200181e0c1891c10040800120001041001080404000404040404,1,\x000000110000001a00000001ffffffff000000001d00000001ffffffff000000002200000001ffffffff000000002700000001ffffffff000000002a00000001ffffffff000000002f00000001ffffffff000000003000000001ffffffff000000003100000001ffffffff000000003300000001ffffffff000000003500000001ffffffff000000003600000001ffffffff00000000390000000200000006010000003a0000000100000008000000003b0000000100000008000000003c0000000100000008000000003d0000000100000008000000003e000000010000000800,133571596521,0,593000000,0,66785798229,11965211463,t,2026-09-25 06:14:45.320928+00,593
5145f7a1-c6cb-4a95-857e-8e3103746bc2,9ac44ac0-c7f6-4b33-a402-c9e92e17392b,594000000,4,2,1000000,64,64,9,\x0003061e363330180a0d1b090c0f273f3c3921241204162e1c343119011325172f2c3e260e0b081a32351d050210282b3d3a221411293b2d2a38202315071f37,\x0002042040000204208002200011200001021020000980aad10002301a4500024480254b243008000204020403040200010241818100022000010481800068101000090008100102,1,\x000000110000001c00000001ffffffff000000001f00000001ffffffff01000000240000000100000008000000002b0000000100000008000000002f000000010000000800000000300000000100000008000000003100000001000000080000000032000000010000000800000000330000000100000008000000003500000001000000080000000038000000010000000800000000390000000100000008000000003a0000000100000008000000003b0000000100000008000000003c0000000100000008000000003d0000000100000008000000003e000000010000000800,133723163431,0,594000000,0,66861581684,11977500587,t,2026-09-25 06:15:48.440919+00,594
d2c5c279-d19e-47bd-b646-86e51be2174a,9ac44ac0-c7f6-4b33-a402-c9e92e17392b,595000000,4,2,1000000,64,64,9,\x0003061e363330180a0d1b090c0f273f3c3921241204161301193134371f07152d2a1c2e2b283a3d252210020517142c2f1d1a32352311293b3e260e0b082038,\x0002042040000204208002200011200001021020000980aad1000a2008100810000c100404202012004182900040208000144000050b014050201000040802020200010201020102,1,\x0000000e0000001800000001ffffffff000000001e00000001ffffffff000000002300000001ffffffff000000002a00000001ffffffff000000003000000001ffffffff000000003400000001ffffffff000000003600000001ffffffff000000003700000001ffffffff00000000390000000200000004010000003a0000000100000008000000003b0000000100000008000000003c0000000100000008000000003d0000000100000008000000003e000000010000000800,133901202129,0,595000000,0,66950601033,11991771549,t,2026-09-25 06:17:17.269715+00,595
f9456b09-2dc4-443a-b894-b2056459826a,9ac44ac0-c7f6-4b33-a402-c9e92e17392b,596000000,4,2,1000000,64,64,9,\x0003061e363330180a0d1b090c0f273f3c3921241204161301190b0e261402051725371f07152d3b29112331342210282b2e1c2a3820081a32351d2f3d3a2c3e,\x0002042040000204208002200011200001021020000980aad1000a2008180a4080458c0002180880020401010c318008401000040802030280408000081001040200118000022001,1,\x000000110000001800000001ffffffff000000002400000001ffffffff000000002800000001ffffffff01000000290000000100000008000000002b0000000100000008000000002e000000010000000800000000310000000100000008000000003200000001000000080000000033000000010000000800000000340000000100000008000000003600000001000000080000000038000000010000000800000000390000000100000008000000003a0000000100000008000000003c0000000100000008000000003d0000000100000008000000003e000000010000000800,134079331297,0,596000000,0,67039665617,12006603458,t,2026-09-25 06:18:46.935538+00,596
3de53734-bcf0-4828-944e-de9065a221b1,9ac44ac0-c7f6-4b33-a402-c9e92e17392b,597000000,4,2,1000000,64,64,9,\x0003061e363330180a0d1b090c0f273f3c392124120401193134371f07152d2a1c0e0b081a0210222513162e2b283a3d2f2c293b3e2623111417051d35322038,\x0002042040000204208002200011200001021020000980aad1040204020400020401010888045180608049020301480420000182800080e048101200080c10010280204000020802,1,\x0000000e0000001c00000001ffffffff000000002a00000001ffffffff000000002b00000001ffffffff000000002d00000001ffffffff000000002f00000001ffffffff00000000340000000200000004010000003700000001000000080000000038000000010000000800000000390000000100000008000000003a0000000100000008000000003b0000000100000008000000003c0000000100000008000000003d0000000100000008000000003e000000010000000800,134285336017,0,597000000,0,67142667977,12023611602,t,2026-09-25 06:20:26.279545+00,597
09cf30db-afe8-4e51-bf8d-bd61d8d49da4,9ac44ac0-c7f6-4b33-a402-c9e92e17392b,598000000,4,2,1000000,64,64,9,\x0003061e363330180a0d1b090c0f273f3c39212412040119313437252214263e3b382a2d15071f1c0e0b082032352311292c3a3d2f17051d1a021013162e2b28,\x0002042040000204208002200011200001021020000980aad10402040204004381d404021020000a0004100108802040203020000810040220080008080802108020281080000408,1,\x0000000c0000002500000001ffffffff000000002600000001ffffffff000000002800000001ffffffff000000002e00000001ffffffff000000002f00000001ffffffff000000003000000001ffffffff000000003500000001ffffffff000000003900000001ffffffff000000003b00000001ffffffff010000003c0000000100000008000000003d0000000100000008000000003e000000010000000800,134452963421,0,598000000,0,67226481679,12038706371,t,2026-09-25 06:22:02.061577+00,598
a3b6e43e-d257-4b47-a442-df800bd426f4,9ac44ac0-c7f6-4b33-a402-c9e92e17392b,599000000,4,2,1000000,64,64,9,\x0003061e363330180a0d1b090c0f273f3c3921241204011931342210021a080b0e1c2e1613051d2f3d2b283a2c3e261411293b2d2a382032352315071f372517,\x0002042040000204208002200011200001021020000980aad104020402842041e8008b00011808000201900107484040100048001010110808800601011001014000024480000840,0,\x000000100000002300000001ffffffff000000002900000001ffffffff000000002a00000001ffffffff000000002b00000001ffffffff000000003000000001ffffffff000000003100000001ffffffff000000003400000001ffffffff000000003500000001ffffffff000000003700000001ffffffff000000003800000001ffffffff000000003900000001ffffffff000000003a00000001ffffffff000000003b00000001ffffffff000000003c00000001ffffffff000000003d00000001ffffffff000000003e00000001ffffffff00,134631649343,0,599000000,0,67315824640,12054251454,t,2026-09-25 06:23:26.343965+00,599
d7a959de-3954-4582-9385-4e3cea952ad2,9ac44ac0-c7f6-4b33-a402-c9e92e17392b,600000000,4,2,1000000,64,64,9,\x0003061e363330180a0d1b090c0f273f3c3921241204011931341c0e0b0820382a2d3b3e262315071f372513162e2b28100205172f1d35321a2c291114223a3d,\x0002042040000204208002200011200001021020000980aad104020402845144010201038002200b0004022040040880a01580000409400405104000050108400440001200018100,1,\x000000100000002000000001ffffffff000000002600000001ffffffff000000002700000001ffffffff000000002800000001ffffffff000000002900000001ffffffff000000002c00000001ffffffff000000002d00000001ffffffff000000003500000001ffffffff010000003600000001000000080000000037000000010000000800000000380000000100000008000000003a0000000100000008000000003b0000000100000008000000003c0000000100000008000000003d0000000100000008000000003e000000010000000800,134800515937,0,600000000,0,67400257937,12068509553,t,2026-09-25 06:24:36.627208+00,600
64475901-3e0d-4c6d-88f6-e89805863634,9ac44ac0-c7f6-4b33-a402-c9e92e17392b,601000000,4,2,1000000,64,64,9,\x0003061e363330180a0d1b090c0f273f3c392124120401193123353220081a0210283a22253d2b13162e1c0e0b1d05172f2c1411293b382a2d15071f3734263e,\x0002042040000204208002200011200001021020000980aad10402040209800082c800240908080832c0008820010880600441001001042048814040400440018000224000022002,1,\x0000000f0000002800000001ffffffff000000002900000001ffffffff000000002c00000001ffffffff000000002e00000001ffffffff000000003000000001ffffffff000000003300000001ffffffff000000003400000001ffffffff000000003600000002000000080100000037000000010000000800000000390000000100000008000000003a0000000100000008000000003b0000000100000008000000003c0000000100000008000000003d0000000100000008000000003e000000010000000800,134979290929,0,601000000,0,67489645433,12083761000,t,2026-09-25 06:25:50.679453+00,601
2d64dd6c-d2a9-4201-b2f3-3b2a83d30990,9ac44ac0-c7f6-4b33-a402-c9e92e17392b,602000000,4,2,1000000,64,64,9,\x0003061e363330180a0d1b090c0f273f3c39212412040119312315071f2d2a1c2e1613253734221002051d353220383b3e260e0b081a283a2c291114172f3d2b,\x0002042040000204208002200011200001021020000980aad10402040289024480010444028040b02400020810840218200001048100018000810041008201812000091080000210,1,\x0000000f0000001b00000001ffffffff000000002100000001ffffffff000000002400000001ffffffff000000002b00000001ffffffff000000002e00000001ffffffff000000003200000001ffffffff000000003300000001ffffffff000000003400000001ffffffff000000003700000001ffffffff01000000390000000100000008000000003a0000000100000008000000003b0000000100000008000000003c0000000100000008000000003d0000000100000008000000003e000000010000000800,135177562019,0,602000000,0,67588780978,12101246467,t,2026-09-25 06:27:11.876931+00,602
2bbb6fed-f6b4-45cf-b64d-cdba9ee6ccf8,9ac44ac0-c7f6-4b33-a402-c9e92e17392b,603000000,4,2,1000000,64,64,9,\x0003061e363330180a0d1b090c0f273f3c392124120401190b0e263e2c2f1725371f07152d2a383b291114223a3d2b1d353220081a2810020513162e1c343123,\x0002042040000204208002200011200001021020000980aad1040284021020002302121c02a000414000028200208004406020008868042080082200011040011004200082000440,1,\x0000000d0000002200000001ffffffff000000002800000001ffffffff000000002d00000001ffffffff0000000033000000020000000801000000350000000100000008000000003700000001000000080000000038000000010000000800000000390000000100000008000000003a0000000100000008000000003b0000000100000008000000003c0000000100000008000000003d0000000100000008000000003e000000010000000800,135401616369,0,603000000,0,67700808153,12121002746,t,2026-09-25 06:28:44.330157+00,603
e5faf722-9147-4c28-a2f4-90c8b6e18a4d,9ac44ac0-c7f6-4b33-a402-c9e92e17392b,604000000,4,2,1000000,64,64,9,\x0003061e363330180a0d1b090c0f273f3c392124120401190b1d2f3d2b2e161325371f07152d2a383b29111417050210283a22343123353220081a2c3e260e1c,\x0002042040000204208002200011200001021020000980aad10402842618400023001008820400018280000404014200191000040404060400110001900008208008102000081004,1,\x0000000e0000001e00000001ffffffff000000002300000001ffffffff000000002c00000001ffffffff000000002d00000001ffffffff000000003200000001ffffffff00000000340000000200000006010000003600000001000000080000000038000000010000000800000000390000000100000008000000003a0000000100000008000000003b0000000100000008000000003c0000000100000008000000003d0000000100000008000000003e000000010000000800,135620886837,0,604000000,0,67810443387,12139923312,t,2026-09-25 06:30:16.885939+00,604
7dbf5229-97ee-4ab4-9c4d-eaa8809d1a74,9ac44ac0-c7f6-4b33-a402-c9e92e17392b,605000000,4,2,1000000,64,64,9,\x0003061e363330180a0d1b090c0f273f3c392124120401191c0e263e2c3a2210281a021411293b382a2d15071f373431230b082032351d05172f3d2b2e161325,\x0002042040000204208002200011200001021020000980aad1040285145120002343181104029111008180000880020001448000040880a440202020001021020820001300080401,1,\x0000000f0000002500000001ffffffff000000002800000001ffffffff000000002b00000001ffffffff000000002c00000001ffffffff000000002e00000001ffffffff000000002f00000001ffffffff000000003200000001ffffffff000000003300000001ffffffff000000003400000001ffffffff000000003500000001ffffffff000000003900000001ffffffff000000003b00000001ffffffff010000003c0000000100000008000000003d0000000100000008000000003e000000010000000800,135870259697,0,605000000,0,67935129817,12161477752,t,2026-09-25 06:32:01.261093+00,605
e6ffe384-9535-42a0-bfe5-36ed0e8c4097,9ac44ac0-c7f6-4b33-a402-c9e92e17392b,606000000,4,2,1000000,64,64,9,\x0003061e363330180a0d1b090c0f273f3c392124120401192b283a3d2522101305172f1d353220383b292c3e260e0b081a021411233134371f07152d2a1c2e16,\x0002042040000204208002200011200001021020000980aad1040287260808004c0288008104100041000208028142041100040c0408028008802000418000408020200001900020,0,\x0000000f0000002000000001ffffffff000000002b00000001ffffffff000000002f00000001ffffffff000000003000000001ffffffff000000003100000001ffffffff000000003200000001ffffffff000000003300000001ffffffff000000003500000001ffffffff000000003700000001ffffffff000000003900000001ffffffff000000003a00000001ffffffff000000003b00000001ffffffff000000003c00000001ffffffff000000003d00000001ffffffff000000003e00000001ffffffff00,136116783163,0,606000000,0,68058391550,12182637778,t,2026-09-25 06:33:44.190859+00,606
cb284306-1909-42d2-ac86-6d9a3eb0cde3,9ac44ac0-c7f6-4b33-a402-c9e92e17392b,607000000,4,2,1000000,64,64,9,\x0003061e363330180a0d1b090c0f273f3c39212412040113162e2b3d25170502102214263e3b2d2a3820080b0e1c193134371f07152311292c2f1d35321a283a,\x0002042040000204208002200011200001021020000980aad10403010840100045100908080c10924000022c08088008091000010402010200018200010802010280200001080201,1,\x000000100000001800000001ffffffff000000002800000001ffffffff000000002c00000001ffffffff000000002e00000001ffffffff000000003000000001ffffffff000000003100000001ffffffff000000003200000001ffffffff000000003300000001ffffffff000000003400000001ffffffff000000003600000001ffffffff000000003700000001ffffffff00000000390000000200000003010000003b0000000100000008000000003c0000000100000008000000003d0000000100000008000000003e000000010000000800,136362238217,0,607000000,0,68181119077,12203877771,t,2026-09-25 06:35:27.11207+00,607
c9c456f1-46b1-4906-ade1-c6b8c7fca7e2,9ac44ac0-c7f6-4b33-a402-c9e92e17392b,623000000,4,2,1000000,64,64,9,\x0003061e363330180a0d1b090c0f273f3c3921130104071f2d2a383b3e260e1c2e1624323523151220080b19313437252210282b3d2f1d1a0205171411292c3a,\x0002042040000204208002200011200001021020000904224000020ca020081000081004028020401100042008088004404020400010144010082000120808400208800081400004,1,\x0000000c0000002100000001ffffffff000000002600000001ffffffff000000002700000001ffffffff000000002800000001ffffffff000000002c00000001ffffffff000000002e00000001ffffffff000000003500000001ffffffff01000000390000000100000008000000003a0000000100000008000000003c0000000100000008000000003d0000000100000008000000003e000000010000000800,139732633813,0,623000000,0,69866316875,12496084039,t,2026-09-25 06:58:50.852662+00,623
7470d746-5eff-4196-a427-6a711abac3bc,9ac44ac0-c7f6-4b33-a402-c9e92e17392b,608000000,4,2,1000000,64,64,9,\x0003061e363330180a0d1b090c0f273f3c39212412040113162e2b283a2c291114021022341c2a2d15071f37253d2f17051d35321a08202331190b0e263e3b38,\x0002042040000204208002200011200001021020000980aad104030108409020249804200152201030201a82044000112000820020202008108000040481020880000a4080000408,1,\x000000110000001800000001ffffffff000000002200000001ffffffff000000002900000001ffffffff000000002a00000001ffffffff000000002b00000001ffffffff000000002d00000001ffffffff000000002f00000001ffffffff000000003000000001ffffffff000000003400000001ffffffff000000003700000001ffffffff0100000038000000010000000800000000390000000100000008000000003a0000000100000008000000003b0000000100000008000000003c0000000100000008000000003d0000000100000008000000003e000000010000000800,136508771363,0,608000000,0,68254385650,12216590339,t,2026-09-25 06:36:28.508033+00,608
d4324565-4822-4ed9-89a6-5c96c19d3744,9ac44ac0-c7f6-4b33-a402-c9e92e17392b,609000000,4,2,1000000,64,64,9,\x0003061e363330180a0d1b090c0f273f3c39212412040113162e2b1d05172f3d25221411293b3e2c3a2810021a080b23260e1c193134371f07152d2a38203235,\x0002042040000204208002200011200001021020000980aad10403010840904544000104402498824060400010084000014480448006038020804020400020401010808000888000,0,\x000000110000001800000001ffffffff000000002800000001ffffffff000000002a00000001ffffffff000000002b00000001ffffffff000000003000000001ffffffff000000003100000001ffffffff000000003300000001ffffffff000000003400000001ffffffff000000003500000001ffffffff000000003600000001ffffffff000000003800000001ffffffff000000003900000001ffffffff000000003a00000001ffffffff000000003b00000001ffffffff000000003c00000001ffffffff000000003d00000001ffffffff000000003e00000001ffffffff00,136669829229,0,609000000,0,68334914583,12230400029,t,2026-09-25 06:37:35.34276+00,609
9371df56-e4de-419d-8dca-ed8d216e4ff9,9ac44ac0-c7f6-4b33-a402-c9e92e17392b,610000000,4,2,1000000,64,64,9,\x0003061e363330180a0d1b090c0f273f3c39212412040113162e1c0e0b0820382a2d15071f3725223431192b2810021411293b3e262335321a2c3a3d2f17051d,\x0002042040000204208002200011200001021020000980aad104030108c0404401030103800200014480000c4a02200011200108a0031308080800048200084006200800080c0802,1,\x0000000d0000001800000001ffffffff000000002000000001ffffffff000000002300000001ffffffff000000002400000001ffffffff000000002a00000001ffffffff000000002d00000001ffffffff000000003400000001ffffffff000000003500000001ffffffff000000003700000001ffffffff000000003a00000001ffffffff000000003b00000001ffffffff000000003d0000000200000008010000003e000000010000000800,136859354747,0,610000000,0,68429677342,12247191962,t,2026-09-25 06:38:54.325567+00,610
c724bbeb-656a-4c21-9bd5-a25d79b1119b,9ac44ac0-c7f6-4b33-a402-c9e92e17392b,611000000,4,2,1000000,64,64,9,\x0003061e363330180a0d1b090c0f273f3c3921241204011310283a223431190b0820382a2d15071f37253d2b1d05172f2c3e3b29112335321a0214260e1c2e16,\x0002042040000204208002200011200001021020000980aad104031108080832200290411108180014000820020440100011c8880002100440000164800008408008100004810020,1,\x0000000e0000001800000001ffffffff0100000026000000010000000800000000280000000100000008000000002f00000001000000080000000033000000010000000800000000360000000100000008000000003700000001000000080000000038000000010000000800000000390000000100000008000000003a0000000100000008000000003b0000000100000008000000003c0000000100000008000000003d0000000100000008000000003e000000010000000800,137014439535,0,611000000,0,68507219736,12259785014,t,2026-09-25 06:39:58.40202+00,611
adef467b-1f38-4a02-b755-a34c0d9cca49,9ac44ac0-c7f6-4b33-a402-c9e92e17392b,612000000,4,2,1000000,64,64,9,\x0003061e363330180a0d1b090c0f273f3c39212412041c2a2d15071f372517050210283a2c14223431190113162e2b3d2f1d0b0e263e3b3820081a3235231129,\x0002042040000204208002200011200001021020000980aad1050509800022400006211210101c10106c0e02011080001110800004018040d0084080000408408008201000040802,1,\x000000110000001a00000001ffffffff000000001b00000001ffffffff000000002600000001ffffffff000000002a00000001ffffffff000000002c00000001ffffffff000000002d00000001ffffffff000000002f00000001ffffffff000000003000000001ffffffff000000003300000001ffffffff000000003500000001ffffffff0000000037000000020000000501000000390000000100000008000000003a0000000100000008000000003b0000000100000008000000003c0000000100000008000000003d0000000100000008000000003e000000010000000800,137473391051,0,612000000,0,68736695494,12300059304,t,2026-09-25 06:43:11.381149+00,612
8fd16f7c-f9af-4607-a662-6ac10eb4c226,9ac44ac0-c7f6-4b33-a402-c9e92e17392b,613000000,4,2,1000000,64,64,9,\x0003061e363330180a0d1b090c0f273f3c39212412041c1f07152d2a38203235231114172f3d253734223a2c293b3e260e0b081a1d050210282b2e1613011931,\x0002042040000204208002200011200001021020000980aad18545401010808020888000205814084000011401106010000541400020402040101000080404040204000201040102,1,\x000000110000001800000001ffffffff000000001b00000001ffffffff000000002700000001ffffffff000000002900000001ffffffff010000002c0000000100000008000000002d0000000100000008000000002e0000000100000008000000002f000000010000000800000000300000000100000008000000003200000001000000080000000036000000010000000800000000380000000100000008000000003a0000000100000008000000003b0000000100000008000000003c0000000100000008000000003d0000000100000008000000003e000000010000000800,137846136859,0,613000000,0,68923068398,12332689454,t,2026-09-25 06:45:46.806651+00,613
7d7664b5-c279-4358-948e-3791e3b12903,9ac44ac0-c7f6-4b33-a402-c9e92e17392b,614000000,4,2,1000000,64,64,9,\x0003061e363330180a0d1b090c0f273f3c3921130104071f37253d3a22343123261411292c3e3b2d15122a3820081a1d353224162e1c0e0b192b28100205172f,\x000204204000020420800220001120000102102000090422400002044010800046040460a3c840201040000448402018400004c88026062000024400062008080440000228800002,1,\x000000110000002200000001ffffffff000000002500000001ffffffff000000002800000001ffffffff000000002b00000001ffffffff0000000030000000020000000801000000310000000100000008000000003200000001000000080000000033000000010000000800000000360000000100000008000000003700000001000000080000000038000000010000000800000000390000000100000008000000003a0000000100000008000000003b0000000100000008000000003c0000000100000008000000003d0000000100000008000000003e000000010000000800,138099227941,0,614000000,0,69049613939,12353817678,t,2026-09-25 06:47:32.314196+00,614
a32bd97d-34ee-4a04-be51-1f620440feeb,9ac44ac0-c7f6-4b33-a402-c9e92e17392b,615000000,4,2,1000000,64,64,9,\x0003061e363330180a0d1b090c0f273f3c3921130104071f37253d2b2e162412152d2a1c3431190b0e263e2c14223a28100205172f1d1a32352311293b382008,\x000204204000020420800220001120000102102000090422400002044010801500080214010840404409021040010810809125010110400005104000040512014080202000021020,1,\x0000000e0000001d00000001ffffffff000000002600000001ffffffff000000002800000001ffffffff000000002e00000001ffffffff000000003000000001ffffffff000000003300000001ffffffff000000003400000001ffffffff000000003700000001ffffffff01000000380000000100000008000000003a0000000100000008000000003b0000000100000008000000003c0000000100000008000000003d0000000100000008000000003e000000010000000800,138272262367,0,615000000,0,69136131152,12368991509,t,2026-09-25 06:48:44.998551+00,615
a10d77c0-0b34-405a-ab36-0f87e9ce7b44,9ac44ac0-c7f6-4b33-a402-c9e92e17392b,616000000,4,2,1000000,64,64,9,\x0003061e363330180a0d1b090c0f273f3c3921130104071f372517051d2b2e1624122a2d1523353220383b2911140210223a281a080b1931341c0e263e2c2f3d,\x0002042040000204208002200011200001021020000904224000020440100241c1410020085014080004810008200804080124000804020c84000422400202018000224000440004,1,\x0000000e0000001f00000001ffffffff000000002400000001ffffffff000000002600000001ffffffff000000002900000001ffffffff000000002c00000001ffffffff00000000320000000200000008010000003400000001000000080000000037000000010000000800000000390000000100000008000000003a0000000100000008000000003b0000000100000008000000003c0000000100000008000000003d0000000100000008000000003e000000010000000800,138450252743,0,616000000,0,69225126340,12384815454,t,2026-09-25 06:49:59.289608+00,616
a7980c06-204e-4c6b-a2b5-67f17554ab05,9ac44ac0-c7f6-4b33-a402-c9e92e17392b,617000000,4,2,1000000,64,64,9,\x0003061e363330180a0d1b090c0f273f3c3921130104071f37252210281a1d353224162e2b191c34312311293b382a2d151220080b0e263e2c140205172f3d3a,\x00020420400002042080022000112000010210200009042240000204405002416050190210000122004144010210008120202002b000402020001220000102209280082080000208,0,\x000000100000002200000001ffffffff000000002800000001ffffffff000000002f00000001ffffffff000000003000000001ffffffff000000003100000001ffffffff000000003200000001ffffffff000000003300000001ffffffff000000003400000001ffffffff000000003500000001ffffffff000000003700000001ffffffff000000003900000001ffffffff000000003a00000001ffffffff000000003b00000001ffffffff000000003c00000001ffffffff000000003d00000001ffffffff000000003e00000001ffffffff00,138637665427,0,617000000,0,69318832682,12401126771,t,2026-09-25 06:51:17.181359+00,617
cab4c8dc-80c4-4e7e-afed-d0864ccf5b1c,9ac44ac0-c7f6-4b33-a402-c9e92e17392b,618000000,4,2,1000000,64,64,9,\x0003061e363330180a0d1b090c0f273f3c3921130104071f372522142c29112320080b0e1c193134263e3b382a2d151224162e2b3d3a28100205172f1d1a3235,\x0002042040000204208002200011200001021020000904224000020440503275430310019f880408c0c0028100800840800028001008020011802000020820800208200082028100,1,\x000000110000001e00000001ffffffff000000002600000001ffffffff000000002700000001ffffffff000000002800000001ffffffff000000002900000001ffffffff000000002b00000001ffffffff000000002d00000001ffffffff000000002e00000001ffffffff000000002f00000001ffffffff000000003100000001ffffffff000000003200000001ffffffff000000003500000001ffffffff000000003700000001ffffffff000000003a00000001ffffffff000000003b00000001ffffffff000000003d0000000200000008010000003e000000010000000800,138822606427,0,618000000,0,69411303182,12417127236,t,2026-09-25 06:52:33.925634+00,618
ac9a6c93-e83b-461b-8377-c5a57cf9835f,9ac44ac0-c7f6-4b33-a402-c9e92e17392b,619000000,4,2,1000000,64,64,9,\x0003061e363330180a0d1b090c0f273f3c3921130104071f373431190b081a0210283a221411292c2f3d2517051d2b2e1c0e263e3b382a2d1512202335322416,\x00020420400002042080022000112000010210200009042240000204604000322882012609080c00120802810003100001048200820060001120000102a000403028082000022040,1,\x0000000c0000002a00000001ffffffff000000002b00000001ffffffff000000002c00000001ffffffff000000002e00000001ffffffff000000003000000001ffffffff010000003100000001000000080000000033000000010000000800000000370000000100000008000000003b0000000100000008000000003c0000000100000008000000003d0000000100000008000000003e000000010000000800,138991872519,0,619000000,0,69495936228,12432277889,t,2026-09-25 06:53:44.48363+00,619
f75858e3-2402-4293-9714-daeaa4b97120,9ac44ac0-c7f6-4b33-a402-c9e92e17392b,620000000,4,2,1000000,64,64,9,\x0003061e363330180a0d1b090c0f273f3c3921130104071f3734263e3b382032351d2f17253d3a221411292c1a080b0e1c193123152d2a1224162e2b28100205,\x0002042040000204208002200011200001021020000904224000020460c023000102302101c008418282000420a0281008000244800008341000048800042002001180000108a000,1,\x000000110000002400000001ffffffff010000002a0000000100000008000000002b0000000100000008000000002d0000000100000008000000002f000000010000000800000000320000000100000008000000003300000001000000080000000035000000010000000800000000360000000100000008000000003700000001000000080000000038000000010000000800000000390000000100000008000000003a0000000100000008000000003b0000000100000008000000003c0000000100000008000000003d0000000100000008000000003e000000010000000800,139210070551,0,620000000,0,69605035244,12451718031,t,2026-09-25 06:55:15.068604+00,620
a744fab4-7411-4ff3-b452-408d8a4ad4a7,9ac44ac0-c7f6-4b33-a402-c9e92e17392b,621000000,4,2,1000000,64,64,9,\x0003061e363330180a0d1b090c0f273f3c3921130104071f2d15122a383b291114223a3d2b190b08202331343725172f2c3e260e1c2e162432351d05021a2810,\x0002042040000204208002200011200001021020000904224000020c8040308020400820015e9408002e46a108040220081000042002100400018240001004080200010281000220,1,\x0000000e0000002a00000001ffffffff000000002c00000001ffffffff000000002d00000001ffffffff000000003100000001ffffffff000000003200000001ffffffff000000003300000001ffffffff000000003400000001ffffffff000000003500000001ffffffff000000003600000001ffffffff000000003700000001ffffffff000000003900000001ffffffff000000003b00000001ffffffff000000003d0000000200000003010000003e000000010000000800,139374960197,0,621000000,0,69687480067,12465917118,t,2026-09-25 06:56:24.113149+00,621
82ae869b-57c0-4ad4-b10a-f8e63570d03a,9ac44ac0-c7f6-4b33-a402-c9e92e17392b,622000000,4,2,1000000,64,64,9,\x0003061e363330180a0d1b090c0f273f3c3921130104071f2d151220382a1c19312311293b3e2c3a3d253734261422100205172f1d353224162e2b281a080b0e,\x0002042040000204208002200011200001021020000904224000020c804070400010204904029920202000980401c00980000a0c0210840208200082000440800840800008448000,1,\x000000100000001d00000001ffffffff000000002400000001ffffffff000000002a00000001ffffffff000000002d00000001ffffffff010000002e0000000100000008000000003200000001000000080000000033000000010000000800000000350000000100000008000000003700000001000000080000000038000000010000000800000000390000000100000008000000003a0000000100000008000000003b0000000100000008000000003c0000000100000008000000003d0000000100000008000000003e000000010000000800,139521430439,0,622000000,0,69760715188,12478106843,t,2026-09-25 06:57:24.275798+00,622
ed72b333-a072-4163-8aac-3fdccca9606f,9ac44ac0-c7f6-4b33-a402-c9e92e17392b,624000000,4,2,1000000,64,64,9,\x0003061e363330180a0d1b090c0f273f3c3921130104071f2d3b3820080b0e263e2c291114021a1d051725373431191c2a121523353224162e2b2810223a3d2f,\x0002042040000204208002200011200001021020000904224000020cb044000624400002044040001220448306400430100001029000088004402000022040042048002280400040,1,\x000000110000002000000001ffffffff000000002200000001ffffffff000000002800000001ffffffff000000002a00000001ffffffff010000002b00000001000000080000000030000000010000000800000000320000000100000008000000003300000001000000080000000034000000010000000800000000350000000100000008000000003600000001000000080000000037000000010000000800000000380000000100000008000000003b0000000100000008000000003c0000000100000008000000003d0000000100000008000000003e000000010000000800,139977199683,0,624000000,0,69988599810,12517084287,t,2026-09-25 07:00:32.574801+00,624
10e37528-9ea3-4781-aa2e-98b0641fd490,9ac44ac0-c7f6-4b33-a402-c9e92e17392b,625000000,4,2,1000000,64,64,9,\x0003061e363330180a0d1b090c0f273f3c3921130104071f1c0e263e2c3a221002051d0b19313437253d2f171411293b382a2d15122023353224162e2b281a08,\x0002042040000204208002200011200001021020000904224000021c0411200023431811840218b08180408000200800020201020101100005008241410001100001220001022010,1,\x0000000f0000002600000001ffffffff000000002700000001ffffffff000000002a00000001ffffffff000000002b00000001ffffffff000000002c00000001ffffffff000000002e00000001ffffffff000000003200000001ffffffff000000003600000002000000060100000037000000010000000800000000390000000100000008000000003a0000000100000008000000003b0000000100000008000000003c0000000100000008000000003d0000000100000008000000003e000000010000000800,140152256183,0,625000000,0,70076128060,12531823588,t,2026-09-25 07:01:45.042441+00,625
a3dee07c-657e-4367-9f3e-9ec2d2ff6733,9ac44ac0-c7f6-4b33-a402-c9e92e17392b,626000000,4,2,1000000,64,64,9,\x0003061e363330180a0d1b090c0f273f3c3921130104071f1c193123152d2a1220383b3e263437253d2b2e162432351d2f17050210283a221411292c1a080b0e,\x0002042040000204208002200011200001021020000904224000021c341108248a0004240a08040800044900100460040082004100200280808080c0800020802010080002448000,1,\x0000000f0000002100000001ffffffff000000002500000001ffffffff01000000260000000100000008000000002a0000000100000008000000002b0000000100000008000000002c0000000100000008000000002e0000000100000008000000003200000001000000080000000037000000010000000800000000390000000100000008000000003a0000000100000008000000003b0000000100000008000000003c0000000100000008000000003d0000000100000008000000003e000000010000000800,140378443739,0,626000000,0,70189221838,12551240440,t,2026-09-25 07:03:19.355913+00,626
d3c18063-0ba0-441c-a9d7-2a3324d8247d,9ac44ac0-c7f6-4b33-a402-c9e92e17392b,627000000,4,2,1000000,64,64,9,\x0003061e363330180a0d1b090c0f273f3c392113010407152d1f37253d2b2e1624122a383b291123351d2f1705021a3220080b1931341c0e26142210283a2c3e,\x00020420400002042080022000112000010210200009042240000604001100410056002008401040102004900102a008000202820302208004484020001040044830004140002001,1,\x0000000d0000001f00000001ffffffff000000002c00000001ffffffff000000002f00000001ffffffff000000003000000001ffffffff000000003100000001ffffffff000000003400000001ffffffff000000003600000001ffffffff000000003700000001ffffffff000000003900000001ffffffff010000003b0000000100000008000000003c0000000100000008000000003d0000000100000008000000003e000000010000000800,140554329469,0,627000000,0,70277164703,12566311708,t,2026-09-25 07:04:47.679765+00,627
64a87ea8-8c7d-468a-a968-2669a7da6956,9ac44ac0-c7f6-4b33-a402-c9e92e17392b,628000000,4,2,1000000,64,64,9,\x0003061e363330180a0d1b090c0f273f3c392113010407152d1f37252210283a3d2f17142c3e263431192b2e16241220080b0e1c2a383b291123351d05021a32,\x000204204000020420800220001120000102102000090422400006040011004109040101014001814143001404108008080004010806460204408000410010400408800204020102,1,\x0000000c0000002c00000001ffffffff000000003200000001ffffffff000000003300000001ffffffff000000003400000001ffffffff000000003500000001ffffffff000000003700000001ffffffff000000003800000001ffffffff000000003900000001ffffffff000000003b00000001ffffffff010000003c0000000100000008000000003d0000000100000008000000003e000000010000000800,140705390035,0,628000000,0,70352694986,12579391711,t,2026-09-25 07:05:57.718531+00,628
ffac0c1a-9268-4b18-b02b-b752f18a501a,9ac44ac0-c7f6-4b33-a402-c9e92e17392b,629000000,4,2,1000000,64,64,9,\x0003061e363330180a0d1b090c0f273f3c392113010407152d1f373431190b0e1c2e1624122a383b291123353220081a2c3e2614172f1d2b283a3d2522100205,\x000204204000020420800220001120000102102000090422400006040011800101c8a0000804004100820082002180081800010410014b040001118200082412040400020104a000,0,\x0000000c0000002200000001ffffffff000000002500000001ffffffff000000002d00000001ffffffff000000002e00000001ffffffff000000003100000001ffffffff000000003200000001ffffffff000000003700000001ffffffff000000003a00000001ffffffff000000003b00000001ffffffff000000003c00000001ffffffff000000003d00000001ffffffff000000003e00000001ffffffff00,140853939295,0,629000000,0,70426969616,12592235884,t,2026-09-25 07:07:11.173118+00,629
bfc2b99f-9101-4719-b6e3-be4654c1759c,9ac44ac0-c7f6-4b33-a402-c9e92e17392b,630000000,4,2,1000000,64,64,9,\x0003061e363330180a0d1b090c0f273f3c392113010407152d1f1c2e162432352311292c3e3b382a1220080b0e2614172f1d0502102225373431192b3d3a281a,\x000204204000020420800220001120000102102000090422400006040051100004018a00605010182000020440401000091080008a0004500081c040400001102000112000020840,1,\x0000000f0000001c00000001ffffffff000000002500000001ffffffff000000002700000001ffffffff000000002800000001ffffffff000000002900000001ffffffff000000002c00000001ffffffff000000003200000001ffffffff000000003400000001ffffffff010000003700000001000000080000000038000000010000000800000000390000000100000008000000003a0000000100000008000000003c0000000100000008000000003d0000000100000008000000003e000000010000000800,141019613505,0,630000000,0,70509806721,12606749955,t,2026-09-25 07:08:25.125248+00,630
591d9f4f-77f1-4971-9ad1-19fc862dbbc9,9ac44ac0-c7f6-4b33-a402-c9e92e17392b,631000000,4,2,1000000,64,64,9,\x0003061e363330180a0d1b090c0f273f3c392113010407152d2a383b3e2c2911233532201224162e2b1931341c1f37253d2f1d0b081a283a221002051714260e,\x0002042040000204208002200011200001021020000904224000060420210810000c04200304400001480020021064100810240001100420810111410002014040000a2000820020,1,\x0000000e0000001e00000001ffffffff000000002400000001ffffffff000000002500000001ffffffff000000002600000001ffffffff000000002a00000001ffffffff000000002d00000001ffffffff000000002e00000001ffffffff000000003400000002000000080100000037000000010000000800000000390000000100000008000000003b0000000100000008000000003c0000000100000008000000003d0000000100000008000000003e000000010000000800,141214350497,0,631000000,0,70607175217,12623257277,t,2026-09-25 07:09:52.223151+00,631
075c30cc-8847-46f1-8acc-41dcb74312df,9ac44ac0-c7f6-4b33-a402-c9e92e17392b,632000000,4,2,1000000,64,64,9,\x0003061e363330180a0d1b090c0f273f3c392113010407152d3b3e2c2911140210223a281a323523260e0b0820382a1224162e2b3d2f1d051725373431191c1f,\x000204204000020420800220001120000102102000090422400006043005000301488011090410000188440010018040804080002020020011802000180820021008800201488000,1,\x0000000e0000001c00000001ffffffff000000002b00000001ffffffff000000002d00000001ffffffff000000002f00000001ffffffff000000003000000001ffffffff000000003100000001ffffffff000000003600000001ffffffff000000003700000001ffffffff000000003800000001ffffffff000000003900000001ffffffff000000003b00000001ffffffff010000003c0000000100000008000000003d0000000100000008000000003e000000010000000800,141466397195,0,632000000,0,70733198566,12645459445,t,2026-09-25 07:11:45.148088+00,632
647b20f2-7027-4258-81ab-ec07b6fefc0f,9ac44ac0-c7f6-4b33-a402-c9e92e17392b,633000000,4,2,1000000,64,64,9,\x0003061e363330180a0d1b090c0f273f3c392113010407151224162e2b2810021a082032352331191c34223a3d2f17051d0b0e263e2c1411293b382a2d1f3725,\x0002042040000204208002200011200001021020000904224000061404002200410210400548101010000c0220811a85201000181c14044004204000041008040440001400100110,1,\x0000000e0000001a00000001ffffffff000000002300000001ffffffff000000002f0000000200000008010000003000000001000000080000000031000000010000000800000000320000000100000008000000003600000001000000080000000037000000010000000800000000380000000100000008000000003a0000000100000008000000003b0000000100000008000000003c0000000100000008000000003d0000000100000008000000003e000000010000000800,141668737271,0,633000000,0,70834368604,12663402575,t,2026-09-25 07:13:21.390093+00,633
f4486109-3058-4342-813d-e150e6b101e3,9ac44ac0-c7f6-4b33-a402-c9e92e17392b,634000000,4,2,1000000,64,64,9,\x0003061e363330180a0d1b090c0f273f3c392113010407151224162e2b191c0e0b0820323523263e2c2f3d3a281a1d0502102225171411293b382a2d1f373431,\x0002042040000204208002200011200001021020000904224000061404002200414681441020101010004c0a023022208000025800201210080800080204020220000a0088000408,1,\x0000000e0000001a00000001ffffffff000000002600000001ffffffff010000002e0000000100000008000000003100000001000000080000000034000000010000000800000000350000000100000008000000003600000001000000080000000037000000010000000800000000390000000100000008000000003a0000000100000008000000003b0000000100000008000000003c0000000100000008000000003d0000000100000008000000003e000000010000000800,141787013599,0,634000000,0,70893506768,12673408689,t,2026-09-25 07:14:15.305743+00,634
f8cfbfbf-4e58-43a2-a028-1ad508a2aaf5,9ac44ac0-c7f6-4b33-a402-c9e92e17392b,635000000,4,2,1000000,64,64,9,\x0003061e363330180a0d1b090c0f273f3c392113010407151224162e1c0e2634371f2d2a3820080b2331192b1d05171411293b3e2c2f3d25223a2810021a3235,\x0002042040000204208002200011200001021020000904224000061404002200231101060180208080208890000c100011208988000e100808080022000220100880000288008100,0,\x000000100000001a00000001ffffffff000000002100000001ffffffff000000002300000001ffffffff000000002900000001ffffffff000000002a00000001ffffffff000000002d00000001ffffffff000000003000000001ffffffff000000003200000001ffffffff000000003300000001ffffffff000000003500000001ffffffff000000003700000001ffffffff000000003900000001ffffffff000000003b00000001ffffffff000000003c00000001ffffffff000000003d00000001ffffffff000000003e00000001ffffffff00,141934772007,0,635000000,0,70967385972,12686113674,t,2026-09-25 07:15:25.755352+00,635
d905bb2a-c045-438a-80d2-871b9fb347c0,9ac44ac0-c7f6-4b33-a402-c9e92e17392b,636000000,4,2,1000000,64,64,9,\x0003061e363330180a0d1b090c0f273f3c39211301040715122a2d1f37253d3a22100205172f1d0b0e1c1931342623353224162e2b281a0820383b2911142c3e,\x000204204000020420800220001120000102102000090422400006140c040044000401086040100a2080000c1e011058301000100d01100001220001022010040804080124000101,1,\x0000000e0000002c00000001ffffffff000000002f00000001ffffffff000000003100000001ffffffff000000003200000001ffffffff000000003300000001ffffffff000000003400000001ffffffff000000003500000001ffffffff000000003700000001ffffffff000000003800000001ffffffff000000003900000001ffffffff000000003b00000001ffffffff010000003c0000000100000008000000003d0000000100000008000000003e000000010000000800,142095719959,0,636000000,0,71047859948,12699216735,t,2026-09-25 07:16:42.447797+00,636
82031a40-cf0a-4cae-83ed-af4affc06f7c,9ac44ac0-c7f6-4b33-a402-c9e92e17392b,637000000,4,2,1000000,64,64,9,\x0003061e363330180a0d1b090c0f273f3c39211301040715122a2d1f1c190b0e263e3b3820081a2810223a3d2b2e162432352331343725172f2c29111402051d,\x000204204000020420800220001120000102102000090422400006140c0400444192a100040840800004880006400419080022001004080280401020000840046040001200440002,0,\x000000110000001f00000001ffffffff000000002300000001ffffffff000000002500000001ffffffff000000002d00000001ffffffff000000002e00000001ffffffff000000002f00000001ffffffff000000003000000001ffffffff000000003300000001ffffffff000000003400000001ffffffff000000003500000001ffffffff000000003600000001ffffffff000000003900000001ffffffff000000003a00000001ffffffff000000003b00000001ffffffff000000003c00000001ffffffff000000003d00000001ffffffff000000003e00000001ffffffff00,142271766277,0,637000000,0,71135883107,12714379627,t,2026-09-25 07:17:58.145859+00,637
e6b07961-7f6e-43bb-9ebf-6b92643bc913,9ac44ac0-c7f6-4b33-a402-c9e92e17392b,638000000,4,2,1000000,64,64,9,\x0003061e363330180a0d1b090c0f273f3c39211301040715122a382023353224162e1c0e263e2c1a080b1d050210282b1931343725223a3d2f171411293b2d1f,\x000204204000020420800220001120000102102000090422400006140c240032440004408008c0084480008c1c200228100201018100200804080086028100808040804040002040,0,\x0000000f0000001f00000001ffffffff000000002000000001ffffffff000000002800000001ffffffff000000003000000001ffffffff000000003100000001ffffffff000000003400000001ffffffff000000003600000001ffffffff000000003700000001ffffffff000000003800000001ffffffff000000003900000001ffffffff000000003a00000001ffffffff000000003b00000001ffffffff000000003c00000001ffffffff000000003d00000001ffffffff000000003e00000001ffffffff00,142480389281,0,638000000,0,71240194609,12732624737,t,2026-09-25 07:19:30.670598+00,638
c1291060-a057-4634-99fa-549bfff7f275,9ac44ac0-c7f6-4b33-a402-c9e92e17392b,639000000,4,2,1000000,64,64,9,\x0003061e363330180a0d1b090c0f273f3c392113010407151220382a1c2e162432352331192b1d05171411292c2f3d25223a2810021a080b0e263e3b2d1f3734,\x000204204000020420800220001120000102102000090422400006141c10001468001004080280400044802430023840203020000228120880000288008800010810800008100108,1,\x000000100000001e00000001ffffffff000000001f00000001ffffffff000000002a00000001ffffffff000000002d00000001ffffffff000000003100000001ffffffff000000003300000001ffffffff000000003400000001ffffffff000000003500000001ffffffff000000003600000001ffffffff000000003700000001ffffffff000000003800000001ffffffff000000003a0000000200000003010000003b0000000100000008000000003c0000000100000008000000003d0000000100000008000000003e000000010000000800,142687144143,0,639000000,0,71343572040,12750350365,t,2026-09-25 07:21:09.806652+00,639
1fb4d749-fbf6-4e69-9778-8871f2889f6c,9ac44ac0-c7f6-4b33-a402-c9e92e17392b,640000000,4,2,1000000,64,64,9,\x0003061e363330180a0d1b090c0f273f3c392113010407151220081a1d2f2c3e2623353224162e2b283a3d25371f2d2a383b2911141705021022341c0e0b1931,\x000204204000020420800220001120000102102000090422400006141c1019d0c408160150f00880000810010812040400220008020c080280001220000808080408800208020202,1,\x000000120000002200000001ffffffff000000002300000001ffffffff000000002400000001ffffffff000000002500000001ffffffff000000002a00000001ffffffff000000003000000001ffffffff000000003100000001ffffffff000000003200000001ffffffff000000003300000001ffffffff000000003500000001ffffffff000000003600000001ffffffff000000003700000001ffffffff000000003800000001ffffffff000000003900000001ffffffff000000003b00000001ffffffff010000003c0000000100000008000000003d0000000100000008000000003e000000010000000800,142915387431,0,640000000,0,71457693684,12769747247,t,2026-09-25 07:22:53.865617+00,640
8f6c4b45-93e6-4cf1-8a9d-7bad24ec6a75,9ac44ac0-c7f6-4b33-a402-c9e92e17392b,641000000,4,2,1000000,64,64,9,\x0003061e363330180a0d1b090c0f273f3c3921130104071523351d050210281a080b0e1c1f2d3b382a12203224162e2b1931343725172f3d3a2214263e2c2911,\x0002042040000204208002200011200001021020000904224000061c0440012201018141240204601080018608808020100008100108200804080082120104108000124000040420,1,\x0000000f0000002800000001ffffffff000000002a00000001ffffffff000000002b00000001ffffffff000000002c00000001ffffffff000000002d00000001ffffffff000000002e00000001ffffffff000000003000000001ffffffff000000003100000001ffffffff000000003300000001ffffffff000000003700000001ffffffff000000003900000001ffffffff000000003b0000000200000004010000003c0000000100000008000000003d0000000100000008000000003e000000010000000800,143143201643,0,641000000,0,71571600790,12789220346,t,2026-09-25 07:24:36.887093+00,641
355ba3e7-fb8c-40eb-a9d7-62e92cf4d238,9ac44ac0-c7f6-4b33-a402-c9e92e17392b,642000000,4,2,1000000,64,64,9,\x0003061e363330180a0d1b090c0f273f3c3921130104071523263e3b2d1f37253d2f1d353220382a1224162e2b2810021a080b0e1c193134223a2c2911141705,\x0002042040000204208002200011200001021020000904224000061c561080000b1001180420c1210001140140400400220001821041054004088000028100200800820024400010,0,\x000000100000002300000001ffffffff000000002600000001ffffffff000000002800000001ffffffff000000002900000001ffffffff000000002a00000001ffffffff000000003000000001ffffffff000000003100000001ffffffff000000003300000001ffffffff000000003500000001ffffffff000000003600000001ffffffff000000003700000001ffffffff000000003900000001ffffffff000000003b00000001ffffffff000000003c00000001ffffffff000000003d00000001ffffffff000000003e00000001ffffffff00,143389768293,0,642000000,0,71694884115,12810637079,t,2026-09-25 07:26:25.18002+00,642
6e8cdffe-2475-47fd-81dd-1abe815ae222,9ac44ac0-c7f6-4b33-a402-c9e92e17392b,643000000,4,2,1000000,64,64,9,\x0003061e363330180a0d1b090c0f273f3c3921130104162e2b3d25373431191c0e0b23263e3b29111422100205172f1d3532241215071f2d2a3820081a283a2c,\x000204204000020420800220001120000102102000090422c00002100440110005029000812858084000020c20011290201440000118042000021100100104101000012240810040,1,\x0000000d0000002700000001ffffffff000000002d00000001ffffffff000000003000000001ffffffff000000003200000001ffffffff000000003500000001ffffffff000000003600000001ffffffff000000003700000001ffffffff000000003800000001ffffffff000000003900000001ffffffff000000003a00000001ffffffff000000003b00000001ffffffff000000003d0000000200000008010000003e000000010000000800,143647666481,0,643000000,0,71823833209,12833244675,t,2026-09-25 07:28:21.735119+00,643
c736d612-6c77-4073-bb57-503ecb848b91,9ac44ac0-c7f6-4b33-a402-c9e92e17392b,644000000,4,2,1000000,64,64,9,\x0003061e363330180a0d1b090c0f273f3c3921130104162e2b2810021a0820382a122432351d05172f3d3a2225371f07152d3b3e2c291114260e0b191c343123,\x000204204000020420800220001120000102102000090422c0000210240001540044010380800840100008100104104000124000142008082008000202900002b060601080000440,1,\x0000000c0000002200000001ffffffff000000002300000001ffffffff000000002600000001ffffffff000000002c00000001ffffffff000000002f00000001ffffffff000000003100000001ffffffff000000003500000001ffffffff000000003700000001ffffffff000000003b00000001ffffffff010000003c0000000100000008000000003d0000000100000008000000003e000000010000000800,143846062461,0,644000000,0,71923031199,12850900831,t,2026-09-25 07:29:51.435252+00,644
05eaa5fd-d142-48e2-9761-46a31e6258d3,9ac44ac0-c7f6-4b33-a402-c9e92e17392b,645000000,4,2,1000000,64,64,9,\x0003061e363330180a0d1b090c0f273f3c3921130104162e2b281a0820382a12243235230b0e263e3b2d15071f1c193134221002051d2f171411292c3a3d2537,\x000204204000020420800220001120000102102000090422c000021024080351c000202002100400c32e000102104001014480020402014280001480800024182010088020001001,1,\x0000000f0000002000000001ffffffff000000002100000001ffffffff000000002a00000001ffffffff000000002b00000001ffffffff000000002e00000001ffffffff000000002f00000001ffffffff000000003100000001ffffffff010000003200000001000000080000000035000000010000000800000000390000000100000008000000003a0000000100000008000000003b0000000100000008000000003c0000000100000008000000003d0000000100000008000000003e000000010000000800,144038203087,0,645000000,0,72019101512,12867841646,t,2026-09-25 07:31:20.723875+00,645
1620c360-c4af-41fe-8381-84d00a0ad5e9,9ac44ac0-c7f6-4b33-a402-c9e92e17392b,646000000,4,2,1000000,64,64,9,\x0003061e363330180a0d1b090c0f273f3c3921130104162e2b19312315071f1c2a2d3b3820122432351d05172537342210021411292c3e260e0b081a283a3d2f,\x000204204000020420800220001120000102102000090422c0000210641008240e10010e8c022080000490000401808011c040000410200809804020c00020402040108040400040,1,\x000000120000001d00000001ffffffff000000002100000001ffffffff000000002300000001ffffffff000000002500000001ffffffff000000002600000001ffffffff000000002800000001ffffffff000000002d00000001ffffffff000000003300000001ffffffff000000003400000001ffffffff00000000360000000200000008010000003700000001000000080000000038000000010000000800000000390000000100000008000000003a0000000100000008000000003b0000000100000008000000003c0000000100000008000000003d0000000100000008000000003e000000010000000800,144223804913,0,646000000,0,72111902425,12883912734,t,2026-09-25 07:32:43.855037+00,646
a8b775c6-afe4-497d-b5e5-a570162c9058,9ac44ac0-c7f6-4b33-a402-c9e92e17392b,647000000,4,2,1000000,64,64,9,\x0003061e363330180a0d1b090c0f273f3c3921130104162e2b1d050210281a0820382a1c0e263431190b233532241215071f2d3b3e2c291114172f3d3a222537,\x000204204000020420800220001120000102102000090422c00002106411918080802010050c000a0689028308400011100001108800800830401000040420010210400001480001,1,\x0000000f0000002800000001ffffffff000000002900000001ffffffff000000002b00000001ffffffff000000002c00000001ffffffff000000002d00000001ffffffff000000002e00000001ffffffff000000003000000001ffffffff00000000320000000200000008010000003400000001000000080000000036000000010000000800000000370000000100000008000000003a0000000100000008000000003c0000000100000008000000003d0000000100000008000000003e000000010000000800,144424721101,0,647000000,0,72212360519,12901126761,t,2026-09-25 07:34:14.994018+00,647
f7f29cdf-938e-419f-88c1-e8344777c4fd,9ac44ac0-c7f6-4b33-a402-c9e92e17392b,648000000,4,2,1000000,64,64,9,\x0003061e363330180a0d1b090c0f273f3c3921130104162e1c0e0b1931233532241215071f3734263e2c2f3d25171411293b2d2a3820081a0210223a282b1d05,\x000204204000020420800220001120000102102000090422c00002300051404020900008804004004480000440046044400007100c08040400828000081001411208200022002020,0,\x0000000f0000002000000001ffffffff000000002300000001ffffffff000000002f00000001ffffffff000000003000000001ffffffff000000003200000001ffffffff000000003300000001ffffffff000000003400000001ffffffff000000003500000001ffffffff000000003600000001ffffffff000000003900000001ffffffff000000003a00000001ffffffff000000003b00000001ffffffff000000003c00000001ffffffff000000003d00000001ffffffff000000003e00000001ffffffff00,144645861733,0,648000000,0,72322930835,12920486275,t,2026-09-25 07:36:02.141885+00,648
486e3285-89ce-4c7c-96a1-e3d44153f926,9ac44ac0-c7f6-4b33-a402-c9e92e17392b,649000000,4,2,1000000,64,64,9,\x0003061e363330180a0d1b090c0f273f3c3921130104162e1c1f07152d2a3820122432352311293b3e2c3a2210282b1d1a080b19313437253d2f17050214260e,\x000204204000020420800220001120000102102000090422c0000230020141400002822080042008008205010101c024080382400051124004484020400010040001010141800020,1,\x0000000e0000001a00000001ffffffff000000002000000001ffffffff000000002100000001ffffffff000000002700000001ffffffff000000003100000001ffffffff0000000033000000020000000801000000340000000100000008000000003600000001000000080000000038000000010000000800000000390000000100000008000000003b0000000100000008000000003c0000000100000008000000003d0000000100000008000000003e000000010000000800,144803171163,0,649000000,0,72401585550,12933675456,t,2026-09-25 07:37:10.923187+00,649
1fc605cc-f433-422d-b7cc-47054a7ed3b5,9ac44ac0-c7f6-4b33-a402-c9e92e17392b,650000000,4,2,1000000,64,64,9,\x0003061e363330180a0d1b090c0f273f3c3921130104162e1c3437253d3a2c3e3b29111422100205172f1d2b281a0820382a2d1f0715122432352331190b0e26,\x000204204000020420800220001120000102102000090422c00002303a0500430002b80150400009800004a100020880600001108802040005000404010401080280480004500002,1,\x000000100000002100000001ffffffff000000002400000001ffffffff000000002800000001ffffffff000000002900000001ffffffff000000002c00000001ffffffff000000003000000001ffffffff000000003300000001ffffffff000000003400000001ffffffff000000003600000001ffffffff000000003700000001ffffffff000000003800000001ffffffff000000003900000001ffffffff000000003b0000000200000008010000003c0000000100000008000000003d0000000100000008000000003e000000010000000800,145122462731,0,650000000,0,72561231334,12962479442,t,2026-09-25 07:39:37.072999+00,650
8eddc6f7-5105-4725-be5a-9721c991fcb5,9ac44ac0-c7f6-4b33-a402-c9e92e17392b,651000000,4,2,1000000,64,64,9,\x0003061e363330180a0d1b090c0f273f3c3921130104162432352331191c2a38201215071f2d3b3e2c291114260e0b081a2810020517253734223a3d2f1d2b2e,\x000204204000020420800220001120000102102000090422c00006080280410064d02304400005004400018200602000092000080408029208011440000301104010080008048200,1,\x000000100000001e00000001ffffffff01000000210000000100000008000000002300000001000000080000000025000000010000000800000000290000000100000008000000002a0000000100000008000000002d0000000100000008000000002f000000010000000800000000330000000100000008000000003700000001000000080000000038000000010000000800000000390000000100000008000000003a0000000100000008000000003c0000000100000008000000003d0000000100000008000000003e000000010000000800,145376549017,0,651000000,0,72688274477,12985688655,t,2026-09-25 07:41:41.813943+00,651
42e3d74f-7fb9-4f03-9715-1e1a5383ceba,9ac44ac0-c7f6-4b33-a402-c9e92e17392b,652000000,4,2,1000000,64,64,9,\x0003061e363330180a0d1b090c0f273f3c392113010416241215071f373431190b1d051725223a3d2f2c140210282b2e1c0e263e3b2d2a3820081a3235231129,\x000204204000020420800220001120000102102000090422c0000628020022400006042083261011c080028900802048818180408000200011200001140404408008201000040802,1,\x000000100000001a00000001ffffffff000000002800000001ffffffff000000002c00000001ffffffff000000002e00000001ffffffff000000002f00000001ffffffff000000003100000001ffffffff000000003300000001ffffffff00000000350000000200000008010000003600000001000000080000000037000000010000000800000000390000000100000008000000003a0000000100000008000000003b0000000100000008000000003c0000000100000008000000003d0000000100000008000000003e000000010000000800,145666278705,0,652000000,0,72833139321,13012405068,t,2026-09-25 07:43:58.759447+00,652
17e1a647-588f-4a6d-b1a6-dadc55e52cc1,9ac44ac0-c7f6-4b33-a402-c9e92e17392b,653000000,4,2,1000000,64,64,9,\x0003061e363330180a0d1b090c0f273f3c39211301041624122a3820081a32351d2f3d2517050210221411292c3e3b2d15071f3734260e0b2331191c2e2b283a,\x000204204000020420800220001120000102102000090422c00006280a2000226400810040842080230804040406084120104001044040001120000112140c041000092000020401,0,\x0000000b0000001e00000001ffffffff000000002500000001ffffffff000000002d00000001ffffffff000000003100000001ffffffff000000003300000001ffffffff000000003800000001ffffffff000000003900000001ffffffff000000003b00000001ffffffff000000003c00000001ffffffff000000003d00000001ffffffff000000003e00000001ffffffff00,145848189309,0,653000000,0,72924094623,13028352656,t,2026-09-25 07:45:24.527387+00,653
eb98b2ff-18b6-48da-9db6-3099e41c8a98,9ac44ac0-c7f6-4b33-a402-c9e92e17392b,654000000,4,2,1000000,64,64,9,\x0003061e363330180a0d1b090c0f273f3c392113010416241220080b0e262335321a0210283a3d2f17051d2b2e1c1931343725221411292c3e3b382a2d1f0715,\x000204204000020420800220001120000102102000090422c00006281a18091080000701108024494040400070704010401000040402010280800008028100022040001400181004,1,\x0000000f0000002000000001ffffffff000000002900000001ffffffff000000002a00000001ffffffff000000002c00000001ffffffff000000002e00000001ffffffff000000002f00000001ffffffff000000003200000001ffffffff000000003300000001ffffffff000000003500000001ffffffff000000003700000001ffffffff000000003800000001ffffffff000000003a00000001ffffffff000000003b00000001ffffffff000000003d0000000200000008010000003e000000010000000800,146135115799,0,654000000,0,73067557868,13054980521,t,2026-09-25 07:47:29.791469+00,654
2a1f166d-9a67-4784-ae06-355ffe14f30b,9ac44ac0-c7f6-4b33-a402-c9e92e17392b,655000000,4,2,1000000,64,64,9,\x0003061e363330180a0d1b090c0f273f3c39211301041224162e2b2810020517142c29112331190b0e26343725223a3d2f1d35321a0820382a1c1f07152d3b3e,\x000204204000020420800220001120000102102000090422c002018008409000045000011c3c6c002240011040010830080002028100804010800004040102810005008280008200,1,\x000000100000001800000001ffffffff000000002300000001ffffffff000000002a00000001ffffffff010000002d0000000100000008000000002e0000000100000008000000002f0000000100000008000000003000000001000000080000000032000000010000000800000000340000000100000008000000003500000001000000080000000036000000010000000800000000390000000100000008000000003b0000000100000008000000003c0000000100000008000000003d0000000100000008000000003e000000010000000800,146312827119,0,655000000,0,73156413528,13070472627,t,2026-09-25 07:48:44.546193+00,655
6b21d463-0f4d-49fd-ad55-3d6a66c21895,9ac44ac0-c7f6-4b33-a402-c9e92e17392b,656000000,4,2,1000000,64,64,9,\x0003061e363330180a0d1b090c0f273f3c39211301041224162e2b19312335321a283a3d25371f07152d3b3e26342210021411292c2f17051d0b0e1c2a382008,\x000204204000020420800220001120000102102000090422c00201800840904120900008601008090044001420080860080006010810800640201020001010044004408000011020,1,\x0000000f0000001800000001ffffffff000000002700000001ffffffff000000002800000001ffffffff000000002f00000001ffffffff000000003200000001ffffffff000000003300000001ffffffff000000003400000001ffffffff000000003600000001ffffffff000000003700000001ffffffff000000003800000001ffffffff000000003a0000000200000004010000003b0000000100000008000000003c0000000100000008000000003d0000000100000008000000003e000000010000000800,146463192457,0,656000000,0,73231596197,13083512219,t,2026-09-25 07:49:48.781653+00,656
71e68900-943f-4793-97f3-ed50bc3740e7,9ac44ac0-c7f6-4b33-a402-c9e92e17392b,657000000,4,2,1000000,64,64,9,\x0003061e363330180a0d1b090c0f273f3c39211301041224162e1c2a2d15071f3725223431230b192b3d3a281002051d35321a0820383b291114172f2c3e260e,\x000204204000020420800220001120000102102000090422c002018008c0409000082002046050120001d89d04020440000104500003042080014180408010400204200041001020,1,\x0000000f0000001800000001ffffffff000000001e00000001ffffffff000000001f00000001ffffffff00000000270000000200000008010000002c00000001000000080000000030000000010000000800000000330000000100000008000000003400000001000000080000000035000000010000000800000000380000000100000008000000003a0000000100000008000000003b0000000100000008000000003c0000000100000008000000003d0000000100000008000000003e000000010000000800,146646587581,0,657000000,0,73323293759,13099582525,t,2026-09-25 07:51:13.089751+00,657
290ba3c3-3bfb-43d8-8f36-e2c3fadffffa,9ac44ac0-c7f6-4b33-a402-c9e92e17392b,658000000,4,2,1000000,64,64,9,\x0003061e363330180a0d1b090c0f273f3c39211301041224162e1c1f07152d2a382023260e0b081a32351d05172f2c3e3b2911140210223431192b283a3d2537,\x000204204000020420800220001120000102102000090422c002018008c048040401010808820c790104020401040200012281000601104000090002818101118008802020001001,1,\x000000120000001800000001ffffffff000000001c00000001ffffffff000000001f00000001ffffffff000000002400000001ffffffff000000002600000001ffffffff000000002800000001ffffffff000000002900000001ffffffff000000002f00000001ffffffff000000003000000001ffffffff000000003100000001ffffffff000000003200000001ffffffff000000003400000001ffffffff0000000038000000020000000801000000390000000100000008000000003b0000000100000008000000003c0000000100000008000000003d0000000100000008000000003e000000010000000800,146794266559,0,658000000,0,73397133248,13112072947,t,2026-09-25 07:52:15.157436+00,658
4084dce4-6a62-4197-81bb-b5f2a457343f,9ac44ac0-c7f6-4b33-a402-c9e92e17392b,659000000,4,2,1000000,64,64,9,\x0003061e363330180a0d1b090c0f273f3c39211301041215071f37251705021a0820382a2d3b3e2c2f1d0b0e1c1931342210283a3d2b2e162432352326141129,\x000204204000020420800220001120000102102000090422c0820180081000410804040720081800140041001011509008c040028100a04010101000440020081004001100040402,1,\x0000000f0000001800000001ffffffff000000002400000001ffffffff000000002800000001ffffffff0100000031000000010000000800000000330000000100000008000000003400000001000000080000000035000000010000000800000000360000000100000008000000003700000001000000080000000038000000010000000800000000390000000100000008000000003a0000000100000008000000003c0000000100000008000000003d0000000100000008000000003e000000010000000800,147023609203,0,659000000,0,73511804570,13131586577,t,2026-09-25 07:53:56.499255+00,659
ffb981db-8c95-48bd-a82f-238f3072a4db,9ac44ac0-c7f6-4b33-a402-c9e92e17392b,660000000,4,2,1000000,64,64,9,\x0003061e363330180a0d1b090c0f273f3c39211301041215071f2d2a3820080b2331192b3d2f2c3a281a0210222537341c2e162432351d05171411293b3e260e,\x000204204000020420800220001120000102102000090422c082018008308080200890000f1c001930001a1c05208015412020800008400400418020001020022040202020001020,1,\x000000100000001800000001ffffffff000000002b00000001ffffffff000000002e00000001ffffffff0000000031000000020000000701000000320000000100000008000000003300000001000000080000000034000000010000000800000000350000000100000008000000003600000001000000080000000037000000010000000800000000380000000100000008000000003a0000000100000008000000003b0000000100000008000000003c0000000100000008000000003d0000000100000008000000003e000000010000000800,147234824789,0,660000000,0,73617412363,13150308846,t,2026-09-25 07:55:34.735294+00,660
c6e527b7-9f39-4d2f-bf44-2ce655d88d13,9ac44ac0-c7f6-4b33-a402-c9e92e17392b,661000000,4,2,1000000,64,64,9,\x0003061e363330180a0d1b090c0f273f3c39211301041215071f1c2e162432352320382a2d3b2911142c3e260e0b081a2810223a3d2f1d2b1931343725170502,\x000204204000020420800220001120000102102000090422c08201800870100004018200603010001400410820014e080002040204014984082210001c0804200804080002100808,1,\x000000130000001800000001ffffffff000000001c00000001ffffffff000000001d00000001ffffffff000000002300000001ffffffff000000002400000001ffffffff000000002700000001ffffffff000000002a00000001ffffffff000000002c00000001ffffffff000000002e00000001ffffffff000000003200000001ffffffff01000000330000000100000008000000003700000001000000080000000038000000010000000800000000390000000100000008000000003a0000000100000008000000003b0000000100000008000000003c0000000100000008000000003d0000000100000008000000003e000000010000000800,147410856233,0,661000000,0,73705428085,13165222513,t,2026-09-25 07:56:54.472181+00,661
1e84bed4-0bad-4b8c-9c49-265513ee67bc,9ac44ac0-c7f6-4b33-a402-c9e92e17392b,662000000,4,2,1000000,64,64,9,\x0003061e363330180a0d1b090c0f273f3c3921130104122a3820081a2810223437253d3a2c3e261411293b2d15071f1c0e0b193123353224162e2b1d2f170502,\x000204204000020420800220001120000102102000090422c0820308800019c00088a003014010800068001430310808000404100108802030200048000440800840002400080808,1,\x000000100000002300000001ffffffff000000002800000001ffffffff01000000290000000100000008000000002d0000000100000008000000002e000000010000000800000000300000000100000008000000003300000001000000080000000034000000010000000800000000360000000100000008000000003700000001000000080000000038000000010000000800000000390000000100000008000000003a0000000100000008000000003c0000000100000008000000003d0000000100000008000000003e000000010000000800,147689900493,0,662000000,0,73844950215,13189629105,t,2026-09-25 07:58:56.334374+00,662
23c9efb1-088b-439c-ab2b-0e513a1c273f,9ac44ac0-c7f6-4b33-a402-c9e92e17392b,663000000,4,2,1000000,64,64,9,\x0003061e363330180a0d1b090c0f273f3c3921130104122a2d15071f37253d2f2c3e263431191c0e0b23353224162e2b283a2210021a0820383b29111417051d,\x000204204000020420800220001120000102102000090422c08203098000224000040148500440410201480040102c088000081001089004000101e8400802040280001220000802,1,\x000000100000001a00000001ffffffff000000002700000001ffffffff000000002c00000001ffffffff000000002d00000001ffffffff000000002e00000001ffffffff000000003100000001ffffffff000000003300000001ffffffff00000000360000000200000008010000003700000001000000080000000038000000010000000800000000390000000100000008000000003a0000000100000008000000003b0000000100000008000000003c0000000100000008000000003d0000000100000008000000003e000000010000000800,148010671811,0,663000000,0,74005335874,13219764675,t,2026-09-25 08:01:27.473335+00,663
4216fc0d-d7a6-45f9-93f4-6dc5736ce88a,9ac44ac0-c7f6-4b33-a402-c9e92e17392b,664000000,4,2,1000000,64,64,9,\x0003061e363330180a0d1b090c0f273f3c3921130104122a2d1f07152331190b0e1c2e162432351d2b3d253734223a28100205172f2c291114263e3b3820081a,\x000204204000020420800220001120000102102000090422c08203098001418040019040011008008200410020080440130001140110400005104000820c20010410800001081001,0,\x000000120000001a00000001ffffffff000000001b00000001ffffffff000000002300000001ffffffff000000002400000001ffffffff000000002600000001ffffffff000000002b00000001ffffffff000000003000000001ffffffff000000003200000001ffffffff000000003400000001ffffffff000000003600000001ffffffff000000003700000001ffffffff000000003800000001ffffffff000000003900000001ffffffff000000003a00000001ffffffff000000003b00000001ffffffff000000003c00000001ffffffff000000003d00000001ffffffff000000003e00000001ffffffff00,148198486989,0,664000000,0,74099243463,13235918341,t,2026-09-25 08:02:58.059731+00,664
aa2f56ba-492d-4405-bb64-ff304daae19b,9ac44ac0-c7f6-4b33-a402-c9e92e17392b,665000000,4,2,1000000,64,64,9,\x0003061e363330180a0d1b090c0f273f3c39211301041220382a2d3b29112315071f37253d2f2c3e261417051d353224162e1c0e0b081a0210223a282b193134,\x000204204000020420800220001120000102102000090422c08207040005401202c8004080081000410012140140d0040041810004408008c0000401820020080418001100048100,1,\x0000000f0000001f00000001ffffffff000000002000000001ffffffff000000002700000001ffffffff000000002a00000001ffffffff000000002d00000001ffffffff000000002f00000001ffffffff000000003000000001ffffffff000000003300000001ffffffff000000003500000001ffffffff000000003700000001ffffffff000000003a0000000200000008010000003b0000000100000008000000003c0000000100000008000000003d0000000100000008000000003e000000010000000800,148526481035,0,665000000,0,74263240486,13265250870,t,2026-09-25 08:05:31.009004+00,665
a780a294-9f9d-481c-82d7-30cefe8c3fb6,9ac44ac0-c7f6-4b33-a402-c9e92e17392b,666000000,4,2,1000000,64,64,9,\x0003061e363330180a0d1b090c0f273f3c39211301041220081a28100205172f3d25373431192b1d0b23353224162e1c0e263e2c3a221411293b382a2d1f0715,\x000204204000020420800220001120000102102000090422c0820744063000022880000208a008800201888040240a08800008100110800810808100082008040440001400181004,1,\x0000000f0000002a00000001ffffffff000000002b00000001ffffffff000000002c00000001ffffffff000000002d00000001ffffffff000000002e00000001ffffffff000000003000000001ffffffff000000003400000001ffffffff000000003500000001ffffffff000000003600000001ffffffff000000003700000001ffffffff000000003800000001ffffffff000000003a00000001ffffffff000000003b00000001ffffffff000000003d0000000200000008010000003e000000010000000800,148832682915,0,666000000,0,74416341426,13291991462,t,2026-09-25 08:08:09.792616+00,666
1487ecb9-e160-4d48-a07f-4179d5b70914,9ac44ac0-c7f6-4b33-a402-c9e92e17392b,667000000,4,2,1000000,64,64,9,\x0003061e363330180a0d1b090c0f273f3c39211301041c2e162432352331342210283a2c2911140205172f3d25371f2d2a383b3e260e0b192b1d1a0820121507,\x000204204000020420800220001120000102102000090422c00301401020080006419050200808082401480011010410400044001024181004080004080404020041004100500040,1,\x000000110000001800000001ffffffff000000002500000001ffffffff000000002c00000001ffffffff000000002d00000001ffffffff000000002f00000001ffffffff01000000320000000100000008000000003300000001000000080000000034000000010000000800000000350000000100000008000000003700000001000000080000000038000000010000000800000000390000000100000008000000003a0000000100000008000000003b0000000100000008000000003c0000000100000008000000003d0000000100000008000000003e000000010000000800,149142831849,0,667000000,0,74571415893,13319225927,t,2026-09-25 08:10:20.505578+00,667
b56e8416-82ee-4068-894f-af86cb7540ff,9ac44ac0-c7f6-4b33-a402-c9e92e17392b,668000000,4,2,1000000,64,64,9,\x0003061e363330180a0d1b090c0f273f3c39211301041c0e263e3b292c2f3d3a282b2e16241215071f2d2a382023111417051d35321a02102225373431190b08,\x000204204000020420800220001120000102102000090422c00341040840801124000208208204008200450140041040400064088800015050200001081804020208800001082008,1,\x000000110000002200000001ffffffff000000002300000001ffffffff000000002700000001ffffffff000000002900000001ffffffff000000002a00000001ffffffff000000002b00000001ffffffff000000002e00000001ffffffff000000003300000001ffffffff000000003400000001ffffffff000000003600000002000000080100000037000000010000000800000000390000000100000008000000003a0000000100000008000000003b0000000100000008000000003c0000000100000008000000003d0000000100000008000000003e000000010000000800,149394585999,0,668000000,0,74697292968,13342013419,t,2026-09-25 08:12:11.228844+00,668
c19b8e58-0cad-4d53-b253-77f364acef54,9ac44ac0-c7f6-4b33-a402-c9e92e17392b,669000000,4,2,1000000,64,64,9,\x0003061e363330180a0d1b090c0f273f3c39211301041c0e0b19313437253d2b2e16241215071f2d2a3820081a32351d2f2c2911233b3e2614223a2810020517,\x000204204000020420800220001120000102102000090422c003411410100810000c011801802040510010010410100401228040002002a068102280400020201210000104500001,0,\x000000100000002000000001ffffffff000000002100000001ffffffff000000002500000001ffffffff000000002600000001ffffffff000000002800000001ffffffff000000002b00000001ffffffff000000002d00000001ffffffff000000003500000001ffffffff000000003600000001ffffffff000000003700000001ffffffff000000003900000001ffffffff000000003a00000001ffffffff000000003b00000001ffffffff000000003c00000001ffffffff000000003d00000001ffffffff000000003e00000001ffffffff00,149638242351,0,669000000,0,74819121144,13363337468,t,2026-09-25 08:14:02.990274+00,669
2eaf2755-d681-4d08-a6ab-b2c369d08355,9ac44ac0-c7f6-4b33-a402-c9e92e17392b,670000000,4,2,1000000,64,64,9,\x0003061e363330180a0d1b090c0f273f3c39211301041c1f07151220382a2d3b3e260e0b193123353224162e2b283a3d2f1d05021022343725171411292c1a08,\x000204204000020420800220001120000102102000090422c08341401050704000500004018000818081402001100001220041829000c04000918040808000200041804020000810,1,\x000000110000001800000001ffffffff000000001d00000001ffffffff000000001e00000001ffffffff000000002200000001ffffffff000000002400000001ffffffff01000000290000000100000008000000002a0000000100000008000000002b00000001000000080000000034000000010000000800000000360000000100000008000000003700000001000000080000000038000000010000000800000000390000000100000008000000003b0000000100000008000000003c0000000100000008000000003d0000000100000008000000003e000000010000000800,149960862125,0,670000000,0,74980431031,13392177243,t,2026-09-25 08:16:30.443618+00,670
42c9e246-c99f-4f6c-bb70-f5d71b2a2b7c,9ac44ac0-c7f6-4b33-a402-c9e92e17392b,671000000,4,2,1000000,64,64,9,\x0003061e363330180a0d1b090c0f273f3c39211301041c192b2e16243220383b3e2c29111402051d35233134260e0b081a2810223a3d2f1725371f0715122a2d,\x000204204000020420800220001120000102102000090422c0834d06020041802004814001c040001260440003044020080008080408021000114020002020080400018280028100,1,\x000000130000001900000001ffffffff000000001a00000001ffffffff000000002200000001ffffffff000000002800000001ffffffff000000002a00000001ffffffff000000002c00000001ffffffff000000002d00000001ffffffff000000002e00000001ffffffff000000002f00000001ffffffff000000003000000001ffffffff000000003200000001ffffffff000000003400000001ffffffff000000003600000001ffffffff000000003700000001ffffffff000000003800000001ffffffff000000003900000001ffffffff000000003b00000001ffffffff000000003d0000000200000008010000003e000000010000000800,150382218039,0,671000000,0,75191108988,13430722814,t,2026-09-25 08:19:26.74642+00,671
b6434bc1-44d9-49d5-85d1-a89bbaadd2f4,9ac44ac0-c7f6-4b33-a402-c9e92e17392b,672000000,4,2,1000000,64,64,9,\x0003061e363330180a0d1b090c0f273f3c3921130119313437253d3a2210021411292c2f17051d0b0e263e3b2335322412150704162e2b281a0820382a2d1f1c,\x0002042040000204208002200011200001021020000904a200810001401080000404a10111080408000404011e010810800045000460a00210a22080000408804010200028002008,1,\x0000000d0000002400000001ffffffff000000002500000001ffffffff000000002a00000001ffffffff000000002d00000001ffffffff000000003400000001ffffffff000000003600000001ffffffff000000003700000001ffffffff000000003800000001ffffffff000000003900000001ffffffff000000003a00000001ffffffff000000003b00000001ffffffff000000003d0000000200000007010000003e000000010000000800,150677607381,0,672000000,0,75338803659,13456981347,t,2026-09-25 08:21:29.606193+00,672
310511ff-a91e-4e68-8b88-54f7abb43dbc,9ac44ac0-c7f6-4b33-a402-c9e92e17392b,673000000,4,2,1000000,64,64,9,\x0003061e363330180a0d1b090c0f273f3c3921130119313437253d2f17050210223a282b2e1624321a080b1d352320120407152d2a383b3e2c291114260e1c1f,\x0002042040000204208002200011200001021020000904a2008100014010800504040404020880081000080204414204104000040442810220200009418000202000092000088200,1,\x0000000b0000002b00000001ffffffff000000002c00000001ffffffff000000003200000001ffffffff000000003400000001ffffffff0100000035000000010000000800000000390000000100000008000000003a0000000100000008000000003b0000000100000008000000003c0000000100000008000000003d0000000100000008000000003e000000010000000800,150836170337,0,673000000,0,75418085137,13471105711,t,2026-09-25 08:22:35.784055+00,673
497f967c-da56-4fbc-9ec8-5e44bad5952a,9ac44ac0-c7f6-4b33-a402-c9e92e17392b,674000000,4,2,1000000,64,64,9,\x0003061e363330180a0d1b090c0f273f3c3921130119313437252210283a3d2b2e162412040715230b082032351d1a0205171411293b382a2d1f1c0e263e2c2f,\x0002042040000204208002200011200001021020000904a2008100014050004140400010018020400128000306732210101000880420010450804060000440010041004480008800,1,\x0000000c0000002c00000001ffffffff000000003000000001ffffffff000000003200000001ffffffff01000000330000000100000008000000003600000001000000080000000038000000010000000800000000390000000100000008000000003a0000000100000008000000003b0000000100000008000000003c0000000100000008000000003d0000000100000008000000003e000000010000000800,150967143929,0,674000000,0,75483571933,13482530810,t,2026-09-25 08:23:30.10956+00,674
6f0c2b26-ac63-4fde-a29a-86de528695bd,9ac44ac0-c7f6-4b33-a402-c9e92e17392b,675000000,4,2,1000000,64,64,9,\x0003061e363330180a0d1b090c0f273f3c392113011931343725221002051d353224162e2b3d3a281a2c3e260e1c2a1204071f2d15230b0820383b291114172f,\x0002042040000204208002200011200001021020000904a200810001405000412880010210000122004100041080440c000206439224800210400004011008040804000124400002,0,\x0000000e0000002700000001ffffffff000000002a00000001ffffffff000000003000000001ffffffff000000003200000001ffffffff000000003400000001ffffffff000000003600000001ffffffff000000003700000001ffffffff000000003800000001ffffffff000000003900000001ffffffff000000003a00000001ffffffff000000003b00000001ffffffff000000003c00000001ffffffff000000003d00000001ffffffff000000003e00000001ffffffff00,151083655353,0,675000000,0,75541827645,13492557444,t,2026-09-25 08:24:18.878393+00,675
2ec8e3e9-6306-4d14-8d7f-1bf87e2c848a,9ac44ac0-c7f6-4b33-a402-c9e92e17392b,676000000,4,2,1000000,64,64,9,\x0003061e363330180a0d1b090c0f273f3c392113011931343725223a28100205172f1d1a0820382a12243235230b0e261411292c3e3b2d15071f1c04162e2b3d,\x0002042040000204208002200011200001021020000904a200810001405020110208a0000208e0e000a2800140410420080002480002242010082000022020800840002280000401,1,\x0000000f0000001d00000001ffffffff000000002200000001ffffffff010000002a0000000100000008000000002b0000000100000008000000002d0000000100000008000000003100000001000000080000000033000000010000000800000000340000000100000008000000003500000001000000080000000037000000010000000800000000390000000100000008000000003b0000000100000008000000003c0000000100000008000000003d0000000100000008000000003e000000010000000800,151208484535,0,676000000,0,75604242236,13503212203,t,2026-09-25 08:25:10.728327+00,676
309a4473-7717-4542-a07c-1b66910836c0,9ac44ac0-c7f6-4b33-a402-c9e92e17392b,677000000,4,2,1000000,64,64,9,\x0003061e363330180a0d1b090c0f273f3c39211301193134372517050210221411293b382a2d1f1c0e263e2c2f3d3a282b2e162412040715230b081a1d353220,\x0002042040000204208002200011200001021020000904a200810001405002010181004210080c88002800202882081000110001041001020041800250000408a448301080000410,1,\x0000000a0000002a00000001ffffffff000000002e00000001ffffffff000000003100000001ffffffff000000003500000001ffffffff000000003600000001ffffffff000000003700000001ffffffff000000003b00000001ffffffff010000003c0000000100000008000000003d0000000100000008000000003e000000010000000800,151351064719,0,677000000,0,75675532328,13515309832,t,2026-09-25 08:26:09.487124+00,677
1964bce5-a445-47d1-924b-1a807fcbd279,9ac44ac0-c7f6-4b33-a402-c9e92e17392b,678000000,4,2,1000000,64,64,9,\x0003061e363330180a0d1b090c0f273f3c39211301193134372517051d0b0e263e2c2f3d3a22140210282b2e162412041c1f07152335321a0820382a2d3b2911,\x0002042040000204208002200011200001021020000904a20081000140500241c1450002046004400001082818080804080004010a4005020041c040000420200810001400010820,1,\x0000000c0000002200000001ffffffff000000002800000001ffffffff000000002a00000001ffffffff000000003200000001ffffffff00000000350000000200000005010000003700000001000000080000000038000000010000000800000000390000000100000008000000003b0000000100000008000000003c0000000100000008000000003d0000000100000008000000003e000000010000000800,151483210619,0,678000000,0,75741605278,13526879796,t,2026-09-25 08:27:04.811763+00,678
a8175d0c-4892-440d-b707-0d936eb71b49,9ac44ac0-c7f6-4b33-a402-c9e92e17392b,679000000,4,2,1000000,64,64,9,\x0003061e363330180a0d1b090c0f273f3c39211301193134371f07152d2a383b3e260e1c041220080b23353224162e2b1d05021a283a2c291114172f3d252210,\x0002042040000204208002200011200001021020000904a200810001c000414000028200018000412044810220010808800008100108928048208040483008400204208000080410,1,\x0000000a0000002c00000001ffffffff000000002d00000001ffffffff000000002e00000001ffffffff000000003500000001ffffffff0100000037000000010000000800000000380000000100000008000000003b0000000100000008000000003c0000000100000008000000003d0000000100000008000000003e000000010000000800,151636461191,0,679000000,0,75818230564,13540271344,t,2026-09-25 08:28:08.365221+00,679
30b5ca07-bc67-4ec0-b94a-6828a129a466,9ac44ac0-c7f6-4b33-a402-c9e92e17392b,680000000,4,2,1000000,64,64,9,\x0003061e363330180a0d1b090c0f273f3c39211301193134371f07152335321a2c29111402051d0b0820382a2d3b3e260e1c041224162e2b2810223a3d25172f,\x0002042040000204208002200011200001021020000904a200810001c00041c0410004706b2400092022800111100810081400410020401008412000100108108008201000082002,1,\x0000000f0000002200000001ffffffff000000002800000001ffffffff000000002c00000001ffffffff000000002d00000001ffffffff000000002e00000001ffffffff000000002f00000001ffffffff000000003000000001ffffffff000000003300000001ffffffff000000003400000001ffffffff000000003500000001ffffffff000000003600000001ffffffff000000003900000001ffffffff000000003b00000001ffffffff000000003d0000000200000007010000003e000000010000000800,151795196701,0,680000000,0,75897598319,13554872652,t,2026-09-25 08:29:14.66459+00,680
2afa6201-2d0e-40d3-b64a-98c6ce0d548e,9ac44ac0-c7f6-4b33-a402-c9e92e17392b,681000000,4,2,1000000,64,64,9,\x0003061e363330180a0d1b090c0f273f3c39211301193134371f07041c2a1224162e2b281022253d3a2c3e260e0b1d2f1705021411293b2d152335321a082038,\x0002042040000204208002200011200001021020000904a200810001c000c1604051920180084090004440000210000d000204820401404040100081800048401008800004040102,1,\x0000000e0000002000000001ffffffff000000002100000001ffffffff000000002800000001ffffffff000000002c00000001ffffffff000000002f00000001ffffffff000000003100000001ffffffff000000003300000001ffffffff000000003500000001ffffffff0000000037000000020000000801000000380000000100000008000000003a0000000100000008000000003c0000000100000008000000003d0000000100000008000000003e000000010000000800,151963721955,0,681000000,0,75981860946,13570317142,t,2026-09-25 08:30:25.400007+00,681
2a0c2aab-f716-4f25-a324-9eb1cbdb36ab,9ac44ac0-c7f6-4b33-a402-c9e92e17392b,682000000,4,2,1000000,64,64,9,\x0003061e363330180a0d1b090c0f273f3c39211301193134371f2d150704162e2b283a3d2f1d05172522100214263e2c1a0820383b2911230b0e1c2a12243235,\x0002042040000204208002200011200001021020000904a200810001c02081020882000230240809000c0e1101082080002440020110304014301000041001420220400044008200,1,\x0000000c0000001c00000001ffffffff000000002800000001ffffffff000000002a00000001ffffffff000000003500000001ffffffff000000003600000001ffffffff0000000038000000020000000801000000390000000100000008000000003a0000000100000008000000003b0000000100000008000000003c0000000100000008000000003d0000000100000008000000003e000000010000000800,152170177879,0,682000000,0,76085088908,13589580941,t,2026-09-25 08:31:51.564778+00,682
bda7e7f2-61ce-499b-8af9-64a3fb411490,9ac44ac0-c7f6-4b33-a402-c9e92e17392b,683000000,4,2,1000000,64,64,9,\x0003061e363330180a0d1b090c0f273f3c39211301193134371f2d3b23353224160407151220382a1c2e2b1d05021a080b0e263e2c291114172f3d25223a2810,\x0002042040000204208002200011200001021020000904a200810001c020c11247000440804804400081010140800440900446020310010210200002029000010820000281000820,1,\x0000000f0000002200000001ffffffff000000002300000001ffffffff000000002600000001ffffffff000000002700000001ffffffff000000002900000001ffffffff000000002f00000001ffffffff000000003000000001ffffffff000000003100000001ffffffff000000003300000001ffffffff000000003500000001ffffffff000000003600000001ffffffff000000003900000001ffffffff000000003b00000001ffffffff000000003d0000000200000005010000003e000000010000000800,152336277707,0,683000000,0,76168138822,13604634835,t,2026-09-25 08:33:00.828671+00,683
45ae943f-6644-4d7e-98c1-58457393aaea,9ac44ac0-c7f6-4b33-a402-c9e92e17392b,684000000,4,2,1000000,64,64,9,\x0003061e363330180a0d1b090c0f273f3c392113011931342210283a3d25371f2d2a1c04162e2b1d2f2c2911141705021a0820383b3e260e0b23353224121507,\x0002042040000204208002200011200001021020000904a20081002140101010008c002048202012368000044002a048001220000808044014201020001020100808800008440040,1,\x000000100000001e00000001ffffffff000000002400000001ffffffff0100000025000000010000000800000000260000000100000008000000002d0000000100000008000000002e0000000100000008000000002f000000010000000800000000330000000100000008000000003500000001000000080000000037000000010000000800000000380000000100000008000000003a0000000100000008000000003b0000000100000008000000003c0000000100000008000000003d0000000100000008000000003e000000010000000800,152526002355,0,684000000,0,76263001146,13621580380,t,2026-09-25 08:34:19.676083+00,684
d05c36a8-2abc-4ccf-bb5a-a6697da86217,9ac44ac0-c7f6-4b33-a402-c9e92e17392b,685000000,4,2,1000000,64,64,9,\x0003061e363330180a0d1b090c0f273f3c3921130119313422100205172f2c3e3b291114260e1c2e1604071f37253d3a281a322412152d2a3820080b23351d2b,\x0002042040000204208002200011200001021020000904a20081002140100a2080010e01504000092000080601405004204000040108200295000422000108088000094040001004,1,\x0000000e0000002100000001ffffffff000000002300000001ffffffff000000002c00000001ffffffff000000002d00000001ffffffff000000002f00000001ffffffff000000003100000001ffffffff01000000330000000100000008000000003600000001000000080000000037000000010000000800000000380000000100000008000000003a0000000100000008000000003c0000000100000008000000003d0000000100000008000000003e000000010000000800,152717223481,0,685000000,0,76358611709,13638366359,t,2026-09-25 08:35:38.87173+00,685
417945de-d18b-46c7-bde7-3699856c2592,9ac44ac0-c7f6-4b33-a402-c9e92e17392b,686000000,4,2,1000000,64,64,9,\x0003061e363330180a0d1b090c0f273f3c392113011931342225371f07041c2e1624122a3820081a323523152d3b3e261411292c3a3d2f17050210282b1d0b0e,\x0002042040000204208002200011200001021020000904a20081002142080002048301014010a0289000889001040280014400410020602010088020002820202020201000108800,0,\x0000000f0000001a00000001ffffffff000000002000000001ffffffff000000002800000001ffffffff000000002b00000001ffffffff000000002c00000001ffffffff000000003000000001ffffffff000000003100000001ffffffff000000003200000001ffffffff000000003700000001ffffffff000000003900000001ffffffff000000003a00000001ffffffff000000003b00000001ffffffff000000003c00000001ffffffff000000003d00000001ffffffff000000003e00000001ffffffff00,152914949495,0,686000000,0,76457474716,13655509958,t,2026-09-25 08:37:00.681787+00,686
a18c55d2-77af-4b6d-b90d-9c294cd42662,9ac44ac0-c7f6-4b33-a402-c9e92e17392b,687000000,4,2,1000000,64,64,9,\x0003061e363330180a0d1b090c0f273f3c39211301193134223a3d2f2c1411293b3e2623152d2a38201204071f37251705021a080b0e1c2e162432351d2b2810,\x0002042040000204208002200011200001021020000904a2008100214a040007454a040202020081228c0004044080090a4080000840202030001120000201401020080004010420,1,\x000000120000001f00000001ffffffff000000002100000001ffffffff000000002700000001ffffffff000000002b00000001ffffffff000000002d00000001ffffffff000000002e00000001ffffffff000000002f00000001ffffffff000000003200000001ffffffff0100000033000000010000000800000000350000000100000008000000003600000001000000080000000038000000010000000800000000390000000100000008000000003a0000000100000008000000003b0000000100000008000000003c0000000100000008000000003d0000000100000008000000003e000000010000000800,153127305767,0,687000000,0,76563652852,13674316635,t,2026-09-25 08:38:28.442007+00,687
afd492f4-7960-4b36-b762-518bc994113b,9ac44ac0-c7f6-4b33-a402-c9e92e17392b,688000000,4,2,1000000,64,64,9,\x0003061e363330180a0d1b090c0f273f3c39211301193134221411292c3a3d25371f2d3b3e260e0b1d2f17050210282b2e16241220081a3235231507041c2a38,\x0002042040000204208002200011200001021020000904a2008100214a4120104041002002802041100008100c16040001010101810001c02040d188880002014000020481000204,1,\x000000110000002000000001ffffffff000000002400000001ffffffff000000002900000001ffffffff000000002a00000001ffffffff000000002b00000001ffffffff000000002d00000001ffffffff000000002f00000001ffffffff0000000035000000020000000801000000360000000100000008000000003700000001000000080000000038000000010000000800000000390000000100000008000000003a0000000100000008000000003b0000000100000008000000003c0000000100000008000000003d0000000100000008000000003e000000010000000800,153322278225,0,688000000,0,76661139081,13690737000,t,2026-09-25 08:39:48.213341+00,688
fdcacbbc-d983-4765-9678-6152642633be,9ac44ac0-c7f6-4b33-a402-c9e92e17392b,689000000,4,2,1000000,64,64,9,\x0003061e363330180a0d1b090c0f273f3c39211301193134263e3b3820081a32351d0b0e1c2e2b283a3d2f1725371f07041624122a2d152311292c1422100205,\x0002042040000204208002200011200001021020000904a2008100a1084080000cc8000201c08008804000040842020082824200102410042000412000100420080400820004a000,1,\x0000000e0000002300000001ffffffff000000002c00000001ffffffff010000002d000000010000000800000000310000000100000008000000003200000001000000080000000034000000010000000800000000350000000100000008000000003600000001000000080000000037000000010000000800000000390000000100000008000000003a0000000100000008000000003c0000000100000008000000003d0000000100000008000000003e000000010000000800,153532887905,0,689000000,0,76766443921,13708696179,t,2026-09-25 08:41:18.322805+00,689
a8543bea-fa74-475d-bb82-79c27f2be009,9ac44ac0-c7f6-4b33-a402-c9e92e17392b,690000000,4,2,1000000,64,64,9,\x0003061e363330180a0d1b090c0f273f3c39211301193134263e3b233532241204162e2b3d2f17051d1a283a2c29111402102225371f07152d2a1c0e0b082038,\x0002042040000204208002200011200001021020000904a2008100a108408027000220508d04108020001a1814046020100008029000201008082000081004042020020401020102,1,\x000000100000002100000001ffffffff000000002d00000001ffffffff000000002e00000001ffffffff000000003000000001ffffffff000000003100000001ffffffff000000003200000001ffffffff000000003300000001ffffffff000000003400000001ffffffff000000003600000001ffffffff000000003700000001ffffffff000000003800000001ffffffff000000003a0000000200000008010000003b0000000100000008000000003c0000000100000008000000003d0000000100000008000000003e000000010000000800,153665253061,0,690000000,0,76832626499,13719351766,t,2026-09-25 08:42:12.998216+00,690
070cb653-5fc1-4d64-a9e3-29adbd38f79d,9ac44ac0-c7f6-4b33-a402-c9e92e17392b,691000000,4,2,1000000,64,64,9,\x0003061e363330180a0d1b090c0f273f3c39211301193134263e2c3a3d2b2e16241204071523351d2f1705021411293b3820080b0e1c2a2d1f37252210281a32,\x0002042040000204208002200011200001021020000904a2008100a108c0c810005400200850000a8080810028028080802000020101108008091000018200800880800082002002,1,\x000000100000002800000001ffffffff000000002a00000001ffffffff000000002d00000001ffffffff000000002e00000001ffffffff000000003200000001ffffffff010000003300000001000000080000000034000000010000000800000000360000000100000008000000003700000001000000080000000038000000010000000800000000390000000100000008000000003a0000000100000008000000003b0000000100000008000000003c0000000100000008000000003d0000000100000008000000003e000000010000000800,153793082299,0,691000000,0,76896541118,13729486714,t,2026-09-25 08:43:07.295661+00,691
becb5803-eb84-4f04-a2f6-3604e64adbf8,9ac44ac0-c7f6-4b33-a402-c9e92e17392b,692000000,4,2,1000000,64,64,9,\x0003061e363330180a0d1b090c0f273f3c39211301193134260e0b1d050210282b2e162412152d2a1c04071f37252214172f3d3a2c3e3b3820081a3235231129,\x0002042040000204208002200011200001021020000904a2008100a18840904044020203010200418022102108888004204000040542010820800048000408408008201000040802,1,\x0000000f0000002900000001ffffffff000000002a00000001ffffffff000000002b00000001ffffffff000000002c00000001ffffffff000000003000000001ffffffff000000003200000001ffffffff000000003300000001ffffffff000000003500000001ffffffff0000000037000000020000000501000000390000000100000008000000003a0000000100000008000000003b0000000100000008000000003c0000000100000008000000003d0000000100000008000000003e000000010000000800,153972802335,0,692000000,0,76986401136,13745031625,t,2026-09-25 08:44:28.257893+00,692
2d4d70b2-6257-4b68-a276-42c2c9d3c08c,9ac44ac0-c7f6-4b33-a402-c9e92e17392b,693000000,4,2,1000000,64,64,9,\x0003061e363330180a0d1b090c0f273f3c39211301193134261402051d352311292c3e3b3820080b0e1c2a1224321a2810223a3d2f1725371f2d150704162e2b,\x0002042040000204208002200011200001021020000904a2008100a1c8e4086080000c1004060880000188900001102808320001100440041008000a080201401000010441000108,1,\x000000120000001f00000001ffffffff000000002200000001ffffffff000000002700000001ffffffff000000002800000001ffffffff000000002d00000001ffffffff000000002e00000001ffffffff000000003000000001ffffffff000000003200000001ffffffff0000000034000000020000000801000000350000000100000008000000003600000001000000080000000037000000010000000800000000390000000100000008000000003a0000000100000008000000003b0000000100000008000000003c0000000100000008000000003d0000000100000008000000003e000000010000000800,154188779485,0,693000000,0,77094389711,13763954196,t,2026-09-25 08:46:05.114141+00,693
279fb04d-eac5-4d50-934e-e305851bff7c,9ac44ac0-c7f6-4b33-a402-c9e92e17392b,694000000,4,2,1000000,64,64,9,\x0003061e363330180a0d1b090c0f273f3c392113011931341c2e2b3d3a28102225371f0704162412152d2a383b292c3e260e0b082032352311140205172f1d1a,\x0002042040000204208002200011200001021020000904a2008100e10440110001041001010400010241000214010840401020441001408040804060400010200284282080000808,1,\x0000000b0000002100000001ffffffff000000002500000001ffffffff000000002a00000001ffffffff000000002f00000001ffffffff000000003100000001ffffffff000000003700000001ffffffff000000003800000001ffffffff000000003b00000001ffffffff010000003c0000000100000008000000003d0000000100000008000000003e000000010000000800,154364188855,0,694000000,0,77182094396,13778449384,t,2026-09-25 08:47:19.903689+00,694
b2748662-b16c-4a49-b5c5-08bb7cae8a5b,9ac44ac0-c7f6-4b33-a402-c9e92e17392b,695000000,4,2,1000000,64,64,9,\x0003061e363330180a0d1b090c0f273f3c392113011931341c0e263e3b2911141725221002051d0b081a283a2c2f3d2b2e16040715233532241220382a2d1f37,\x0002042040000204208002200011200001021020000904a2008100e104112000010690000158480001280001131004281800280002100180a008c080810008804020200028002002,1,\x0000000e0000002200000001ffffffff01000000250000000100000008000000002c0000000100000008000000002d0000000100000008000000002e0000000100000008000000002f0000000100000008000000003000000001000000080000000036000000010000000800000000380000000100000008000000003a0000000100000008000000003b0000000100000008000000003c0000000100000008000000003d0000000100000008000000003e000000010000000800,154499124489,0,695000000,0,77249562213,13789415296,t,2026-09-25 08:48:14.925058+00,695
45b447a2-83b2-41c6-b7c3-59582e87f4c5,9ac44ac0-c7f6-4b33-a402-c9e92e17392b,696000000,4,2,1000000,64,64,9,\x0003061e363330180a0d1b090c0f273f3c392113011931341c0e0b1d352320081a322412152d2a383b3e261411292c2f17050210283a22253d2b2e1604071f37,\x0002042040000204208002200011200001021020000904a2008100e10451904000462d20020800021580100404010200010181408000404040406060009000064004000222000102,1,\x000000110000001f00000001ffffffff000000002100000001ffffffff000000002600000001ffffffff000000002700000001ffffffff000000002a00000001ffffffff000000002c00000001ffffffff000000002d00000001ffffffff000000003100000001ffffffff000000003200000001ffffffff000000003600000001ffffffff0000000038000000020000000801000000390000000100000008000000003a0000000100000008000000003b0000000100000008000000003c0000000100000008000000003d0000000100000008000000003e000000010000000800,154670473703,0,696000000,0,77335236820,13803942363,t,2026-09-25 08:49:39.316181+00,696
04fd569b-4e30-4fe9-82e4-76530b8fe5ff,9ac44ac0-c7f6-4b33-a402-c9e92e17392b,697000000,4,2,1000000,64,64,9,\x0003061e363330180a0d1b090c0f273f3c392113011931341c2a3820321a080b0e263e3b292c14172f3d3a282b2e1624120407152d1f3725221002051d352311,\x0002042040000204208002200011200001021020000904a2008100e116210822241888000108108000224892180410400011200010042000056040001001101040000a4080000810,1,\x000000110000001e00000001ffffffff000000002000000001ffffffff000000002700000001ffffffff010000002d0000000100000008000000002f000000010000000800000000310000000100000008000000003400000001000000080000000035000000010000000800000000360000000100000008000000003700000001000000080000000038000000010000000800000000390000000100000008000000003a0000000100000008000000003b0000000100000008000000003c0000000100000008000000003d0000000100000008000000003e000000010000000800,154821959819,0,697000000,0,77410979878,13816116939,t,2026-09-25 08:50:48.079704+00,697
4b8d445a-8d0f-41ce-a9ec-0ae30835df57,9ac44ac0-c7f6-4b33-a402-c9e92e17392b,698000000,4,2,1000000,64,64,9,\x0003061e363330180a0d1b090c0f273f3c392113011931341c040715122a2d1f37253d3a282b2e1624321a080b0e263e2c293b382023351d2f17050210221411,\x0002042040000204208002200011200001021020000904a2008100e196056040c1400040044010800026400020081084015120000102302208800024800020028080808040002008,1,\x0000000e0000001f00000001ffffffff000000002000000001ffffffff000000002600000001ffffffff000000002700000001ffffffff000000002800000001ffffffff000000002d00000001ffffffff000000003300000001ffffffff000000003400000001ffffffff0000000036000000020000000501000000380000000100000008000000003a0000000100000008000000003c0000000100000008000000003d0000000100000008000000003e000000010000000800,154982554005,0,698000000,0,77491276971,13829306820,t,2026-09-25 08:51:59.822864+00,698
71be7b64-9c87-4399-94d3-ab6940868ebc,9ac44ac0-c7f6-4b33-a402-c9e92e17392b,699000000,4,2,1000000,64,64,9,\x0003061e363330180a0d1b090c0f273f3c39211301193123353224162e2b2810021a0820383b3e2634371f070412152d2a1c0e0b1d2f3d3a2c29111422251705,\x0002042040000204208002200011200001021020000904a2008140022000024400820420800a80284020400020480280418281410002100001822040080208c02000098020002010,1,\x0000000c0000002e00000001ffffffff000000002f00000001ffffffff000000003000000001ffffffff000000003100000001ffffffff000000003200000001ffffffff000000003300000001ffffffff000000003500000001ffffffff01000000390000000100000008000000003a0000000100000008000000003c0000000100000008000000003d0000000100000008000000003e000000010000000800,155130531037,0,699000000,0,77565265487,13841298253,t,2026-09-25 08:53:04.234199+00,699
f87c90ec-8589-4960-835a-97ee67f7a1e2,9ac44ac0-c7f6-4b33-a402-c9e92e17392b,700000000,4,2,1000000,64,64,9,\x0003061e363330180a0d1b090c0f273f3c3921130119312335322412152d1f3725172f3d3a281022341c2a3820080b0e261411293b3e2c1a02051d2b2e160407,\x0002042040000204208002200011200001021020000904a2008140022000021580102622300891400001441001028021400004488000044840202020000810400210401000088800,1,\x0000000f0000001f00000001ffffffff010000002a0000000100000008000000002c0000000100000008000000002f0000000100000008000000003200000001000000080000000034000000010000000800000000350000000100000008000000003600000001000000080000000038000000010000000800000000390000000100000008000000003a0000000100000008000000003b0000000100000008000000003c0000000100000008000000003d0000000100000008000000003e000000010000000800,155260263779,0,700000000,0,77630131858,13852385872,t,2026-09-25 08:54:06.083008+00,700
83654c6d-4663-4209-bd19-b37d0b81d046,9ac44ac0-c7f6-4b33-a402-c9e92e17392b,701000000,4,2,1000000,64,64,9,\x0003061e363330180a0d1b090c0f273f3c3921130119312335321a0820382a1c2e2b3d25172f2c291114263e3b2d1512241604071f3734223a281002051d0b0e,\x0002042040000204208002200011200001021020000904a200814002208003518040a06002a048802288000c0d400288200001101008020081084080000410044000011480008800,1,\x000000110000002800000001ffffffff000000002b0000000200000006010000002c0000000100000008000000003000000001000000080000000031000000010000000800000000320000000100000008000000003300000001000000080000000034000000010000000800000000350000000100000008000000003600000001000000080000000038000000010000000800000000390000000100000008000000003a0000000100000008000000003b0000000100000008000000003c0000000100000008000000003d0000000100000008000000003e000000010000000800,155416338359,0,701000000,0,77708169148,13865645451,t,2026-09-25 08:55:16.786116+00,701
73202c9b-ee81-4c24-90cc-caead3da8e52,9ac44ac0-c7f6-4b33-a402-c9e92e17392b,702000000,4,2,1000000,64,64,9,\x0003061e363330180a0d1b090c0f273f3c39211301193123351d2f3d2b2e1624321a2810223a2c3e3b291114020517253734260e1c1f2d150704122a3820080b,\x0002042040000204208002200011200001021020000904a200814002a08841002200100408c020102288002001104000090022800004022000028221000228802020208000089000,0,\x0000000f0000002500000001ffffffff000000002900000001ffffffff000000002a00000001ffffffff000000002c00000001ffffffff000000002d00000001ffffffff000000002e00000001ffffffff000000002f00000001ffffffff000000003200000001ffffffff000000003400000001ffffffff000000003800000001ffffffff000000003900000001ffffffff000000003b00000001ffffffff000000003c00000001ffffffff000000003d00000001ffffffff000000003e00000001ffffffff00,155591881911,0,702000000,0,77795940924,13880611445,t,2026-09-25 08:56:41.244627+00,702
1f7ad8cd-5a24-4dbf-abcf-18f51d82fe0a,9ac44ac0-c7f6-4b33-a402-c9e92e17392b,703000000,4,2,1000000,64,64,9,\x0003061e363330180a0d1b090c0f273f3c3921130119312311293b3e2614020517252210283a2c1a32351d2f3d2b2e1624120407152d1f37341c2a3820080b0e,\x0002042040000204208002200011200001021020000904a20081402208080800044d890002185800414040a0102402001180004400200840240a8080002402108020400004488000,1,\x0000000e0000002300000001ffffffff000000002900000001ffffffff000000002b00000001ffffffff000000002c00000001ffffffff000000002d00000001ffffffff000000003000000001ffffffff000000003400000001ffffffff000000003700000001ffffffff000000003800000001ffffffff000000003a0000000200000007010000003b0000000100000008000000003c0000000100000008000000003d0000000100000008000000003e000000010000000800,155751680765,0,703000000,0,77875840351,13894179526,t,2026-09-25 08:57:54.719833+00,703
03357345-a675-4b6a-91e7-72b34868910c,9ac44ac0-c7f6-4b33-a402-c9e92e17392b,704000000,4,2,1000000,64,64,9,\x0003061e363330180a0d1b090c0f273f3c392113011931230b0e1c2a383b2911142234263e2c3a3d2f1725371f2d1507041220081a1d353224162e2b28100205,\x0002042040000204208002200011200001021020000904a2008140620230788020400820015e08004400048200c080201000040110401014280022a009010880001180000108a000,1,\x000000110000001f00000001ffffffff000000002300000001ffffffff000000002400000001ffffffff000000002a00000001ffffffff000000002b00000001ffffffff000000002d00000001ffffffff000000002f00000001ffffffff000000003300000001ffffffff00000000360000000200000006010000003700000001000000080000000038000000010000000800000000390000000100000008000000003a0000000100000008000000003b0000000100000008000000003c0000000100000008000000003d0000000100000008000000003e000000010000000800,156104545813,0,704000000,0,78052272875,13927016225,t,2026-09-25 09:00:33.049349+00,704
28786a16-cdb7-4ae9-b9df-021af64a136e,9ac44ac0-c7f6-4b33-a402-c9e92e17392b,705000000,4,2,1000000,64,64,9,\x0003061e363330180a0d1b090c0f273f3c39211301193123152d3b3e2c29111426343725223a28100205172f3d2b2e1604071f1c0e0b081a1d353220382a1224,\x0002042040000204208002200011200001021020000904a2008140e20821080006029000029004000381400820800208208000440020280210800008820401010840004500101001,1,\x0000000e0000001d00000001ffffffff000000001e00000001ffffffff000000002700000001ffffffff000000002a00000001ffffffff000000002c00000001ffffffff000000003100000001ffffffff000000003200000001ffffffff000000003400000001ffffffff000000003800000001ffffffff000000003900000001ffffffff000000003b00000001ffffffff010000003c0000000100000008000000003d0000000100000008000000003e000000010000000800,156359006105,0,705000000,0,78179503021,13949632802,t,2026-09-25 09:02:39.349635+00,705
920f2925-f0c2-4420-955f-d906e5dc0d04,9ac44ac0-c7f6-4b33-a402-c9e92e17392b,706000000,4,2,1000000,64,64,9,\x0003061e363330180a0d1b090c0f273f3c392113011931233b3e263437252210283a2c291114172f3d2b2e162432351d0b0e1c04071f2d15122a3820081a0205,\x0002042040000204208002200011200001021020000904a2008140e70200411200040510040404820024400002084004008200410020700220081280000220100820000244009000,0,\x0000000e0000002300000001ffffffff000000002400000001ffffffff000000002800000001ffffffff000000002e00000001ffffffff000000003000000001ffffffff000000003100000001ffffffff000000003500000001ffffffff000000003700000001ffffffff000000003900000001ffffffff000000003a00000001ffffffff000000003b00000001ffffffff000000003c00000001ffffffff000000003d00000001ffffffff000000003e00000001ffffffff00,156658695275,0,706000000,0,78329347606,13976256918,t,2026-09-25 09:05:01.560012+00,706
a6da7f67-522c-4c35-8d5b-8dc86632bda9,9ac44ac0-c7f6-4b33-a402-c9e92e17392b,707000000,4,2,1000000,64,64,9,\x0003061e363330180a0d1b090c0f273f3c3921130119312320081a282b2e1604071f2d15122432351d0b0e1c2a383b3e26343725171411292c2f3d3a22100205,\x0002042040000204208002200011200001021020000904a2008140f7880c60102400101401183000024100820040400440800041800040100400418906040201022080000404a000,1,\x000000110000002300000001ffffffff000000002500000001ffffffff000000002600000001ffffffff000000002700000001ffffffff000000002900000001ffffffff000000002c00000001ffffffff000000002d00000001ffffffff000000003200000001ffffffff000000003500000001ffffffff010000003600000001000000080000000037000000010000000800000000390000000100000008000000003a0000000100000008000000003b0000000100000008000000003c0000000100000008000000003d0000000100000008000000003e000000010000000800,156897607215,0,707000000,0,78448803576,13997246421,t,2026-09-25 09:06:49.880146+00,707
effae055-3a0c-413c-b072-a9dada5ee257,9ac44ac0-c7f6-4b33-a402-c9e92e17392b,708000000,4,2,1000000,64,64,9,\x0003061e363330180a0d1b090c0f273f3c39211301192b2e16243235233134371f2d2a1c0e263e2c3a281a080b1d2f3d2517050210221411293b382012040715,\x0002042040000204208002200011200001021020000904a280810040102008000641800060906041048c000118194200031140800004402081808040002008040440000228500004,1,\x0000000e0000001d00000001ffffffff000000002c00000001ffffffff000000002f00000001ffffffff000000003200000001ffffffff000000003400000001ffffffff000000003500000001ffffffff000000003600000001ffffffff000000003700000001ffffffff000000003800000001ffffffff000000003900000001ffffffff000000003a00000001ffffffff000000003b00000001ffffffff000000003d0000000200000008010000003e000000010000000800,157060464247,0,708000000,0,78530232092,14011162512,t,2026-09-25 09:08:06.419823+00,708
158b7430-f9a8-412d-9e42-d536297357c2,9ac44ac0-c7f6-4b33-a402-c9e92e17392b,709000000,4,2,1000000,64,64,9,\x0003061e363330180a0d1b090c0f273f3c39211301192b2e162412152d2a3820080b0e263e2c2911141705021a32351d2f3d3a28102225371f07041c3431233b,\x0002042040000204208002200011200001021020000904a28081004010a008440802822042020460400006042101029080c080400020021040000144400001508040204000022002,1,\x0000000d0000002700000001ffffffff010000002d0000000100000008000000002f00000001000000080000000030000000010000000800000000330000000100000008000000003400000001000000080000000036000000010000000800000000390000000100000008000000003a0000000100000008000000003b0000000100000008000000003c0000000100000008000000003d0000000100000008000000003e000000010000000800,157221986943,0,709000000,0,78610993440,14024917126,t,2026-09-25 09:09:36.44707+00,709
bba0305f-f79a-4dd7-8d40-94b100bd8b76,9ac44ac0-c7f6-4b33-a402-c9e92e17392b,710000000,4,2,1000000,64,64,9,\x0003061e363330180a0d1b090c0f273f3c39211301192b2e16040715233134263e2c1a1d353224122a2d3b291114223a28100205172f3d25371f1c0e0b082038,\x0002042040000204208002200011200001021020000904a280810040500460c0014180600460e46943000220100c0220800124400a022080000a2080000220028040000401020102,1,\x000000130000001d00000001ffffffff000000002400000001ffffffff000000002600000001ffffffff000000002b0000000200000008010000002c0000000100000008000000003000000001000000080000000031000000010000000800000000320000000100000008000000003300000001000000080000000035000000010000000800000000360000000100000008000000003700000001000000080000000038000000010000000800000000390000000100000008000000003a0000000100000008000000003b0000000100000008000000003c0000000100000008000000003d0000000100000008000000003e000000010000000800,157405590561,0,710000000,0,78702795249,14040465491,t,2026-09-25 09:11:10.631482+00,710
7e0421ba-72d0-4d2d-a930-595ceb4e6b17,9ac44ac0-c7f6-4b33-a402-c9e92e17392b,711000000,4,2,1000000,64,64,9,\x0003061e363330180a0d1b090c0f273f3c39211301192b2e1c0e263431230b081a283a3d2f1725371f07152d2a383b3e2c291114221002051d35322012041624,\x0002042040000204208002200011200001021020000904a280810060005160000190180806100809000c0e020140802020000141800020200009800004a000040840000148900004,1,\x0000000e0000001c00000001ffffffff000000002700000001ffffffff000000002f00000001ffffffff000000003100000001ffffffff000000003200000001ffffffff000000003400000001ffffffff000000003500000001ffffffff000000003600000001ffffffff000000003700000001ffffffff000000003800000001ffffffff000000003900000001ffffffff000000003b00000001ffffffff000000003d0000000200000008010000003e000000010000000800,157589193485,0,711000000,0,78794596711,14056130444,t,2026-09-25 09:12:41.897206+00,711
de8e44a6-6d32-4afe-9ca5-d0fa67bc1bf2,9ac44ac0-c7f6-4b33-a402-c9e92e17392b,712000000,4,2,1000000,64,64,9,\x0003061e363330180a0d1b090c0f273f3c39211301192b3d3a28100205172f1d353224162e1c0407151220382a2d1f3725223431233b3e2c291114260e0b081a,\x0002042040000204208002200011200001021020000904a28081011040001114400001100420000344000490000c2030200028002002202008800088400030108004100004020401,1,\x0000000c0000002400000001ffffffff000000002c00000001ffffffff000000002e00000001ffffffff000000003000000001ffffffff000000003300000001ffffffff0000000038000000020000000501000000390000000100000008000000003a0000000100000008000000003b0000000100000008000000003c0000000100000008000000003d0000000100000008000000003e000000010000000800,157803322361,0,712000000,0,78901661149,14074291023,t,2026-09-25 09:14:46.690865+00,712
4fb32e8c-84fb-48ae-8f54-61ed5a6ccb16,9ac44ac0-c7f6-4b33-a402-c9e92e17392b,713000000,4,2,1000000,64,64,9,\x0003061e363330180a0d1b090c0f273f3c39211301192b3d2f1d35321a283a221002051725371f07041c0e0b0820383b2911142c3e26343123152d2a1224162e,\x0002042040000204208002200011200001021020000904a2808101d0c01080000e810060200005108040001420180c18820081008140218204202000080208800011800044002002,0,\x0000000f0000002000000001ffffffff000000002200000001ffffffff000000002400000001ffffffff000000002a00000001ffffffff000000002c00000001ffffffff000000003300000001ffffffff000000003400000001ffffffff000000003600000001ffffffff000000003700000001ffffffff000000003800000001ffffffff000000003a00000001ffffffff000000003b00000001ffffffff000000003c00000001ffffffff000000003d00000001ffffffff000000003e00000001ffffffff00,158093790339,0,713000000,0,79046895138,14099968324,t,2026-09-25 09:17:12.787446+00,713
f7cc1d61-9f60-4e02-a96e-0231ae484402,9ac44ac0-c7f6-4b33-a402-c9e92e17392b,714000000,4,2,1000000,64,64,9,\x0003061e363330180a0d1b090c0f273f3c39211301192b283a3d25371f07041c2e162432351d2f2c3e260e0b081a0205171411293b2d2a382012152331342210,\x0002042040000204208002200011200001021020000904a280810942020011000408060302802040100088002802a000810041009000022060202000120404400005408020000810,1,\x0000000e0000002000000001ffffffff000000002100000001ffffffff000000002a00000001ffffffff000000002d00000001ffffffff000000002f000000020000000301000000300000000100000008000000003300000001000000080000000037000000010000000800000000390000000100000008000000003a0000000100000008000000003b0000000100000008000000003c0000000100000008000000003d0000000100000008000000003e000000010000000800,158365392865,0,714000000,0,79182696401,14124021790,t,2026-09-25 09:19:15.019065+00,714
dcdfe016-910d-46fa-9bb5-999f78e6b173,9ac44ac0-c7f6-4b33-a402-c9e92e17392b,715000000,4,2,1000000,64,64,9,\x0003061e363330180a0d1b090c0f273f3c39211301192b1d3523313422100205172f2c291114260e0b0820382a1c2e1624321a283a3d25371f070412152d3b3e,\x0002042040000204208002200011200001021020000904a280814904602008100a04a100020860d00024800022102018301028980020081000412020001001409040401080008200,1,\x000000130000001a00000001ffffffff000000001f00000001ffffffff000000002400000001ffffffff000000002500000001ffffffff000000002700000001ffffffff01000000280000000100000008000000002e000000010000000800000000310000000100000008000000003200000001000000080000000033000000010000000800000000340000000100000008000000003500000001000000080000000036000000010000000800000000370000000100000008000000003a0000000100000008000000003b0000000100000008000000003c0000000100000008000000003d0000000100000008000000003e000000010000000800,158633185511,0,715000000,0,79316592724,14147286515,t,2026-09-25 09:21:20.367227+00,715
564d28f6-56b4-4339-b481-732ebe384987,9ac44ac0-c7f6-4b33-a402-c9e92e17392b,716000000,4,2,1000000,64,64,9,\x0003061e363330180a0d1b090c0f273f3c39211301190b0e263e3b2d15122a3820081a1d050210283a3d2b2e1c1f3725172f2c29111422343123353224160407,\x0002042040000204208002200011200001021020000904a280a100040840800505930104408008684204020202030280080026001118900840800024000201100009800008108800,0,\x000000100000001f00000001ffffffff000000002100000001ffffffff000000002a00000001ffffffff000000002e00000001ffffffff000000003100000001ffffffff000000003300000001ffffffff000000003500000001ffffffff000000003600000001ffffffff000000003700000001ffffffff000000003800000001ffffffff000000003900000001ffffffff000000003a00000001ffffffff000000003b00000001ffffffff000000003c00000001ffffffff000000003d00000001ffffffff000000003e00000001ffffffff00,158861235771,0,716000000,0,79430617854,14167220433,t,2026-09-25 09:22:57.196681+00,716
b7add7c7-6aac-4ca4-ab3f-c5c9f8ed72f1,9ac44ac0-c7f6-4b33-a402-c9e92e17392b,717000000,4,2,1000000,64,64,9,\x0003061e363330180a0d1b090c0f273f3c39211301190b0e263e2c1a0820383b2911142210020517253734312315071f2d2a122416041c2e2b283a3d2f1d3532,\x0002042040000204208002200011200001021020000904a280a1000408c0c803828081002080044841025000010c0440800048102102082000118008040101102008080008040108,0,\x0000000f0000001c00000001ffffffff000000002000000001ffffffff000000002500000001ffffffff000000002b00000001ffffffff000000003000000001ffffffff000000003400000001ffffffff000000003500000001ffffffff000000003600000001ffffffff000000003700000001ffffffff000000003900000001ffffffff000000003a00000001ffffffff000000003b00000001ffffffff000000003c00000001ffffffff000000003d00000001ffffffff000000003e00000001ffffffff00,159016703555,0,717000000,0,79508351746,14180016818,t,2026-09-25 09:24:02.427598+00,717
ac16e1c5-d4e5-4f63-8ba8-4cb2d5744c6f,9ac44ac0-c7f6-4b33-a402-c9e92e17392b,718000000,4,2,1000000,64,64,9,\x0003061e363330180a0d1b090c0f273f3c39211301190b0e1c2e2b1d353224160407152d1f37253d3a2810223431231114263e3b382a1220081a0205172f2c29,\x0002042040000204208002200011200001021020000904a280a1000c0440914400022040200230a00088000c0290400011200002a010050410800003101004400400092080000408,1,\x0000000e0000001f00000001ffffffff000000002400000001ffffffff000000002d00000001ffffffff000000003100000001ffffffff000000003400000001ffffffff01000000350000000100000008000000003600000001000000080000000037000000010000000800000000380000000100000008000000003a0000000100000008000000003b0000000100000008000000003c0000000100000008000000003d0000000100000008000000003e000000010000000800,159244565857,0,718000000,0,79622282897,14199731580,t,2026-09-25 09:25:37.485048+00,718
8382590b-e65d-4436-839c-bba63450d181,9ac44ac0-c7f6-4b33-a402-c9e92e17392b,719000000,4,2,1000000,64,64,9,\x0003061e363330180a0d1b090c0f273f3c39211301190b0e1c04162e2b2810223a3d25172f2c291114263e3b3820081a02051d353224122a2d15071f37343123,\x0002042040000204208002200011200001021020000904a280a1000c960c200041021041040200114400860420014410800001181001400210200001100802018020224000020440,1,\x0000000e0000001b00000001ffffffff000000002a00000001ffffffff000000002e00000001ffffffff000000003000000001ffffffff000000003100000001ffffffff000000003200000001ffffffff000000003400000001ffffffff000000003500000001ffffffff000000003700000001ffffffff000000003a0000000200000008010000003b0000000100000008000000003c0000000100000008000000003d0000000100000008000000003e000000010000000800,159435164821,0,719000000,0,79717582379,14215563468,t,2026-09-25 09:26:56.539545+00,719
ff42e77b-abe7-4870-8b27-7e4ead838f7e,9ac44ac0-c7f6-4b33-a402-c9e92e17392b,720000000,4,2,1000000,64,64,9,\x0003061e363330180a0d1b090c0f273f3c39211301190b0820382a1c0e263e2c2f1d05171411293b2d151224323523313437252210021a283a3d2b2e1604071f,\x0002042040000204208002200011200001021020000904a280a1080408000a068800011811d010118001020101808061108020000804010280a14002100104020280080004440002,0,\x0000000f0000001c00000001ffffffff000000002600000001ffffffff000000002d00000001ffffffff000000002e00000001ffffffff000000002f00000001ffffffff000000003200000001ffffffff000000003500000001ffffffff000000003600000001ffffffff000000003800000001ffffffff000000003900000001ffffffff000000003a00000001ffffffff000000003b00000001ffffffff000000003c00000001ffffffff000000003d00000001ffffffff000000003e00000001ffffffff00,159617846715,0,720000000,0,79808923326,14230942859,t,2026-09-25 09:28:12.318182+00,720
e6223c93-e5f3-48c2-bc02-36141739880a,9ac44ac0-c7f6-4b33-a402-c9e92e17392b,721000000,4,2,1000000,64,64,9,\x0003061e363330180a0d1b090c0f273f3c39211301190b081a281002051d35233134221411293b3e260e1c2e160412243220382a2d15071f3725172f2c3a3d2b,\x0002042040000204208002200011200001021020000904a280a1080618000114c0000118080284280481c08000408020100005450201084010001400082002044000220001410010,1,\x000000120000002000000001ffffffff000000002400000001ffffffff000000002800000001ffffffff000000002900000001ffffffff000000002c00000001ffffffff010000002f00000001000000080000000030000000010000000800000000310000000100000008000000003200000001000000080000000033000000010000000800000000350000000100000008000000003600000001000000080000000037000000010000000800000000380000000100000008000000003a0000000100000008000000003c0000000100000008000000003d0000000100000008000000003e000000010000000800,159916634037,0,721000000,0,79958316987,14257497222,t,2026-09-25 09:30:18.081533+00,721
d635fb73-28a6-4df9-a2fd-1066dfc31fe7,9ac44ac0-c7f6-4b33-a402-c9e92e17392b,722000000,4,2,1000000,64,64,9,\x0003061e363330180a0d1b090c0f273f3c39211301190b081a1d2f3d25371f07152d2a120416243235233134223a2c3e260e1c2e2b28100205171411293b3820,\x0002042040000204208002200011200001021020000904a280a108069a18410047001020080840402248000204014020080086002801508020100001021040010440804040000420,1,\x000000100000002600000001ffffffff000000002800000001ffffffff000000002a00000002000000040100000031000000010000000800000000320000000100000008000000003300000001000000080000000034000000010000000800000000350000000100000008000000003600000001000000080000000038000000010000000800000000390000000100000008000000003a0000000100000008000000003b0000000100000008000000003c0000000100000008000000003d0000000100000008000000003e000000010000000800,160133627005,0,722000000,0,80066813471,14276075678,t,2026-09-25 09:31:48.950323+00,722
2f3c02f3-9614-4d80-930a-9abf791ba518,9ac44ac0-c7f6-4b33-a402-c9e92e17392b,723000000,4,2,1000000,64,64,9,\x0003061e363330180a0d1b090c0f273f3c39211301190b233134371f07151204162432351d2f17050210281a0820382a2d3b291114263e2c3a22253d2b2e1c0e,\x0002042040000204208002200011200001021020000904a280a10b080204000304010541021020080044081210101018080482000140011084001240000110088004200022000840,1,\x000000100000001800000001ffffffff000000002100000001ffffffff000000002300000001ffffffff000000002700000001ffffffff000000002c00000001ffffffff000000002d00000001ffffffff000000003000000001ffffffff000000003300000001ffffffff000000003600000002000000060100000037000000010000000800000000390000000100000008000000003a0000000100000008000000003b0000000100000008000000003c0000000100000008000000003d0000000100000008000000003e000000010000000800,160404719799,0,723000000,0,80202359868,14298843979,t,2026-09-25 09:33:41.797217+00,723
d55cbbbf-a66d-45f8-9afb-ed06f01aca71,9ac44ac0-c7f6-4b33-a402-c9e92e17392b,724000000,4,2,1000000,64,64,9,\x0003061e363330180a0d1b090c0f273f3c39211301191c2e2b283a2210021a1d05171411293b382a1220080b0e263e2c2f3d2537343123152d1f070416243235,\x0002042040000204208002200011200001021020000904a2c02101502408090202d08112400470804060400440411601091080000110011000110001022041040001812000018200,0,\x000000130000001c00000001ffffffff000000002000000001ffffffff000000002a00000001ffffffff000000002c00000001ffffffff000000002e00000001ffffffff000000002f00000001ffffffff000000003000000001ffffffff000000003100000001ffffffff000000003200000001ffffffff000000003400000001ffffffff000000003500000001ffffffff000000003700000001ffffffff000000003800000001ffffffff000000003900000001ffffffff000000003a00000001ffffffff000000003b00000001ffffffff000000003c00000001ffffffff000000003d00000001ffffffff000000003e00000001ffffffff00,160670448333,0,724000000,0,80335224135,14321707796,t,2026-09-25 09:35:32.332472+00,724
871d3cac-f95b-4528-aecc-16735c58ac8f,9ac44ac0-c7f6-4b33-a402-c9e92e17392b,725000000,4,2,1000000,64,64,9,\x0003061e363330180a0d1b090c0f273f3c39211301191c0e261411293b3e2c1a02051725371f0704162e2b28102234312335322412152d2a3820080b1d2f3d3a,\x0002042040000204208002200011200001021020000904a2c021411458402030200088146002086020000a1208020840900044800008800440000422000108088000092040000208,1,\x000000100000001d00000001ffffffff000000002900000001ffffffff000000002c00000001ffffffff000000002e0000000200000002010000002f0000000100000008000000003300000001000000080000000035000000010000000800000000360000000100000008000000003700000001000000080000000038000000010000000800000000390000000100000008000000003a0000000100000008000000003b0000000100000008000000003c0000000100000008000000003d0000000100000008000000003e000000010000000800,160992680995,0,725000000,0,80496340466,14350444771,t,2026-09-25 09:37:46.683028+00,725
c34f6481-55e5-4a2a-8bd3-2acf0306d034,9ac44ac0-c7f6-4b33-a402-c9e92e17392b,726000000,4,2,1000000,64,64,9,\x0003061e363330180a0d1b090c0f273f3c39211301191c2a382032241204162e2b3d2f1d35233134371f07152d3b3e260e0b081a283a2c291114222517050210,\x0002042040000204208002200011200001021020000904a2c0a14508820809040290000210044003430004820001c000414000410020402040108040002008400224080008040404,1,\x000000100000001e00000001ffffffff000000001f00000001ffffffff000000002400000001ffffffff000000002600000001ffffffff000000002a00000001ffffffff000000002b00000001ffffffff000000002c00000001ffffffff000000003000000001ffffffff000000003100000001ffffffff000000003200000001ffffffff000000003700000001ffffffff000000003800000001ffffffff000000003b0000000200000005010000003c0000000100000008000000003d0000000100000008000000003e000000010000000800,161248858547,0,726000000,0,80624429242,14371922241,t,2026-09-25 09:39:33.157208+00,726
f93e444a-e3cb-49cc-8175-39c7334573aa,9ac44ac0-c7f6-4b33-a402-c9e92e17392b,727000000,4,2,1000000,64,64,9,\x0003061e363330180a0d1b090c0f273f3c39211301191c04162e2b3d3a28100205172f2c2911142225371f071512243235233134263e3b2d2a3820081a1d0b0e,\x0002042040000204208002200011200001021020000904a2c0a16503084010000104104101041080210148000401044001828082000401c020080088000440101000012220008800,1,\x0000000e0000001900000001ffffffff000000002800000001ffffffff000000002b00000001ffffffff000000002e00000001ffffffff000000003200000001ffffffff000000003300000001ffffffff00000000350000000200000006010000003700000001000000080000000038000000010000000800000000390000000100000008000000003a0000000100000008000000003c0000000100000008000000003d0000000100000008000000003e000000010000000800,161512898531,0,727000000,0,80756449234,14394002548,t,2026-09-25 09:41:22.08238+00,727
bf53519c-9d15-4dd6-ae39-efecffac3c36,9ac44ac0-c7f6-4b33-a402-c9e92e17392b,728000000,4,2,1000000,64,64,9,\x0003061e363330180a0d1b090c0f273f3c392113162e2b3d3a28102225371f2d2a1c0e0b08201224321a2c3e263431190104071523351d2f1705021411293b38,\x000204204000020420800220001120000102102000091482000401104000111040001424109011a280c180210108820c190005010420400204408040001001404040100081800008,1,\x000000100000002600000001ffffffff01000000270000000100000008000000002d0000000100000008000000002f000000010000000800000000300000000100000008000000003100000001000000080000000032000000010000000800000000330000000100000008000000003500000001000000080000000037000000010000000800000000390000000100000008000000003a0000000100000008000000003b0000000100000008000000003c0000000100000008000000003d0000000100000008000000003e000000010000000800,161751501865,0,728000000,0,80875750901,14413850884,t,2026-09-25 09:43:00.686808+00,728
e661735b-a4f3-4b26-a78e-893ba46d67d3,9ac44ac0-c7f6-4b33-a402-c9e92e17392b,729000000,4,2,1000000,64,64,9,\x0003061e363330180a0d1b090c0f273f3c392113162e2b3d3a222517051d2f2c140210281a080b0e263e3b2911233532241220382a2d15071f3734311901041c,\x00020420400002042080022000112000010210200009148200040110c004104482820008526020200008448000040840000144800008804020200028001040040840800024480002,1,\x0000000f0000001e00000001ffffffff000000002200000001ffffffff000000002300000001ffffffff000000002900000001ffffffff000000002b00000001ffffffff000000002c00000001ffffffff000000002e00000001ffffffff000000003000000001ffffffff000000003200000001ffffffff000000003300000001ffffffff000000003600000001ffffffff000000003900000001ffffffff000000003b00000001ffffffff000000003d0000000200000008010000003e000000010000000800,161964997739,0,729000000,0,80982498838,14432117605,t,2026-09-25 09:44:29.493093+00,729
bead6446-16e0-42df-b2b6-29f7fa0f7557,9ac44ac0-c7f6-4b33-a402-c9e92e17392b,730000000,4,2,1000000,64,64,9,\x0003061e363330180a0d1b090c0f273f3c392113162e2b3d253734223a2810021417051d2f2c1a080b0e263e3b2911233119010407152d1f1c2a382012243235,\x000204204000020420800220001120000102102000091482000401500440814100041040030280202000820c100102102000010410010a8000091080010140101020000248008200,1,\x0000000e0000001e00000001ffffffff000000002200000001ffffffff000000002400000001ffffffff000000002b00000001ffffffff000000002d00000001ffffffff000000002e00000001ffffffff00000000300000000200000008010000003200000001000000080000000037000000010000000800000000380000000100000008000000003a0000000100000008000000003c0000000100000008000000003d0000000100000008000000003e000000010000000800,162195020515,0,730000000,0,81097510226,14451774981,t,2026-09-25 09:46:05.384223+00,730
f3ef48a3-1cb0-4a2b-9edf-74abdca0cdd2,9ac44ac0-c7f6-4b33-a402-c9e92e17392b,731000000,4,2,1000000,64,64,9,\x0003061e363330180a0d1b090c0f273f3c392113162e2b3d2f17050210283a2c2911142225371f07152d2a383b3e26343123351d1a32241220080b1901041c0e,\x000204204000020420800220001120000102102000091482000401d080a0a08080800060128004401040001420080860401020001004108009000281002010088004480024000140,1,\x000000090000002400000001ffffffff000000002d00000001ffffffff000000003600000001ffffffff000000003800000001ffffffff000000003900000001ffffffff000000003b00000001ffffffff010000003c0000000100000008000000003d0000000100000008000000003e000000010000000800,162416253229,0,731000000,0,81208126583,14470797551,t,2026-09-25 09:47:45.233576+00,731
87ad5f08-3447-49f4-ab33-5650e9798832,9ac44ac0-c7f6-4b33-a402-c9e92e17392b,732000000,4,2,1000000,64,64,9,\x0003061e363330180a0d1b090c0f273f3c392113162e2b3d2f2c3e260e1c3431233532241220080b19010407152d1f372517051d1a283a2210021411293b382a,\x000204204000020420800220001120000102102000091482000401d0e008800204438108c004400004a2019100088004088080002402200081200001810020200009804040000440,1,\x000000100000002300000001ffffffff000000002800000001ffffffff000000002900000001ffffffff000000002a00000001ffffffff000000002c00000001ffffffff000000002e0000000200000008010000002f000000010000000800000000330000000100000008000000003600000001000000080000000038000000010000000800000000390000000100000008000000003a0000000100000008000000003b0000000100000008000000003c0000000100000008000000003d0000000100000008000000003e000000010000000800,162615779481,0,732000000,0,81307889709,14487503122,t,2026-09-25 09:49:24.809709+00,732
0384e2f2-bee7-4629-a7c3-6127de9108f3,9ac44ac0-c7f6-4b33-a402-c9e92e17392b,733000000,4,2,1000000,64,64,9,\x0003061e363330180a0d1b090c0f273f3c392113162e2b281002051d2f3d3a223431191c2a2d15071f3725171411293b3820081a2c3e260e0b23353224120401,\x000204204000020420800220001120000102102000091482000409400005306000010420032200099628013040040880000401028101108000192040001020100808800008042008,1,\x000000100000002300000001ffffffff0100000028000000010000000800000000290000000100000008000000002a0000000100000008000000002b0000000100000008000000003000000001000000080000000034000000010000000800000000350000000100000008000000003700000001000000080000000038000000010000000800000000390000000100000008000000003a0000000100000008000000003b0000000100000008000000003c0000000100000008000000003d0000000100000008000000003e000000010000000800,162811369271,0,733000000,0,81405684604,14504073326,t,2026-09-25 09:50:45.400638+00,733
3a241f98-a25f-4ac9-a986-63684059b194,9ac44ac0-c7f6-4b33-a402-c9e92e17392b,734000000,4,2,1000000,64,64,9,\x0003061e363330180a0d1b090c0f273f3c392113162e2b2810223a3d2f1d3532241215070401190b0e1c1f37251705021a0820382a2d3b292c1411233134263e,\x00020420400002042080022000112000010210200009148200040940041108000c0e0108804004000401020142011004200002100808044010200028008210018440108020002002,1,\x0000000c0000002000000001ffffffff000000002500000001ffffffff000000002c00000001ffffffff000000002e00000001ffffffff000000003100000001ffffffff000000003400000001ffffffff000000003500000001ffffffff000000003900000001ffffffff010000003a0000000100000008000000003c0000000100000008000000003d0000000100000008000000003e000000010000000800,163005463667,0,734000000,0,81502731802,14520615245,t,2026-09-25 09:52:06.086425+00,734
9de04f84-b212-4c2e-8366-038824cc34e3,9ac44ac0-c7f6-4b33-a402-c9e92e17392b,735000000,4,2,1000000,64,64,9,\x0003061e363330180a0d1b090c0f273f3c392113162e2b283a3d2517050210221411293b3e260e1c1901040715233134371f2d2a3820122432351d0b081a2c2f,\x0002042040000204208002200011200001021020000914820004094202009144020202018020101810000c100c1d800408c080038200018020808000082001080200110141808000,1,\x0000000f0000001e00000001ffffffff000000002900000001ffffffff000000002e00000001ffffffff000000002f00000001ffffffff000000003000000001ffffffff000000003100000001ffffffff000000003200000001ffffffff000000003400000001ffffffff000000003600000001ffffffff000000003700000001ffffffff000000003900000001ffffffff000000003b0000000200000008010000003c0000000100000008000000003d0000000100000008000000003e000000010000000800,163229717931,0,735000000,0,81614858934,14539720038,t,2026-09-25 09:53:50.883028+00,735
4929da75-1139-4ce8-8da9-f5049f755106,9ac44ac0-c7f6-4b33-a402-c9e92e17392b,736000000,4,2,1000000,64,64,9,\x0003061e363330180a0d1b090c0f273f3c392113162e2b283a2c3e3b291114260e1c1f37343119010407152d2a38201224321a080b23351d2f3d251705021022,\x000204204000020420800220001120000102102000091482000409428209800002488001403004200001021020010220200001011040021004011180800020021000810402020201,1,\x0000000f0000001c00000001ffffffff000000002700000001ffffffff000000002900000001ffffffff000000002b00000001ffffffff000000002d00000001ffffffff000000002f00000001ffffffff000000003000000001ffffffff000000003300000001ffffffff000000003500000001ffffffff000000003600000001ffffffff000000003900000001ffffffff000000003b0000000200000008010000003c0000000100000008000000003d0000000100000008000000003e000000010000000800,163418214439,0,736000000,0,81709107188,14555437822,t,2026-09-25 09:55:23.182534+00,736
e767147b-25bf-45f8-8c73-406d9fd3c591,9ac44ac0-c7f6-4b33-a402-c9e92e17392b,737000000,4,2,1000000,64,64,9,\x0003061e363330180a0d1b090c0f273f3c392113162e2b281a1d050210223a3d25172f2c3e261411293b382a1c0e0b082023353224120401193134371f07152d,\x000204204000020420800220001120000102102000091482000409c2ca108180400081004004118020000a080804044000140c100408040608800008442008040804080004090202,1,\x000000100000001c00000001ffffffff000000002200000001ffffffff000000002600000001ffffffff000000002800000001ffffffff000000002d00000001ffffffff000000002f00000001ffffffff000000003200000001ffffffff000000003300000001ffffffff000000003400000001ffffffff000000003700000001ffffffff000000003800000001ffffffff000000003900000001ffffffff000000003a00000001ffffffff000000003b00000001ffffffff000000003d0000000200000008010000003e000000010000000800,163639747639,0,737000000,0,81819873788,14574037902,t,2026-09-25 09:57:27.751681+00,737
a81313c2-7508-4ea5-a9b2-c1a8ec9f5967,9ac44ac0-c7f6-4b33-a402-c9e92e17392b,738000000,4,2,1000000,64,64,9,\x0003061e363330180a0d1b090c0f273f3c392113162e2b1901041c1f07152d2a383b2911140205172537343123260e0b1d3532241220081a2810223a3d2f2c3e,\x0002042040000204208002200011200001021020000914820004194002140804040101080802840012204400010c0440800028001108120840000402011001088008201000100401,1,\x0000000f0000001800000001ffffffff000000001c00000001ffffffff000000002900000001ffffffff000000002b00000001ffffffff000000002e0000000200000008010000003100000001000000080000000033000000010000000800000000340000000100000008000000003500000001000000080000000036000000010000000800000000390000000100000008000000003a0000000100000008000000003c0000000100000008000000003d0000000100000008000000003e000000010000000800,163823218975,0,738000000,0,81911609456,14589300741,t,2026-09-25 09:59:44.858725+00,738
312f6480-ade4-4654-8d14-c567f5cb7278,9ac44ac0-c7f6-4b33-a402-c9e92e17392b,739000000,4,2,1000000,64,64,9,\x0003061e363330180a0d1b090c0f273f3c392113162e2b1d35322412040119312320382a1c1f07152d3b3e2c291114260e0b081a283a3d25373422100205172f,\x00020420400002042080022000112000010210200009148200045904200002d108020102812010001428101004041004000301480001402040108040400060022080000128800002,1,\x000000120000001a00000001ffffffff000000001d00000001ffffffff000000002600000001ffffffff000000002700000001ffffffff000000002800000001ffffffff000000002c00000001ffffffff000000002d00000001ffffffff000000003000000001ffffffff000000003100000001ffffffff000000003200000001ffffffff000000003700000001ffffffff0100000038000000010000000800000000390000000100000008000000003a0000000100000008000000003b0000000100000008000000003c0000000100000008000000003d0000000100000008000000003e000000010000000800,164065721065,0,739000000,0,82032860501,14609649981,t,2026-09-25 10:03:10.873707+00,739
be792dd8-9be3-4a07-b28e-3ce909369edc,9ac44ac0-c7f6-4b33-a402-c9e92e17392b,740000000,4,2,1000000,64,64,9,\x0003061e363330180a0d1b090c0f273f3c392113162e2b1d2f3d3a2c141705021a2810222537343119010407152d1f1c0e0b0820382a1224323523263e3b2911,\x0002042040000204208002200011200001021020000914820004594610400027270008080c100011104000040840800408c080002008882840206000101001080280084000020820,1,\x000000100000001e00000001ffffffff000000002100000001ffffffff000000002200000001ffffffff000000002400000001ffffffff000000002900000001ffffffff000000002e00000001ffffffff000000003200000001ffffffff000000003500000001ffffffff000000003600000001ffffffff000000003700000001ffffffff000000003800000001ffffffff000000003900000001ffffffff000000003b0000000200000005010000003c0000000100000008000000003d0000000100000008000000003e000000010000000800,164308864271,0,740000000,0,82154432104,14630261341,t,2026-09-25 10:06:43.32294+00,740
dd1ad96c-4d68-4691-95cc-07f290f0748a,9ac44ac0-c7f6-4b33-a402-c9e92e17392b,741000000,4,2,1000000,64,64,9,\x0003061e363330180a0d1b090c0f273f3c392113162e1c0e0b0820382a2d15071f372517051d2f3d3a2c1a0210221411293b3e26343123353224120401192b28,\x000204204000020420800220001120000102102000091482000c401420102000280032480408c020048282000430c0c96082c0802008040404008200022001100081000481800008,0,\x0000000e0000002000000001ffffffff000000002d00000001ffffffff000000003000000001ffffffff000000003200000001ffffffff000000003400000001ffffffff000000003600000001ffffffff000000003700000001ffffffff000000003800000001ffffffff000000003900000001ffffffff000000003a00000001ffffffff000000003b00000001ffffffff000000003c00000001ffffffff000000003d00000001ffffffff000000003e00000001ffffffff00,164693406373,0,741000000,0,82346703155,14664785793,t,2026-09-25 10:12:06.188238+00,741
c8c833bb-5914-4e4e-b632-a989376158bf,9ac44ac0-c7f6-4b33-a402-c9e92e17392b,742000000,4,2,1000000,64,64,9,\x0003061e363330180a0d1b090c0f273f3c392113162e1c1f3734312315070401192b3d2f17051d3532241220382a2d3b2911142c3e260e0b081a0210283a2225,\x000204204000020420800220001120000102102000091482008c4004204000360a100408040408800604050102100081604000500004218004302100081008100400414040009000,1,\x000000110000001d00000001ffffffff000000001f00000001ffffffff000000002500000001ffffffff0100000027000000010000000800000000290000000100000008000000002d0000000100000008000000002e0000000100000008000000003100000001000000080000000034000000010000000800000000350000000100000008000000003600000001000000080000000037000000010000000800000000380000000100000008000000003a0000000100000008000000003c0000000100000008000000003d0000000100000008000000003e000000010000000800,165013007053,0,742000000,0,82506503495,14692897144,t,2026-09-25 10:16:24.10277+00,742
0bf0aefd-4517-4290-920f-76857376481e,9ac44ac0-c7f6-4b33-a402-c9e92e17392b,743000000,4,2,1000000,64,64,9,\x0003061e363330180a0d1b090c0f273f3c392113162e1c2a3820081a1d05172f2c3e3b2d1512243235230b0e263431190104071f37253d2b283a221002141129,\x000204204000020420800220001120000102102000091482008c4408820019d08488040218044000050c8200040140a0094000010420400204204000040110100400010148000402,1,\x000000110000002300000001ffffffff010000002600000001000000080000000027000000010000000800000000280000000100000008000000002b0000000100000008000000002e000000010000000800000000300000000100000008000000003100000001000000080000000032000000010000000800000000330000000100000008000000003400000001000000080000000037000000010000000800000000390000000100000008000000003b0000000100000008000000003c0000000100000008000000003d0000000100000008000000003e000000010000000800,165335098357,0,743000000,0,82667549147,14720410661,t,2026-09-25 10:20:28.715983+00,743
625543f3-ff2a-4879-a00a-f57565b01ee8,9ac44ac0-c7f6-4b33-a402-c9e92e17392b,744000000,4,2,1000000,64,64,9,\x0003061e363330180a0d1b090c0f273f3c392113162e1c343119010407152d1f372517050210282b3d2f1d352320122a383b291114223a2c3e260e0b081a3224,\x000204204000020420800220001120000102102000091482008c661180000910800101400440500201018181000220812000a38e3103080284001200010140028000810041000140,1,\x0000000f0000001a00000001ffffffff000000001f00000001ffffffff000000002000000001ffffffff000000002f0000000200000008010000003000000001000000080000000033000000010000000800000000350000000100000008000000003600000001000000080000000038000000010000000800000000390000000100000008000000003a0000000100000008000000003b0000000100000008000000003c0000000100000008000000003d0000000100000008000000003e000000010000000800,165728029879,0,744000000,0,82864014908,14755072513,t,2026-09-25 10:25:30.218626+00,744
6cb3dc64-5781-480d-8547-b299ba7a2353,9ac44ac0-c7f6-4b33-a402-c9e92e17392b,745000000,4,2,1000000,64,64,9,\x0003061e363330180a0d1b090c0f273f3c392113162432351d0517253734223a2810021a082012152d1f0704011931230b0e261411292c3e3b382a1c2e2b3d2f,\x0002042040000204208002200011200001021020000914820182004080086020000a0c122180002200a200a100842001810081000140400210200181408001102000022400820040,1,\x0000000e0000002100000001ffffffff000000002a00000001ffffffff000000002c00000001ffffffff000000002e00000001ffffffff000000003000000001ffffffff000000003400000001ffffffff000000003700000002000000080100000038000000010000000800000000390000000100000008000000003a0000000100000008000000003b0000000100000008000000003c0000000100000008000000003d0000000100000008000000003e000000010000000800,166011831601,0,745000000,0,83005915769,14779515184,t,2026-09-25 10:29:07.628227+00,745
892795d0-f5d7-447d-a129-de405648e44c,9ac44ac0-c7f6-4b33-a402-c9e92e17392b,746000000,4,2,1000000,64,64,9,\x0003061e363330180a0d1b090c0f273f3c392113162432351d2f17050210281a080b0e263e2c14223a3d25371f2d2a1215070401192b2e1c34312311293b3820,\x00020420400002042080022000112000010210200009148201820040842001010101014020020420400004160c040200110005090624010041804040400010042000824140000420,1,\x0000000e0000001b00000001ffffffff000000002800000001ffffffff000000002a00000001ffffffff000000003100000001ffffffff000000003300000001ffffffff000000003500000001ffffffff000000003600000001ffffffff000000003700000001ffffffff000000003800000001ffffffff000000003900000001ffffffff000000003b0000000200000008010000003c0000000100000008000000003d0000000100000008000000003e000000010000000800,166243052849,0,746000000,0,83121526393,14799939868,t,2026-09-25 10:32:04.614753+00,746
7a0f623b-1ca0-45f7-be8d-c3478f825f8f,9ac44ac0-c7f6-4b33-a402-c9e92e17392b,747000000,4,2,1000000,64,64,9,\x0003061e363330180a0d1b090c0f273f3c392113162432351d1a0820120401190b0e263e2c1411293b2331341c2e2b283a3d2f170502102225371f07152d2a38,\x00020420400002042080022000112000010210200009148201820040b4802840a81004028402102000230b040202a020081046000408020200020202020201010400018280000404,1,\x000000100000001e00000001ffffffff000000002700000001ffffffff000000002900000001ffffffff010000002a0000000100000008000000002d000000010000000800000000320000000100000008000000003400000001000000080000000035000000010000000800000000360000000100000008000000003700000001000000080000000038000000010000000800000000390000000100000008000000003b0000000100000008000000003c0000000100000008000000003d0000000100000008000000003e000000010000000800,166444296649,0,747000000,0,83222148293,14817279297,t,2026-09-25 10:34:35.245875+00,747
14e83922-1ed9-4731-a6eb-3cd777694dca,9ac44ac0-c7f6-4b33-a402-c9e92e17392b,748000000,4,2,1000000,64,64,9,\x0003061e363330180a0d1b090c0f273f3c39211316243235233119010407152d1f1c2a1220383b3e260e0b081a283a2c291114172f3d253734221002051d2b2e,\x00020420400002042080022000112000010210200009148201820060100401122000020a802828008280408000408040802020c19040108004084100011801104080001480008200,1,\x000000100000001b00000001ffffffff000000002200000001ffffffff010000002300000001000000080000000025000000010000000800000000290000000100000008000000002b00000001000000080000000030000000010000000800000000310000000100000008000000003700000001000000080000000038000000010000000800000000390000000100000008000000003a0000000100000008000000003b0000000100000008000000003c0000000100000008000000003d0000000100000008000000003e000000010000000800,166673258191,0,748000000,0,83336629064,14837250882,t,2026-09-25 10:37:32.103345+00,748
5d2ca5d0-1fdb-45cd-b714-107502a31a21,9ac44ac0-c7f6-4b33-a402-c9e92e17392b,749000000,4,2,1000000,64,64,9,\x0003061e363330180a0d1b090c0f273f3c392113162432352320382a120401193134371f1c2e2b1d05172f2c29111422253d3a2810021a080b0e263e3b2d1507,\x000204204000020420800220001120000102102000091482018200607010080424100402040204008345000449600410c02001480015010840000104100110010210200001101040,0,\x000000130000001e00000001ffffffff000000002000000001ffffffff000000002400000001ffffffff000000002500000001ffffffff000000002d00000001ffffffff000000003000000001ffffffff000000003100000001ffffffff000000003200000001ffffffff000000003400000001ffffffff000000003500000001ffffffff000000003600000001ffffffff000000003700000001ffffffff000000003800000001ffffffff000000003900000001ffffffff000000003a00000001ffffffff000000003b00000001ffffffff000000003c00000001ffffffff000000003d00000001ffffffff000000003e00000001ffffffff00,166839111405,0,749000000,0,83419555671,14851107871,t,2026-09-25 10:39:08.848001+00,749
13cc3bf4-c8dd-4865-8636-0966a44ef4f9,9ac44ac0-c7f6-4b33-a402-c9e92e17392b,750000000,4,2,1000000,64,64,9,\x0003061e363330180a0d1b090c0f273f3c39211316243235230b0820382a2d3b29111417051d2f2c3e260e1c34311901041215071f37253d3a2210021a282b2e,\x00020420400002042080022000112000010210200009148201820060fa4520402050100421800408008282000c028000417000021020011004004480000802108080004400418000,1,\x000000100000002100000001ffffffff000000002800000001ffffffff000000002a00000001ffffffff000000002c00000001ffffffff010000002d0000000100000008000000002f0000000100000008000000003100000001000000080000000032000000010000000800000000330000000100000008000000003400000001000000080000000035000000010000000800000000390000000100000008000000003b0000000100000008000000003c0000000100000008000000003d0000000100000008000000003e000000010000000800,167055933391,0,750000000,0,83527966664,14869075060,t,2026-09-25 10:41:31.372151+00,750
ac3469ec-d0c2-417b-8a4e-e8e540a95218,9ac44ac0-c7f6-4b33-a402-c9e92e17392b,751000000,4,2,1000000,64,64,9,\x0003061e363330180a0d1b090c0f273f3c3921131624321a0820382a12152d3b291114223a3d2f1d352331341c2e2b281002051725371f070401190b0e263e2c,\x00020420400002042080022000112000010210200009148201823020081000042400010421800c78512214303804402008104c000408400005108040001020102010001480000110,0,\x000000130000002700000001ffffffff000000002800000001ffffffff000000002d00000001ffffffff000000002f00000001ffffffff000000003000000001ffffffff000000003100000001ffffffff000000003200000001ffffffff000000003300000001ffffffff000000003400000001ffffffff000000003500000001ffffffff000000003600000001ffffffff000000003700000001ffffffff000000003800000001ffffffff000000003900000001ffffffff000000003a00000001ffffffff000000003b00000001ffffffff000000003c00000001ffffffff000000003d00000001ffffffff000000003e00000001ffffffff00,167351371507,0,751000000,0,83675685722,14894827226,t,2026-09-25 10:44:52.158266+00,751
a054eb5c-b045-447e-be64-3d4171d6eac6,9ac44ac0-c7f6-4b33-a402-c9e92e17392b,752000000,4,2,1000000,64,64,9,\x0003061e363330180a0d1b090c0f273f3c3921131624321a0210282b2e1c1f070412152d2a3820080b0e2623351d05172f2c3e3b291114223a3d253734311901,\x000204204000020420800220001120000102102000091482018230681210181000442022103004200001011020010210e02000081001043008800002480004040200110001021020,1,\x000000130000001c00000001ffffffff000000002100000001ffffffff010000002400000001000000080000000027000000010000000800000000290000000100000008000000002c0000000100000008000000002e000000010000000800000000320000000100000008000000003300000001000000080000000034000000010000000800000000350000000100000008000000003600000001000000080000000038000000010000000800000000390000000100000008000000003a0000000100000008000000003b0000000100000008000000003c0000000100000008000000003d0000000100000008000000003e000000010000000800,167588261059,0,752000000,0,83794130498,14914791564,t,2026-09-25 10:47:06.063492+00,752
df99fb59-0575-44f6-89dc-07723460a018,9ac44ac0-c7f6-4b33-a402-c9e92e17392b,753000000,4,2,1000000,64,64,9,\x0003061e363330180a0d1b090c0f273f3c3921131624121507040119312335321a1d2f3d2b2e1c0e0b0820383b29111417050210283a2c3e26342225371f2d2a,\x000204204000020420800220001120000102102000091482018a0080204020402090000860d288410022008844102010201028049000014040404040002001401080082000080208,1,\x000000120000001a00000001ffffffff000000002500000001ffffffff000000002800000001ffffffff000000002900000001ffffffff000000002a00000001ffffffff000000002c00000001ffffffff010000002e0000000100000008000000003100000001000000080000000032000000010000000800000000340000000100000008000000003600000001000000080000000037000000010000000800000000380000000100000008000000003a0000000100000008000000003b0000000100000008000000003c0000000100000008000000003d0000000100000008000000003e000000010000000800,167760733335,0,753000000,0,83880366636,14928958868,t,2026-09-25 10:48:58.743687+00,753
b98a936b-b713-4b31-83b4-e67d56a38bab,9ac44ac0-c7f6-4b33-a402-c9e92e17392b,754000000,4,2,1000000,64,64,9,\x0003061e363330180a0d1b090c0f273f3c392113162412152d2a383b3e2c291114172f3d3a282b2e1c0e263431230b190104071f37252210021a082032351d05,\x000204204000020420800220001120000102102000091482018a008420200810000c0420010210400001449000208211401001981404400204204000040410800a80202020001020,1,\x000000110000001e00000001ffffffff000000002700000001ffffffff000000002f00000001ffffffff000000003000000001ffffffff000000003100000001ffffffff000000003200000001ffffffff000000003300000001ffffffff000000003400000001ffffffff000000003500000001ffffffff000000003600000001ffffffff000000003700000001ffffffff000000003900000001ffffffff010000003a0000000100000008000000003b0000000100000008000000003c0000000100000008000000003d0000000100000008000000003e000000010000000800,167988955673,0,754000000,0,83994477805,14948581873,t,2026-09-25 10:50:42.936594+00,754
dd804ffd-ed4b-4b91-a966-44474307dc31,9ac44ac0-c7f6-4b33-a402-c9e92e17392b,755000000,4,2,1000000,64,64,9,\x0003061e363330180a0d1b090c0f273f3c392113162412152d3b3e260e0b081a32351d2f2c29111402051725371f0704011931342210283a3d2b2e1c2a382023,\x000204204000020420800220001120000102102000091482018a00843005000204020403040280118201029001210208402000081008100810080402040101014004008100019000,0,\x0000000f0000002500000001ffffffff000000002900000001ffffffff000000002a00000001ffffffff000000002e00000001ffffffff000000003000000001ffffffff000000003300000001ffffffff000000003500000001ffffffff000000003700000001ffffffff000000003800000001ffffffff000000003900000001ffffffff000000003a00000001ffffffff000000003b00000001ffffffff000000003c00000001ffffffff000000003d00000001ffffffff000000003e00000001ffffffff00,168157318507,0,755000000,0,84078659222,14962081202,t,2026-09-25 10:52:40.652947+00,755
ac1009ba-5480-47e4-b24f-b992df5c023b,9ac44ac0-c7f6-4b33-a402-c9e92e17392b,756000000,4,2,1000000,64,64,9,\x0003061e363330180a0d1b090c0f273f3c3921131624122a3820080b0e263e2c2911141705021022253d2f1d2b2e1c0401193134371f07152d3b2335321a283a,\x000204204000020420800220001120000102102000091482018a02088008091080000118108404084002020201010c4002c12100082a100810081000081004041000110001080201,1,\x0000000e0000002a0000000200000008010000002d000000010000000800000000300000000100000008000000003100000001000000080000000033000000010000000800000000340000000100000008000000003600000001000000080000000038000000010000000800000000390000000100000008000000003a0000000100000008000000003b0000000100000008000000003c0000000100000008000000003d0000000100000008000000003e000000010000000800,168387905627,0,756000000,0,84193952782,14980758614,t,2026-09-25 10:55:00.244924+00,756
c3ef871a-b611-44f7-8af0-2b623e79004f,9ac44ac0-c7f6-4b33-a402-c9e92e17392b,757000000,4,2,1000000,64,64,9,\x0003061e363330180a0d1b090c0f273f3c3921131624122a383b2d15233134263e2c29111402102225371f070401190b0e1c2e2b281a082032351d05172f3d3a,\x000204204000020420800220001120000102102000091482018a02088284028248418040044040001220450201050400010201028140011008802041100802020200012280000208,0,\x000000120000002000000001ffffffff000000002200000001ffffffff000000002300000001ffffffff000000002900000001ffffffff000000002b00000001ffffffff000000002d00000001ffffffff000000003000000001ffffffff000000003100000001ffffffff000000003200000001ffffffff000000003500000001ffffffff000000003600000001ffffffff000000003700000001ffffffff000000003800000001ffffffff000000003900000001ffffffff000000003b00000001ffffffff000000003c00000001ffffffff000000003d00000001ffffffff000000003e00000001ffffffff00,168574768963,0,757000000,0,84287384450,14996268864,t,2026-09-25 10:56:44.590592+00,757
113fd0a0-ceea-40e5-9647-60557d5a62a3,9ac44ac0-c7f6-4b33-a402-c9e92e17392b,758000000,4,2,1000000,64,64,9,\x0003061e363330180a0d1b090c0f273f3c3921131624120401193134371f07152d2a3820080b1d2f3d2b2e1c0e2614112335321a020517252210283a2c293b3e,\x000204204000020420800220001120000102102000091482018a421008100810000c1004042020082224c00123084004000188008d08020440008224800004104010100048828000,1,\x0000000f0000001800000001ffffffff000000001e00000001ffffffff000000002a00000001ffffffff000000002b00000001ffffffff000000002c00000001ffffffff000000003100000001ffffffff000000003200000001ffffffff000000003500000001ffffffff000000003600000001ffffffff000000003700000001ffffffff000000003900000001ffffffff000000003a00000001ffffffff000000003b00000001ffffffff000000003d0000000200000008010000003e000000010000000800,168859696229,0,758000000,0,84429848083,15021067650,t,2026-09-25 10:59:06.654887+00,758
22b4e881-fe3c-4544-8a08-96e12bfe4fd0,9ac44ac0-c7f6-4b33-a402-c9e92e17392b,759000000,4,2,1000000,64,64,9,\x0003061e363330180a0d1b090c0f273f3c3921131624120401190b0e263e2c2f1725371f07152d2a383b291114223a281002051d1a082032352331341c2e2b3d,\x000204204000020420800220001120000102102000091482018a421008180a4080008c0848500880020401010808028000120081811040000520c001040101014020080044000401,1,\x0000000f0000001800000001ffffffff000000002400000001ffffffff000000002a00000001ffffffff000000002f00000001ffffffff010000003000000001000000080000000032000000010000000800000000350000000100000008000000003700000001000000080000000038000000010000000800000000390000000100000008000000003a0000000100000008000000003b0000000100000008000000003c0000000100000008000000003d0000000100000008000000003e000000010000000800,169035470649,0,759000000,0,84517735293,15035707028,t,2026-09-25 11:00:31.236044+00,759
306fd1bd-d640-4d3e-81d2-104680b7cb75,9ac44ac0-c7f6-4b33-a402-c9e92e17392b,760000000,4,2,1000000,64,64,9,\x0003061e363330180a0d1b090c0f273f3c39211316241220080b0e1c2e2b281002051d35321a2c3a22343119010407152311293b3e2614172f3d25371f2d2a38,\x000204204000020420800220001120000102102000091482018a46460204602000820c208002182000018880054106440002244000060c4210101000088800041000110004010404,1,\x000000110000001c00000001ffffffff000000002400000001ffffffff000000002500000001ffffffff000000002b00000001ffffffff000000002c00000001ffffffff000000002d00000001ffffffff000000003200000001ffffffff0000000034000000020000000401000000350000000100000008000000003600000001000000080000000038000000010000000800000000390000000100000008000000003a0000000100000008000000003b0000000100000008000000003c0000000100000008000000003d0000000100000008000000003e000000010000000800,169333975341,0,760000000,0,84666987639,15060928294,t,2026-09-25 11:03:25.589185+00,760
83511637-52d5-46d7-8528-40656f8acf5e,9ac44ac0-c7f6-4b33-a402-c9e92e17392b,761000000,4,2,1000000,64,64,9,\x0003061e363330180a0d1b090c0f273f3c392113160401193134371f071523353224122a2d3b3820080b0e1c2e2b1d1a283a3d2522100205172f2c3e26141129,\x00020420400002042080022000112000010210200009148205040204020400030401070110008160100001042040020440200082242908840400020104a000020840100004040402,1,\x0000000f0000001600000001ffffffff000000001c00000001ffffffff000000002100000001ffffffff000000002400000001ffffffff000000002600000001ffffffff000000002700000001ffffffff000000002b00000001ffffffff000000002c00000001ffffffff000000003500000001ffffffff000000003700000001ffffffff000000003900000001ffffffff000000003b0000000200000004010000003c0000000100000008000000003d0000000100000008000000003e000000010000000800,169550133943,0,761000000,0,84775066940,15079615790,t,2026-09-25 11:05:15.191567+00,761
621c6aaa-c0c9-4736-ad97-14f9cf5bf8b8,9ac44ac0-c7f6-4b33-a402-c9e92e17392b,762000000,4,2,1000000,64,64,9,\x0003061e363330180a0d1b090c0f273f3c39211316040119312311293b3e2c14263422100205172f3d3a281a080b0e1c2e2b1d3532241220382a2d15071f3725,\x000204204000020420800220001120000102102000091482050402040289202020009824029084200128800002082080080422400004022000220001100804040005000288000110,1,\x0000000f0000001600000001ffffffff00000000290000000200000006010000002e00000001000000080000000030000000010000000800000000310000000100000008000000003200000001000000080000000033000000010000000800000000350000000100000008000000003700000001000000080000000038000000010000000800000000390000000100000008000000003b0000000100000008000000003c0000000100000008000000003d0000000100000008000000003e000000010000000800,169759263935,0,762000000,0,84879631936,15097381396,t,2026-09-25 11:06:45.290023+00,762
f93b1463-85e4-4e1f-b60c-aab0baf62fd8,9ac44ac0-c7f6-4b33-a402-c9e92e17392b,763000000,4,2,1000000,64,64,9,\x0003061e363330180a0d1b090c0f273f3c392113160401190b1d2b2e1c0e263e3b2911142c3a3d2f170502102225373431233532241215071f2d2a3820081a28,\x000204204000020420800220001120000102102000091482050402862638090002100102106000095020410040404040406020800008100009800008440040041040400004880004,1,\x000000130000001600000001ffffffff000000001b00000001ffffffff000000001d00000001ffffffff000000002700000001ffffffff000000002900000001ffffffff000000002c00000001ffffffff010000002d0000000100000008000000002f0000000100000008000000003000000001000000080000000032000000010000000800000000340000000100000008000000003700000001000000080000000038000000010000000800000000390000000100000008000000003a0000000100000008000000003b0000000100000008000000003c0000000100000008000000003d0000000100000008000000003e000000010000000800,170027355761,0,763000000,0,85013677849,15120411231,t,2026-09-25 11:08:58.019415+00,763
4c218fd3-838e-4ee4-aee8-e0efe4bcea94,9ac44ac0-c7f6-4b33-a402-c9e92e17392b,764000000,4,2,1000000,64,64,9,\x0003061e363330180a0d1b090c0f273f3c39211310283a3d2b2e16241220382a2d15070401191c1f3725223431233b3e260e0b081a32351d050214172f2c2911,\x0002042040000204208002200011200001021020000914838080002002004180a2910140018000a20081408100044040100001908100408040802080400020422008084000020420,1,\x0000000c0000002400000001ffffffff000000002700000001ffffffff000000002c00000001ffffffff000000003100000001ffffffff000000003300000001ffffffff000000003500000001ffffffff000000003600000001ffffffff000000003900000001ffffffff000000003b0000000200000004010000003c0000000100000008000000003d0000000100000008000000003e000000010000000800,170346367645,0,764000000,0,85173183791,15147518709,t,2026-09-25 11:11:43.294539+00,764
0f1f1597-4185-4d63-8b64-cbb71ec0f705,9ac44ac0-c7f6-4b33-a402-c9e92e17392b,765000000,4,2,1000000,64,64,9,\x0003061e363330180a0d1b090c0f273f3c39211310283a3d2f1705021a080b19010407151224162e2b1d353220383b3e2c2911233134371f2d2a1c0e26142225,\x000204204000020420800220001120000102102000091483808000e080a080600044800540020460404100200210001180008240a000202000198020400030082000024400048200,0,\x0000000f0000002000000001ffffffff000000002600000001ffffffff000000002800000001ffffffff000000002900000001ffffffff000000002b00000001ffffffff000000003100000001ffffffff000000003400000001ffffffff000000003700000001ffffffff000000003800000001ffffffff000000003900000001ffffffff000000003a00000001ffffffff000000003b00000001ffffffff000000003c00000001ffffffff000000003d00000001ffffffff000000003e00000001ffffffff00,170708756851,0,765000000,0,85354378394,15179767397,t,2026-09-25 11:14:35.762844+00,765
c758dd19-e877-4adf-8d6c-74528315c897,9ac44ac0-c7f6-4b33-a402-c9e92e17392b,766000000,4,2,1000000,64,64,9,\x0003061e363330180a0d1b090c0f273f3c39211310283a2225371f07152d2a383b3e260e0b0820321a021417051d352331341c1901041224162e2b3d2f2c2911,\x000204204000020420800220001120000102102000091483808020010440018280000404010280418201028141c1800c080082000110280200910024000201800840100008020420,0,\x0000000e0000002c00000001ffffffff000000002e00000001ffffffff000000003000000001ffffffff000000003100000001ffffffff000000003400000001ffffffff000000003600000001ffffffff000000003700000001ffffffff000000003800000001ffffffff000000003900000001ffffffff000000003a00000001ffffffff000000003b00000001ffffffff000000003c00000001ffffffff000000003d00000001ffffffff000000003e00000001ffffffff00,170998113175,0,766000000,0,85499056556,15205412851,t,2026-09-25 11:16:51.863694+00,766
fa4ef1b6-0046-4315-b712-053a862c8509,9ac44ac0-c7f6-4b33-a402-c9e92e17392b,767000000,4,2,1000000,64,64,9,\x0003061e363330180a0d1b090c0f273f3c39211310283a22251705021411293b382a2d1f37343123351d1a3224162e1c0407151220080b0e263e2c2f3d2b1901,\x000204204000020420800220001120000102102000091483808020010c8180200002810111000500460002046003a06830000a100118d00220808000488000040880088000040820,1,\x0000000e0000002400000001ffffffff0000000031000000020000000401000000320000000100000008000000003300000001000000080000000034000000010000000800000000350000000100000008000000003700000001000000080000000038000000010000000800000000390000000100000008000000003a0000000100000008000000003b0000000100000008000000003c0000000100000008000000003d0000000100000008000000003e000000010000000800,171220068443,0,767000000,0,85610034190,15224602501,t,2026-09-25 11:18:32.579956+00,767
f847ad7a-c71a-403a-9fb4-83c3b2b871c8,9ac44ac0-c7f6-4b33-a402-c9e92e17392b,768000000,4,2,1000000,64,64,9,\x0003061e363330180a0d1b090c0f273f3c39211310283a22343123353224162e2b3d2f2c3e260e0b1d05021a0820382a120401191c1f3725171411293b2d1507,\x00020420400002042080022000112000010210200009148380802003220013000110200210040083230008100802a048200082008140400241201020000110802040202000101040,1,\x0000000e0000002b00000001ffffffff000000002c00000001ffffffff000000003200000001ffffffff000000003300000001ffffffff000000003400000001ffffffff00000000360000000200000006010000003700000001000000080000000038000000010000000800000000390000000100000008000000003a0000000100000008000000003b0000000100000008000000003c0000000100000008000000003d0000000100000008000000003e000000010000000800,171471305057,0,768000000,0,85735652497,15246419143,t,2026-09-25 11:20:27.849675+00,768
beb4f492-e9e0-4813-b3d4-a121c47ab65a,9ac44ac0-c7f6-4b33-a402-c9e92e17392b,769000000,4,2,1000000,64,64,9,\x0003061e363330180a0d1b090c0f273f3c39211310283a221411292c2f1d0b0e1c190104071f37253d2b2e162412152d2a383b3e26343123353220081a020517,\x0002042040000204208002200011200001021020000914838080208320100830000d9f000c3e00091080000118044004008200450002101004080004010440022080002200480001,1,\x0000000f0000002200000001ffffffff0000000028000000020000000701000000290000000100000008000000002a0000000100000008000000002b00000001000000080000000030000000010000000800000000330000000100000008000000003500000001000000080000000036000000010000000800000000380000000100000008000000003a0000000100000008000000003b0000000100000008000000003c0000000100000008000000003d0000000100000008000000003e000000010000000800,171681094317,0,769000000,0,85840547127,15263743994,t,2026-09-25 11:22:17.343855+00,769
27a0bfcd-60dc-47bb-8b90-95ec6003a308,9ac44ac0-c7f6-4b33-a402-c9e92e17392b,770000000,4,2,1000000,64,64,9,\x0003061e363330180a0d1b090c0f273f3c39211310283a22142c3e3b2911233134260e1c1f37253d2f1705021a080b1d353220382a2d151224162e2b19010407,\x000204204000020420800220001120000102102000091483808020836e08800202888005010001c13080000802808080804000440001042080200028001048020011800002488000,1,\x000000100000001c00000001ffffffff000000001d00000001ffffffff000000002100000001ffffffff000000002500000001ffffffff000000002900000001ffffffff000000002b00000001ffffffff000000003000000001ffffffff000000003300000001ffffffff000000003500000001ffffffff000000003700000001ffffffff01000000380000000100000008000000003a0000000100000008000000003b0000000100000008000000003c0000000100000008000000003d0000000100000008000000003e000000010000000800,171943854129,0,770000000,0,85971927033,15286082968,t,2026-09-25 11:24:12.10093+00,770
22de7c72-576e-4e9b-bcab-fd1d93d3c24d,9ac44ac0-c7f6-4b33-a402-c9e92e17392b,771000000,4,2,1000000,64,64,9,\x0003061e363330180a0d1b090c0f273f3c39211310283a2c2911230b081a02142225371f07152d3b3e2634311901041224162e2b3d2f17051d353220382a1c0e,\x00020420400002042080022000112000010210200009148380806012800cf81641009001080208800204010104018020810004480007020011802000101010040840004100102040,1,\x0000000f0000002800000001ffffffff000000002a00000001ffffffff010000002b0000000100000008000000002d0000000100000008000000003100000001000000080000000034000000010000000800000000360000000100000008000000003700000001000000080000000038000000010000000800000000390000000100000008000000003a0000000100000008000000003b0000000100000008000000003c0000000100000008000000003d0000000100000008000000003e000000010000000800,172198282707,0,771000000,0,86099141322,15307592591,t,2026-09-25 11:26:00.636214+00,771
ccec0ee7-1cc9-4b54-92d7-815aebd5341f,9ac44ac0-c7f6-4b33-a402-c9e92e17392b,772000000,4,2,1000000,64,64,9,\x0003061e363330180a0d1b090c0f273f3c39211310282b2e1624323523263e3b382a1220080b0e1c34223a3d2f1d1a2c29111402051725371f2d150704011931,\x000204204000020420800220001120000102102000091483c0800040102008002617010810800541002440000455621008000c040401108004001140000201401000010401020102,1,\x000000100000002300000001ffffffff000000002600000001ffffffff000000002900000001ffffffff0100000030000000010000000800000000310000000100000008000000003300000001000000080000000034000000010000000800000000350000000100000008000000003600000001000000080000000037000000010000000800000000390000000100000008000000003a0000000100000008000000003b0000000100000008000000003c0000000100000008000000003d0000000100000008000000003e000000010000000800,172489572737,0,772000000,0,86244786337,15333857297,t,2026-09-25 11:28:07.265759+00,772
b3a9a513-755c-4716-9f7f-e2dd71198d66,9ac44ac0-c7f6-4b33-a402-c9e92e17392b,773000000,4,2,1000000,64,64,9,\x0003061e363330180a0d1b090c0f273f3c39211310282b2e1624122a383b3e260e0b1901041c34312311292c2f17051d353220081a0214223a3d25371f2d1507,\x000204204000020420800220001120000102102000091483c080004010a02880204800204030600012a04001088064100890000d0c02042080002200880004040200110004011040,1,\x0000000f0000002300000001ffffffff000000002700000001ffffffff000000002a00000001ffffffff000000003000000001ffffffff000000003200000001ffffffff000000003300000001ffffffff000000003400000001ffffffff000000003500000001ffffffff000000003600000001ffffffff000000003800000001ffffffff000000003900000001ffffffff000000003a00000001ffffffff000000003b00000001ffffffff000000003d0000000200000006010000003e000000010000000800,172670951501,0,773000000,0,86335475719,15349685312,t,2026-09-25 11:29:27.445175+00,773
11eea307-2fcc-4c93-aa48-32245152d0c1,9ac44ac0-c7f6-4b33-a402-c9e92e17392b,774000000,4,2,1000000,64,64,9,\x0003061e363330180a0d1b090c0f273f3c39211310282b2e160407152d2a383b291114172f3d25371f1c0e263e2c3a2234312320122432351d05021a080b1901,\x000204204000020420800220001120000102102000091483c08000405044604000128200218004084102011401402000224000040220022000930048008200408040200022000220,1,\x0000000f0000001a00000001ffffffff01000000280000000100000008000000002c0000000100000008000000002e0000000100000008000000002f00000001000000080000000030000000010000000800000000340000000100000008000000003500000001000000080000000037000000010000000800000000390000000100000008000000003a0000000100000008000000003b0000000100000008000000003c0000000100000008000000003d0000000100000008000000003e000000010000000800,172862927783,0,774000000,0,86431463860,15366290659,t,2026-09-25 11:30:55.913309+00,774
4a061390-671a-4a6e-b0d8-953f487b3c9b,9ac44ac0-c7f6-4b33-a402-c9e92e17392b,775000000,4,2,1000000,64,64,9,\x0003061e363330180a0d1b090c0f273f3c39211310282b3d3a2234261402051725371f2d2a3820080b0e1c2e1624121507040119312311293b3e2c2f1d35321a,\x000204204000020420800220001120000102102000091483c0800110800c884406460001080400410201411020030220100004018a00802040204000100802020280080082000420,1,\x0000000f0000002000000001ffffffff000000002100000001ffffffff000000002900000001ffffffff000000002b00000001ffffffff000000003000000001ffffffff000000003100000001ffffffff000000003200000001ffffffff000000003300000001ffffffff000000003400000001ffffffff000000003600000001ffffffff000000003800000001ffffffff000000003900000001ffffffff000000003b00000001ffffffff000000003d0000000200000004010000003e000000010000000800,173158099855,0,775000000,0,86579049896,15392054401,t,2026-09-25 11:33:19.471125+00,775
73acc9bf-e9b8-4bb2-85b5-01f82736d91e,9ac44ac0-c7f6-4b33-a402-c9e92e17392b,776000000,4,2,1000000,64,64,9,\x0003061e363330180a0d1b090c0f273f3c39211310282b190104071f1c2e162412152d2a382032351d05021a2c14223a3d2f17253734312311293b3e260e0b08,\x000204204000020420800220001120000102102000091483c0801140020420c0410010042802108080208880004080402020624b0602010001412000020440200808080004080408,1,\x000000120000001800000001ffffffff000000001d00000001ffffffff000000001e00000001ffffffff000000002300000001ffffffff000000002c00000001ffffffff010000002f000000010000000800000000310000000100000008000000003200000001000000080000000033000000010000000800000000340000000100000008000000003600000001000000080000000038000000010000000800000000390000000100000008000000003a0000000100000008000000003b0000000100000008000000003c0000000100000008000000003d0000000100000008000000003e000000010000000800,173459089317,0,776000000,0,86729544627,15417608777,t,2026-09-25 11:35:26.909222+00,776
2f96728d-2554-48ad-b56b-7cc9bf31f72a,9ac44ac0-c7f6-4b33-a402-c9e92e17392b,777000000,4,2,1000000,64,64,9,\x0003061e363330180a0d1b090c0f273f3c39211310282b1d05172f3d3a2c291114021a3235233119010407151224162e1c1f37252234263e3b2d2a3820080b0e,\x000204204000020420800220001120000102102000091483c08051442410400001980420014010201100040220400204404041002002200210000141002002100041400004488000,1,\x000000100000002100000001ffffffff000000002400000001ffffffff000000002800000001ffffffff000000002d00000001ffffffff000000002e00000001ffffffff000000002f00000001ffffffff000000003300000001ffffffff000000003400000001ffffffff000000003500000001ffffffff0000000037000000020000000601000000390000000100000008000000003a0000000100000008000000003b0000000100000008000000003c0000000100000008000000003d0000000100000008000000003e000000010000000800,173721281733,0,777000000,0,86860640835,15439838905,t,2026-09-25 11:37:33.71937+00,777
cd0a2e44-a9a8-4968-8bd6-25cf5de8ec1f,9ac44ac0-c7f6-4b33-a402-c9e92e17392b,778000000,4,2,1000000,64,64,9,\x0003061e363330180a0d1b090c0f273f3c39211310281a080b1d353220382a1c0e263e2c2f1705021411293b2d1f070401192b2e1624121523313437253d3a22,\x000204204000020420800220001120000102102000091483c0201001061080008a00a06080081080110009080802201010000c10110c100808080004018800081004080082000420,1,\x0000000f0000002000000001ffffffff000000002600000001ffffffff000000002700000001ffffffff000000002a00000001ffffffff000000003000000001ffffffff000000003300000001ffffffff000000003400000001ffffffff000000003500000001ffffffff000000003600000001ffffffff000000003700000001ffffffff000000003800000001ffffffff000000003900000001ffffffff000000003b00000001ffffffff000000003d0000000200000004010000003e000000010000000800,173982101907,0,778000000,0,86991050922,15462145901,t,2026-09-25 11:39:48.360997+00,778
0246b660-142e-42b5-b818-65f26d94215d,9ac44ac0-c7f6-4b33-a402-c9e92e17392b,779000000,4,2,1000000,64,64,9,\x0003061e363330180a0d1b090c0f273f3c39211310281a0205171411292c3a222537343123152d3b3e260e0b082032351d2f3d2b190104071f1c2e1624122a38,\x000204204000020420800220001120000102102000091483c02030010470804020c002200104408000ec102104018000810081808100400420001102488000042008008200040104,1,\x0000000f0000002800000001ffffffff000000002900000001ffffffff000000002c00000001ffffffff000000002e00000001ffffffff010000002f00000001000000080000000031000000010000000800000000320000000100000008000000003500000001000000080000000037000000010000000800000000380000000100000008000000003a0000000100000008000000003b0000000100000008000000003c0000000100000008000000003d0000000100000008000000003e000000010000000800,174339856121,0,779000000,0,87169928029,15494189930,t,2026-09-25 11:42:58.931373+00,779
f5047c76-d40e-4fe5-837f-bd320b6ed642,9ac44ac0-c7f6-4b33-a402-c9e92e17392b,780000000,4,2,1000000,64,64,9,\x0003061e363330180a0d1b090c0f273f3c39211310281a3224162e2b3d3a22253734263e2c1411293b3820080b0e1c2a2d1f0715120401193123351d2f170502,\x000204204000020420800220001120000102102000091483c020328100118020000290000220402200224a0c02022000011220008204010001410001100402040009002200080808,1,\x0000000f0000002600000001ffffffff01000000270000000100000008000000002b0000000100000008000000002d000000010000000800000000310000000100000008000000003400000001000000080000000035000000010000000800000000360000000100000008000000003700000001000000080000000038000000010000000800000000390000000100000008000000003a0000000100000008000000003c0000000100000008000000003d0000000100000008000000003e000000010000000800,174675471227,0,780000000,0,87337735582,15523660875,t,2026-09-25 11:45:32.238172+00,780
a1edc704-df15-4d31-9d43-02167de3ae00,9ac44ac0-c7f6-4b33-a402-c9e92e17392b,781000000,4,2,1000000,64,64,9,\x0003061e363330180a0d1b090c0f273f3c392113100205172f3d253734311901041224162e2b281a1d0b0820323523263e2c3a221411293b382a2d15071f1c0e,\x000204204000020420800220001120000102102000091483500001041000110005021020011e08004400020441014840202020008850446020000208020101100005000288000440,1,\x000000100000001f00000001ffffffff000000002300000001ffffffff000000002a00000001ffffffff000000002c00000001ffffffff000000002d00000001ffffffff000000003000000001ffffffff010000003200000001000000080000000033000000010000000800000000340000000100000008000000003500000001000000080000000036000000010000000800000000380000000100000008000000003b0000000100000008000000003c0000000100000008000000003d0000000100000008000000003e000000010000000800,175014520175,0,781000000,0,87507260056,15553637385,t,2026-09-25 11:48:01.124071+00,781
1897224f-5edd-4b17-8247-4ef4e5c6751a,9ac44ac0-c7f6-4b33-a402-c9e92e17392b,782000000,4,2,1000000,64,64,9,\x0003061e363330180a0d1b090c0f273f3c392113100205172f3d3a222537341c0e0b082032351d1a282b2e162412152331190104071f2d2a383b292c3e261411,\x000204204000020420800220001120000102102000091483500001041040011340000468832840306020001008080204008200442146088000091080000208080284082200080808,1,\x000000100000001c00000001ffffffff000000002800000001ffffffff000000002a00000001ffffffff000000002c00000001ffffffff000000003000000001ffffffff000000003100000001ffffffff000000003200000001ffffffff000000003300000001ffffffff000000003400000001ffffffff000000003500000001ffffffff000000003700000001ffffffff000000003800000001ffffffff000000003b00000001ffffffff010000003c0000000100000008000000003d0000000100000008000000003e000000010000000800,175182959021,0,782000000,0,87591479479,15568063188,t,2026-09-25 11:49:17.865743+00,782
1fee89ba-368e-4f32-b059-eec78739e29c,9ac44ac0-c7f6-4b33-a402-c9e92e17392b,783000000,4,2,1000000,64,64,9,\x0003061e363330180a0d1b090c0f273f3c392113100205172f1d353220382a2d1f07151224160401193134223a281a080b233b2911142c3e260e1c2e2b3d2537,\x00020420400002042080022000112000010210200009148350000104501080008e00a000c88820802000100908040804085320442010010a10080124000101408020100041001001,1,\x0000000e0000002400000001ffffffff000000002700000001ffffffff000000002b00000001ffffffff010000002f00000001000000080000000034000000010000000800000000360000000100000008000000003700000001000000080000000038000000010000000800000000390000000100000008000000003a0000000100000008000000003b0000000100000008000000003c0000000100000008000000003d0000000100000008000000003e000000010000000800,175370224551,0,783000000,0,87685112244,15584196467,t,2026-09-25 11:50:49.40033+00,783
92f3e20c-d892-4cf2-9fd8-dfcadcb0dd2c,9ac44ac0-c7f6-4b33-a402-c9e92e17392b,784000000,4,2,1000000,64,64,9,\x0003061e363330180a0d1b090c0f273f3c392113100205172f2c3e261411293b2d1f071523351d2b3d3a2225373431190104162e1c0e0b0820382a1224321a28,\x00020420400002042080022000112000010210200009148350000104700880020202010190a01141804000141c032080092000020420400208200002100408060800022200011004,1,\x0000000f0000001e00000001ffffffff000000002a00000001ffffffff010000002b0000000100000008000000002c0000000100000008000000002e00000001000000080000000030000000010000000800000000330000000100000008000000003500000001000000080000000036000000010000000800000000390000000100000008000000003a0000000100000008000000003b0000000100000008000000003c0000000100000008000000003d0000000100000008000000003e000000010000000800,175581684011,0,784000000,0,87790841974,15602211037,t,2026-09-25 11:52:29.70987+00,784
b257f99d-95d9-4a60-b131-c2d21d398bfa,9ac44ac0-c7f6-4b33-a402-c9e92e17392b,785000000,4,2,1000000,64,64,9,\x0003061e363330180a0d1b090c0f273f3c3921131002051725371f070401193123351d2f3d2b283a2c3e3b291114260e0b081a3220382a2d151224162e1c3422,\x0002042040000204208002200011200001021020000914835000010c0400018201020102810440118000440401c0044000012480022410200820008200a000402008004400040110,1,\x0000000f0000001d00000001ffffffff000000002b00000001ffffffff000000002c00000001ffffffff000000002e00000001ffffffff010000003000000001000000080000000032000000010000000800000000350000000100000008000000003700000001000000080000000038000000010000000800000000390000000100000008000000003a0000000100000008000000003b0000000100000008000000003c0000000100000008000000003d0000000100000008000000003e000000010000000800,175790722051,0,785000000,0,87895360994,15620222052,t,2026-09-25 11:54:10.634376+00,785
5d9fd67d-ddfb-4b5a-afbc-3c4e47e5d557,9ac44ac0-c7f6-4b33-a402-c9e92e17392b,786000000,4,2,1000000,64,64,9,\x0003061e363330180a0d1b090c0f273f3c39211310020517253d2f1d2b281a2c3a221411293b2d15071f37341c2e162432352331190104122a3820080b0e263e,\x0002042040000204208002200011200001021020000914835000010c0c0002c12082201308800082404040242880081080004d001004080280400004480004041000011220000102,1,\x000000100000002000000001ffffffff000000002400000001ffffffff000000002600000001ffffffff010000002a0000000100000008000000002d0000000100000008000000003100000001000000080000000033000000010000000800000000350000000100000008000000003600000001000000080000000038000000010000000800000000390000000100000008000000003a0000000100000008000000003b0000000100000008000000003c0000000100000008000000003d0000000100000008000000003e000000010000000800,176014418051,0,786000000,0,88007208994,15639322161,t,2026-09-25 11:56:20.564328+00,786
3f478366-43ba-40dc-86f2-ca1ddb896a8a,9ac44ac0-c7f6-4b33-a402-c9e92e17392b,787000000,4,2,1000000,64,64,9,\x0003061e363330180a0d1b090c0f273f3c392113100205171411292c2f3d3a22253734263e3b382a1224162e2b281a1d353220233119010407152d1f1c0e0b08,\x0002042040000204208002200011200001021020000914835000011c201008100001043001044080440002044041040022000102a000042080088200089000011010000401100408,1,\x0000000d0000002000000001ffffffff000000002400000001ffffffff000000002d00000001ffffffff000000003100000001ffffffff000000003300000001ffffffff010000003400000001000000080000000036000000010000000800000000390000000100000008000000003a0000000100000008000000003b0000000100000008000000003c0000000100000008000000003d0000000100000008000000003e000000010000000800,176272825589,0,787000000,0,88136412763,15661595935,t,2026-09-25 11:58:22.823415+00,787
ef2d52eb-4514-43c5-81e3-15b25421560e,9ac44ac0-c7f6-4b33-a402-c9e92e17392b,788000000,4,2,1000000,64,64,9,\x0003061e363330180a0d1b090c0f273f3c392113100205171411293b38203224162e2b281a080b0e263e2c2f1d35233134223a3d25371f2d2a1c190104121507,\x0002042040000204208002200011200001021020000914835000011c2010181001989040800840802008448000040880080082000804414210080044001004108041001220410040,1,\x0000000c0000002500000001ffffffff000000002900000001ffffffff000000002c00000001ffffffff000000002d00000001ffffffff000000003200000001ffffffff000000003300000001ffffffff000000003400000001ffffffff000000003500000001ffffffff000000003a00000001ffffffff000000003b00000001ffffffff000000003d0000000200000008010000003e000000010000000800,176439940315,0,788000000,0,88219970126,15675692131,t,2026-09-25 11:59:41.987012+00,788
c33d96b5-48e1-4bb9-bb57-ba667701b937,9ac44ac0-c7f6-4b33-a402-c9e92e17392b,789000000,4,2,1000000,64,64,9,\x0003061e363330180a0d1b090c0f273f3c3921131002051714263e2c2f3d25371f07151224321a283a22341c0e0b0820382a2d3b29112331190104162e2b1d35,\x0002042040000204208002200011200001021020000914835000011c3410801100011401508020a02000511804028008800208020402040005400002880005408004104000022002,1,\x0000000f0000002800000001ffffffff000000002900000001ffffffff000000002c00000001ffffffff000000002e00000001ffffffff000000003100000001ffffffff000000003200000001ffffffff000000003400000001ffffffff000000003500000001ffffffff0000000037000000020000000801000000390000000100000008000000003a0000000100000008000000003b0000000100000008000000003c0000000100000008000000003d0000000100000008000000003e000000010000000800,176687431603,0,789000000,0,88343715770,15696872255,t,2026-09-25 12:01:51.715548+00,789
a8f95547-68c2-490b-85fe-bc8e310e1783,9ac44ac0-c7f6-4b33-a402-c9e92e17392b,790000000,4,2,1000000,64,64,9,\x0003061e363330180a0d1b090c0f273f3c3921131002051d3532241220382a1c0e0b081a283a223431190104162e2b3d2f1725371f07152d3b2911142c3e2623,\x00020420400002042080022000112000010210200009148350000304200002d58000a040822040108060409001118000092080000401c08020100004080202084204194040001008,1,\x0000000d0000002200000001ffffffff000000002a00000001ffffffff000000002c00000001ffffffff000000002d00000001ffffffff000000002e00000001ffffffff000000003200000001ffffffff000000003300000001ffffffff000000003500000001ffffffff000000003700000001ffffffff000000003b00000001ffffffff010000003c0000000100000008000000003d0000000100000008000000003e000000010000000800,176943565885,0,790000000,0,88471782911,15719399799,t,2026-09-25 12:03:56.371501+00,790
c35cc87d-ff13-41da-8f0c-7ed76518d69c,9ac44ac0-c7f6-4b33-a402-c9e92e17392b,791000000,4,2,1000000,64,64,9,\x0003061e363330180a0d1b090c0f273f3c3921131002051d3532202331343725223a281a080b190104071f1c0e2614172f3d2b2e162412152d2a383b3e2c2911,\x0002042040000204208002200011200001021020000914835000030420802b8620400010100884000422400220010210c00088008900041080080004018800042020081000040420,1,\x0000000f0000002400000001ffffffff000000002700000001ffffffff000000002c00000001ffffffff000000002f000000020000000401000000310000000100000008000000003200000001000000080000000033000000010000000800000000340000000100000008000000003500000001000000080000000037000000010000000800000000390000000100000008000000003a0000000100000008000000003c0000000100000008000000003d0000000100000008000000003e000000010000000800,177118007619,0,791000000,0,88559003778,15733867160,t,2026-09-25 12:05:23.42387+00,791
263d51b2-bd53-4342-b97b-b2a589e0bb0e,9ac44ac0-c7f6-4b33-a402-c9e92e17392b,792000000,4,2,1000000,64,64,9,\x0003061e363330180a0d1b090c0f273f3c3921131002051d2b2e1624120407152d3b3e260e0b081a283a3d2f2c29111417252234371f1c2a3820323523311901,\x0002042040000204208002200011200001021020000914835000030e02004180a2500404043005000204020401080404000401029000011040101000080404088008080002011020,1,\x0000000e0000001e00000001ffffffff01000000280000000100000008000000002d0000000100000008000000003000000001000000080000000032000000010000000800000000340000000100000008000000003500000001000000080000000037000000010000000800000000380000000100000008000000003a0000000100000008000000003b0000000100000008000000003c0000000100000008000000003d0000000100000008000000003e000000010000000800,177438876115,0,792000000,0,88719438026,15762224509,t,2026-09-25 12:08:05.862585+00,792
b592d031-26b2-4be1-a03c-b0d2b383ebc5,9ac44ac0-c7f6-4b33-a402-c9e92e17392b,793000000,4,2,1000000,64,64,9,\x0003061e363330180a0d1b090c0f273f3c3921131002051d0b081a283a3d2b2e1c0e263e2c2f1725221411293b382023353224160401193134371f07152d2a12,\x0002042040000204208002200011200001021020000914835000033e220840302000880060001120002200100412004120200002b001022000020402020102010200018280000420,1,\x0000000f0000002100000001ffffffff000000002500000001ffffffff000000002900000001ffffffff000000002b00000001ffffffff000000003000000001ffffffff000000003100000001ffffffff000000003300000001ffffffff000000003500000001ffffffff000000003600000001ffffffff000000003700000001ffffffff000000003800000001ffffffff000000003900000001ffffffff000000003b00000001ffffffff000000003d0000000200000004010000003e000000010000000800,177745653357,0,793000000,0,88872826647,15788934933,t,2026-09-25 12:10:53.312513+00,793
6f4fbe83-e120-435e-a826-3ff5e1f0d411,9ac44ac0-c7f6-4b33-a402-c9e92e17392b,794000000,4,2,1000000,64,64,9,\x0003061e363330180a0d1b090c0f273f3c39211310021411293b3e260e1c2e1624122a382032351d05172f2c3a3d2b281a080b19010407152d1f372522343123,\x000204204000020420800220001120000102102000091483d00008040604000304830020085010400044400030400410808022000808804004600024400006040011000141000440,1,\x0000000d0000002300000001ffffffff000000002800000001ffffffff000000002f00000001ffffffff000000003000000001ffffffff000000003100000001ffffffff000000003400000001ffffffff000000003500000001ffffffff0000000038000000020000000301000000390000000100000008000000003b0000000100000008000000003c0000000100000008000000003d0000000100000008000000003e000000010000000800,178001057189,0,794000000,0,89000528563,15811014757,t,2026-09-25 12:12:55.771818+00,794
79ea9962-b395-42da-bdf2-eed6518dbe96,9ac44ac0-c7f6-4b33-a402-c9e92e17392b,795000000,4,2,1000000,64,64,9,\x0003061e363330180a0d1b090c0f273f3c392113100214223a282b3d253734312311293b3e260e1c1f07152d2a382032351d05172f2c1a080b1901041224162e,\x000204204000020420800220001120000102102000091483d0800c054004180044000408c0401018100008100c039020200001011061018000114000020810011000098040002002,1,\x000000120000002100000001ffffffff000000002500000001ffffffff000000002800000001ffffffff010000002b0000000100000008000000002d0000000100000008000000003000000001000000080000000032000000010000000800000000330000000100000008000000003400000001000000080000000035000000010000000800000000360000000100000008000000003700000001000000080000000038000000010000000800000000390000000100000008000000003a0000000100000008000000003c0000000100000008000000003d0000000100000008000000003e000000010000000800,178335756807,0,795000000,0,89167878372,15840158900,t,2026-09-25 12:15:41.482998+00,795
f53010ac-18e0-4250-864b-25ce18f9050c,9ac44ac0-c7f6-4b33-a402-c9e92e17392b,796000000,4,2,1000000,64,64,9,\x0003061e363330180a0d1b090c0f273f3c39211310021a283a221411292c3e3b382a2d15071f37253d2f17051d353220080b0e1c34262331192b2e1624120401,\x000204204000020420800220001120000102102000091483d0010402820c824020800008100005000288000110040001014180000450400204606000100404400404008200042008,1,\x0000000b0000002a00000001ffffffff000000002b00000001ffffffff000000003000000001ffffffff000000003500000001ffffffff000000003600000001ffffffff000000003700000001ffffffff00000000390000000200000006010000003a0000000100000008000000003c0000000100000008000000003d0000000100000008000000003e000000010000000800,178796105829,0,796000000,0,89398052883,15881060091,t,2026-09-25 12:19:40.883683+00,796
0ca3a2ca-21c3-47f0-99b1-1477e8860299,9ac44ac0-c7f6-4b33-a402-c9e92e17392b,797000000,4,2,1000000,64,64,9,\x0003061e363330180a0d1b090c0f273f3c39211310021a080b1d051725223a282b3d2f2c3e260e1c2e160401193134371f0715233532241220382a2d3b291114,\x000204204000020420800220001120000102102000091483d0011401060011c0c00201100104008220000a18040280a0804080408000408020e020000220100808000a8000049000,1,\x000000130000001a00000001ffffffff000000001f00000001ffffffff000000002100000001ffffffff000000002200000001ffffffff0000000026000000020000000801000000280000000100000008000000002b0000000100000008000000002c0000000100000008000000002e0000000100000008000000002f000000010000000800000000310000000100000008000000003400000001000000080000000036000000010000000800000000380000000100000008000000003a0000000100000008000000003b0000000100000008000000003c0000000100000008000000003d0000000100000008000000003e000000010000000800,179061566033,0,797000000,0,89530782985,15904028300,t,2026-09-25 12:21:46.302701+00,797
a622ba04-62a1-48e9-99bd-4b4c8d1a21ec,9ac44ac0-c7f6-4b33-a402-c9e92e17392b,798000000,4,2,1000000,64,64,9,\x0003061e363330180a0d1b090c0f273f3c39211310021a1d051725371f07152d2a383b3e26233134221411292c2f3d3a282b1901041224162e1c0e0b08203235,\x000204204000020420800220001120000102102000091483d081164004301000040802021010040800068f82002000412010200002082002840012c0810040044000820081808000,1,\x000000100000001800000001ffffffff000000002600000001ffffffff010000002a0000000100000008000000002b0000000100000008000000002d0000000100000008000000002f00000001000000080000000030000000010000000800000000330000000100000008000000003700000001000000080000000038000000010000000800000000390000000100000008000000003a0000000100000008000000003b0000000100000008000000003c0000000100000008000000003d0000000100000008000000003e000000010000000800,179343435819,0,798000000,0,89671717878,15927845752,t,2026-09-25 12:23:47.591765+00,798
33ebc77f-be0b-4557-9a7f-a50e48a183fb,9ac44ac0-c7f6-4b33-a402-c9e92e17392b,799000000,4,2,1000000,64,64,9,\x0003061e363330180a0d1b090c0f273f3c392113102225373431233b2911142c3e260e0b0820382a2d1f1c19010407151224162e2b3d3a281a32351d2f170502,\x0002042040000204208002200011200001021020000914c35000011020003b1503488013028000810081000140018041910024400004100400220041000410800804002200080808,1,\x000000110000001d00000001ffffffff000000002000000001ffffffff000000002100000001ffffffff000000002600000001ffffffff000000002c00000001ffffffff000000002e00000001ffffffff000000002f00000001ffffffff000000003000000001ffffffff000000003200000001ffffffff000000003300000001ffffffff000000003600000001ffffffff000000003700000001ffffffff00000000390000000200000006010000003a0000000100000008000000003c0000000100000008000000003d0000000100000008000000003e000000010000000800,179586178203,0,799000000,0,89793089070,15949061546,t,2026-09-25 12:25:31.115213+00,799
9c616f74-6d72-4ce4-b7a0-689080882c32,9ac44ac0-c7f6-4b33-a402-c9e92e17392b,800000000,4,2,1000000,64,64,9,\x0003061e363330180a0d1b090c0f273f3c392113102225371f2d2a1215070401190b1d1a0820383b3e2c2911140205172f3d3a282b2e162432352331341c0e26,\x0002042040000204208002200011200001021020000914c3500001509040401200100408040e4df00282008100014040001200440001041040001120001004080280401000082002,1,\x000000130000001d00000001ffffffff000000001f00000001ffffffff000000002400000001ffffffff000000002600000001ffffffff000000002a00000001ffffffff000000002d00000001ffffffff000000002e00000001ffffffff000000002f00000001ffffffff000000003000000001ffffffff000000003200000001ffffffff000000003300000001ffffffff000000003400000001ffffffff000000003600000001ffffffff000000003700000001ffffffff000000003800000001ffffffff000000003900000001ffffffff000000003b00000001ffffffff000000003d0000000200000007010000003e000000010000000800,179812737335,0,800000000,0,89906368636,15968750942,t,2026-09-25 12:27:07.750627+00,800
ac4901ad-f4a6-43ba-a055-38dafa4e35c0,9ac44ac0-c7f6-4b33-a402-c9e92e17392b,801000000,4,2,1000000,64,64,9,\x0003061e363330180a0d1b090c0f273f3c3921131022253d2f1d0b081a0205171411292c3e260e1c2a122432352320383b2d15071f373431190104162e2b283a,\x0002042040000204208002200011200001021020000914c350000390e0b089200049000110201008a0000a10040f9208401000040402010001014480000408408004104000020401,0,\x000000130000001e00000001ffffffff000000001f00000001ffffffff000000002400000001ffffffff000000002600000001ffffffff000000002c00000001ffffffff000000002e00000001ffffffff000000002f00000001ffffffff000000003000000001ffffffff000000003200000001ffffffff000000003400000001ffffffff000000003500000001ffffffff000000003600000001ffffffff000000003700000001ffffffff000000003900000001ffffffff000000003a00000001ffffffff000000003b00000001ffffffff000000003c00000001ffffffff000000003d00000001ffffffff000000003e00000001ffffffff00,180125559833,0,801000000,0,90062779885,15995871173,t,2026-09-25 12:29:20.502697+00,801
236094e4-a70b-4cea-aab8-69411e2d52a6,9ac44ac0-c7f6-4b33-a402-c9e92e17392b,802000000,4,2,1000000,64,64,9,\x0003061e363330180a0d1b090c0f273f3c392113102225172f2c29111402051d3523263e3b382a12203224162e2b3d3a281a080b0e1c1f37343119010407152d,\x0002042040000204208002200011200001021020000914c350004324306800120044000204602420000102b0200b0400024400820008200081081000411502102000011220000202,1,\x000000110000001e00000001ffffffff000000002300000001ffffffff000000002a00000001ffffffff000000002e00000001ffffffff000000002f00000001ffffffff000000003000000001ffffffff000000003100000001ffffffff000000003200000001ffffffff000000003400000001ffffffff000000003700000002000000030100000038000000010000000800000000390000000100000008000000003a0000000100000008000000003b0000000100000008000000003c0000000100000008000000003d0000000100000008000000003e000000010000000800,180412705299,0,802000000,0,90206352618,16020393676,t,2026-09-25 12:31:22.33545+00,802
0846afe8-b326-4fad-92e3-fcaad421c8bb,9ac44ac0-c7f6-4b33-a402-c9e92e17392b,803000000,4,2,1000000,64,64,9,\x0003061e363330180a0d1b090c0f273f3c39211310223a282b2e1c190104162432351d05172f3d25373431231114021a2c293b3e260e0b0820382a1215071f2d,\x0002042040000204208002200011200001021020000914c3500110010280e904248000040802000122810002200220400004a2000802022008080004080408040800021280100104,1,\x000000100000001c00000001ffffffff000000001e00000001ffffffff000000002600000001ffffffff000000002700000001ffffffff000000002a00000001ffffffff000000002e00000001ffffffff000000003100000001ffffffff000000003300000001ffffffff000000003400000001ffffffff000000003500000001ffffffff000000003600000001ffffffff000000003700000001ffffffff000000003900000001ffffffff000000003b00000001ffffffff000000003d0000000200000008010000003e000000010000000800,180651267847,0,803000000,0,90325633892,16041426504,t,2026-09-25 12:33:03.562347+00,803
56fdd7f6-d819-4fe9-a22d-03e12bc1fceb,9ac44ac0-c7f6-4b33-a402-c9e92e17392b,804000000,4,2,1000000,64,64,9,\x0003061e363330180a0d1b090c0f273f3c39211310223a282b1d1a0820382a12152d3b291114020517253d2f2c3e260e0b23353224162e1c193134371f070401,\x0002042040000204208002200011200001021020000914c35001100146590151c000a020030820080124008800021810000441001020100808800008100110150804080004080408,1,\x000000100000002600000001ffffffff000000002700000001ffffffff000000002a00000001ffffffff000000002b00000001ffffffff000000002c00000001ffffffff000000002d00000001ffffffff000000003200000001ffffffff000000003300000001ffffffff000000003400000001ffffffff000000003600000001ffffffff00000000390000000200000006010000003a0000000100000008000000003b0000000100000008000000003c0000000100000008000000003d0000000100000008000000003e000000010000000800,180865008901,0,804000000,0,90432504419,16059471739,t,2026-09-25 12:34:33.714417+00,804
e2259a99-57ea-4c46-b744-95a2b06032a8,9ac44ac0-c7f6-4b33-a402-c9e92e17392b,805000000,4,2,1000000,64,64,9,\x0003061e363330180a0d1b090c0f273f3c39211310223a281a32351d05021411293b3e2c2f17253d2b1931230b0820382a2d1f3734260e1c2e16241215070401,\x0002042040000204208002200011200001021020000914c350011081c804000204828008040604001100080202204210091404020102800200230001101004028020001100100408,1,\x0000000f0000001d00000001ffffffff000000002300000001ffffffff000000002500000001ffffffff000000002700000001ffffffff000000002a00000001ffffffff010000002d0000000100000008000000002f000000010000000800000000330000000100000008000000003500000001000000080000000036000000010000000800000000380000000100000008000000003a0000000100000008000000003c0000000100000008000000003d0000000100000008000000003e000000010000000800,181085665613,0,805000000,0,90542832775,16078246213,t,2026-09-25 12:36:09.792996+00,805
31e7aed5-7f98-4303-9139-0ad3b1b9a0be,9ac44ac0-c7f6-4b33-a402-c9e92e17392b,806000000,4,2,1000000,64,64,9,\x0003061e363330180a0d1b090c0f273f3c39211310223a3d2f17253734312315071f2d3b382032351d05021411292c3e260e1c2a1224162e2b281a080b190104,\x0002042040000204208002200011200001021020000914c3508110c0802010000102b051800820401001989000408040100081400001408060400044002002102000021100019000,1,\x000000100000001a00000001ffffffff000000002700000001ffffffff000000002900000001ffffffff000000002c00000001ffffffff000000002d00000001ffffffff000000002f00000001ffffffff000000003000000001ffffffff000000003300000001ffffffff000000003500000001ffffffff0000000037000000020000000501000000390000000100000008000000003a0000000100000008000000003b0000000100000008000000003c0000000100000008000000003d0000000100000008000000003e000000010000000800,181338513991,0,806000000,0,90669256964,16099529349,t,2026-09-25 12:38:15.749002+00,806
34027e8f-887a-4164-ab25-92e0d3e68747,9ac44ac0-c7f6-4b33-a402-c9e92e17392b,807000000,4,2,1000000,64,64,9,\x0003061e363330180a0d1b090c0f273f3c39211310223a2c2911141705021a282b2e162412040119313437253d2f1d353220080b23152d2a383b3e260e1c1f07,\x0002042040000204208002200011200001021020000914c350815012800408c1020201040102004180a210040204020400410010080210400009502010210c080204000204410020,1,\x000000100000001d00000001ffffffff000000001f00000001ffffffff000000002600000001ffffffff000000002b00000001ffffffff000000002c00000001ffffffff000000002d00000001ffffffff000000003000000001ffffffff000000003200000001ffffffff000000003600000001ffffffff0100000038000000010000000800000000390000000100000008000000003a0000000100000008000000003b0000000100000008000000003c0000000100000008000000003d0000000100000008000000003e000000010000000800,181614060331,0,807000000,0,90807030134,16122582391,t,2026-09-25 12:40:52.356405+00,807
2a4bbc92-d38d-41b6-82c3-8acfe8e54ebb,9ac44ac0-c7f6-4b33-a402-c9e92e17392b,808000000,4,2,1000000,64,64,9,\x0003061e363330180a0d1b090c0f273f3c39211310223431190104162e2b283a3d2f1725371f07152d2a1c0e0b081a1d05021426233532241220383b3e2c2911,\x0002042040000204208002200011200001021020000914c3d08108408004184000020401018001412000081004042000024401828000402008104041000440201010081000040420,1,\x0000000f0000001900000001ffffffff000000002300000001ffffffff000000002400000001ffffffff000000002600000001ffffffff000000002a00000001ffffffff000000003000000001ffffffff000000003100000001ffffffff00000000350000000200000005010000003700000001000000080000000038000000010000000800000000390000000100000008000000003a0000000100000008000000003c0000000100000008000000003d0000000100000008000000003e000000010000000800,181954742601,0,808000000,0,90977371269,16152757939,t,2026-09-25 12:44:17.010286+00,808
a72427a2-54cb-490c-93b9-1e9f9b5c47c1,9ac44ac0-c7f6-4b33-a402-c9e92e17392b,809000000,4,2,1000000,64,64,9,\x0003061e363330180a0d1b090c0f273f3c392113102234312320383b3e261411292c3a282b1d353224122a2d15071f37253d2f1705021a080b0e1c2e16040119,\x0002042040000204208002200011200001021020000914c3d08108c06e11081000081808040220001160140108c04015080004100102200800020202020110010220100004040402,1,\x000000110000001f00000001ffffffff000000002000000001ffffffff000000002600000001ffffffff000000002c00000001ffffffff000000002f00000001ffffffff000000003100000001ffffffff000000003200000001ffffffff000000003300000001ffffffff000000003400000001ffffffff000000003500000001ffffffff000000003600000001ffffffff000000003700000001ffffffff000000003900000001ffffffff000000003b0000000200000004010000003c0000000100000008000000003d0000000100000008000000003e000000010000000800,182231450577,0,809000000,0,91115725257,16176280869,t,2026-09-25 12:46:28.715879+00,809
74586e01-7d32-4af3-8214-54a8836d5365,9ac44ac0-c7f6-4b33-a402-c9e92e17392b,810000000,4,2,1000000,64,64,9,\x0003061e363330180a0d1b090c0f273f3c39211310221411292c3a282b1d2f3d251705021a0820383b3e260e0b19010412152d2a1c2e16243235233134371f07,\x0002042040000204208002200011200001021020000914c3d021080402280011609400044000818040004401030102000102810190000b0e10820048001004080280401020001020,1,\x000000120000001f00000001ffffffff000000002100000001ffffffff000000002200000001ffffffff000000002300000001ffffffff000000002900000001ffffffff000000002e00000001ffffffff000000003200000001ffffffff010000003300000001000000080000000035000000010000000800000000360000000100000008000000003700000001000000080000000038000000010000000800000000390000000100000008000000003a0000000100000008000000003b0000000100000008000000003c0000000100000008000000003d0000000100000008000000003e000000010000000800,182529208649,0,810000000,0,91264604293,16200979965,t,2026-09-25 12:49:10.687267+00,810
3d3ddd1d-6fa9-4f02-9b6d-a3c153aed4dc,9ac44ac0-c7f6-4b33-a402-c9e92e17392b,811000000,4,2,1000000,64,64,9,\x0003061e363330180a0d1b090c0f273f3c392113102214020517253d2f2c3a281a32351d2b2e16241215071f2d2a3820080b1901041c0e263e3b291123313437,\x0002042040000204208002200011200001021020000914c3d02118010420300009020210814a04008220001004200200a2c000020220400224001280002002042080002200418000,1,\x0000000d0000001e00000001ffffffff000000002700000001ffffffff000000002c00000001ffffffff0100000030000000010000000800000000330000000100000008000000003400000001000000080000000036000000010000000800000000380000000100000008000000003a0000000100000008000000003b0000000100000008000000003c0000000100000008000000003d0000000100000008000000003e000000010000000800,182794030981,0,811000000,0,91397015459,16223451619,t,2026-09-25 12:51:15.684918+00,811
631ab28e-68c1-4567-ab25-42167f81f690,9ac44ac0-c7f6-4b33-a402-c9e92e17392b,812000000,4,2,1000000,64,64,9,\x0003061e363330180a0d1b090c0f273f3c392113102214260e0b0820382a1c2e1624321a0205172f1d2b283a3d253734311901041215071f2d3b3e2c29112335,\x0002042040000204208002200011200001021020000914c3d0a119442040204000503001401020080224800006201840101000880008108000098020002002081004000101880001,1,\x000000110000002400000001ffffffff000000002900000001ffffffff010000002a0000000100000008000000002c0000000100000008000000002d0000000100000008000000002f0000000100000008000000003100000001000000080000000032000000010000000800000000340000000100000008000000003600000001000000080000000037000000010000000800000000380000000100000008000000003a0000000100000008000000003b0000000100000008000000003c0000000100000008000000003d0000000100000008000000003e000000010000000800,183136120287,0,812000000,0,91568060112,16252910059,t,2026-09-25 12:54:24.282111+00,812
79270b7c-c02c-401a-b0ba-df9989ac36d8,9ac44ac0-c7f6-4b33-a402-c9e92e17392b,813000000,4,2,1000000,64,64,9,\x0003061e363330180a0d1b090c0f273f3c39211305172f3d25371f2d15070401192b1d0b0820382a1224162e1c0e263e3b29112335321a281002142c3a223431,\x00020420400002042080022000112000010210200009144b000104400400410205100408040c442211c1000140400400220002100102104000112000021005420009208000880008,1,\x0000000d0000001d00000001ffffffff000000001f00000001ffffffff000000002800000001ffffffff000000002a00000001ffffffff000000002b00000001ffffffff000000002d00000001ffffffff000000003400000002000000030100000035000000010000000800000000390000000100000008000000003b0000000100000008000000003c0000000100000008000000003d0000000100000008000000003e000000010000000800,183389687329,0,813000000,0,91694843633,16274976836,t,2026-09-25 12:56:53.521228+00,813
e2943534-5a8b-4ad7-8ed9-d02c7aaad1b4,9ac44ac0-c7f6-4b33-a402-c9e92e17392b,814000000,4,2,1000000,64,64,9,\x0003061e363330180a0d1b090c0f273f3c39211305172f3d25223a2810021a32351d2b2e1624120401191c0e263e2c1411293b233134371f07152d2a3820080b,\x00020420400002042080022000112000010210200009144b000104402410000104908113018020080004018846100814424481000820100808808620400020401010808000089000,1,\x0000000f0000001c00000001ffffffff000000002500000001ffffffff000000002800000001ffffffff000000002f00000001ffffffff000000003100000001ffffffff0000000034000000020000000601000000350000000100000008000000003600000001000000080000000038000000010000000800000000390000000100000008000000003a0000000100000008000000003b0000000100000008000000003c0000000100000008000000003d0000000100000008000000003e000000010000000800,183588252595,0,814000000,0,91794126266,16292324088,t,2026-09-25 12:58:36.549802+00,814
4a59afd4-8b43-4d3f-9251-7ceb921e62a6,9ac44ac0-c7f6-4b33-a402-c9e92e17392b,815000000,4,2,1000000,64,64,9,\x0003061e363330180a0d1b090c0f273f3c39211305172f3d3a282b2e16040715230b1d3532241220081a02102225371f2d2a383b3e2c291114260e1c34311901,\x00020420400002042080022000112000010210200009144b0001045040040900044504061cfe0c200001100804400400412020800020082020081000040420010400414000021020,1,\x0000000e0000001e00000001ffffffff010000002300000001000000080000000025000000010000000800000000280000000100000008000000002b0000000100000008000000002d000000010000000800000000320000000100000008000000003600000001000000080000000037000000010000000800000000380000000100000008000000003a0000000100000008000000003c0000000100000008000000003d0000000100000008000000003e000000010000000800,183807688999,0,815000000,0,91903844468,16311220247,t,2026-09-25 13:00:23.046412+00,815
9731e3b2-0568-47bd-97a5-ba6df351a7de,9ac44ac0-c7f6-4b33-a402-c9e92e17392b,816000000,4,2,1000000,64,64,9,\x0003061e363330180a0d1b090c0f273f3c39211305172f3d3a2c3e26342225371f0715122432351d1a080b0e1c2e160401192b2810021411293b2d2a38202331,\x00020420400002042080022000112000010210200009144b00010450c009808226460001408020a02000510020185014088040001010100808800004900008040400828000480004,1,\x000000110000001e00000001ffffffff000000001f00000001ffffffff000000002b00000001ffffffff000000002e00000001ffffffff000000002f00000001ffffffff000000003000000001ffffffff000000003200000002000000020100000033000000010000000800000000340000000100000008000000003500000001000000080000000036000000010000000800000000380000000100000008000000003a0000000100000008000000003b0000000100000008000000003c0000000100000008000000003d0000000100000008000000003e000000010000000800,184006107889,0,816000000,0,92003053913,16327804301,t,2026-09-25 13:02:04.209021+00,816
7e7dbf2d-efb3-48d0-a023-23ec963364e7,9ac44ac0-c7f6-4b33-a402-c9e92e17392b,817000000,4,2,1000000,64,64,9,\x0003061e363330180a0d1b090c0f273f3c39211305172f3d2b1d35321a2c3a2810021411293b2d2a3820080b0e1c2e162412040119312315071f37252234263e,\x00020420400002042080022000112000010210200009144b00010470221180004e8d0210400009c04040402408088000091080810020084004824080002040800810000141002002,1,\x000000110000001f00000001ffffffff000000002100000001ffffffff000000002400000001ffffffff000000002600000001ffffffff01000000280000000100000008000000002a0000000100000008000000002e0000000100000008000000003000000001000000080000000033000000010000000800000000340000000100000008000000003700000001000000080000000038000000010000000800000000390000000100000008000000003b0000000100000008000000003c0000000100000008000000003d0000000100000008000000003e000000010000000800,184235036839,0,817000000,0,92117518388,16347460970,t,2026-09-25 13:03:53.247043+00,817
0fa58a03-13a5-4f79-b7b9-cc418cbbaed6,9ac44ac0-c7f6-4b33-a402-c9e92e17392b,818000000,4,2,1000000,64,64,9,\x0003061e363330180a0d1b090c0f273f3c39211305172f1d353224160401192b2e1c0e263e2c1411293b2d15071f37253d3a281a0210223431230b0820122a38,\x00020420400002042080022000112000010210200009144b000114042000024402020103014000a24000061e08040440820688000118042080000604810001100001814080100104,1,\x0000000f0000001d00000001ffffffff000000002000000001ffffffff000000002800000001ffffffff000000002c00000001ffffffff000000002d00000001ffffffff000000003000000001ffffffff000000003400000001ffffffff000000003500000001ffffffff000000003600000001ffffffff000000003700000001ffffffff000000003800000001ffffffff000000003a00000001ffffffff000000003b00000001ffffffff000000003d0000000200000008010000003e000000010000000800,184394080805,0,818000000,0,92197040371,16361066153,t,2026-09-25 13:05:17.397285+00,818
151d157c-0eae-4f46-a150-0ce9f24df14b,9ac44ac0-c7f6-4b33-a402-c9e92e17392b,819000000,4,2,1000000,64,64,9,\x0003061e363330180a0d1b090c0f273f3c39211305172f1d35321a080b0e1c2a1224162e2b3d3a2810021411233119010407152d1f37252234263e2c293b3820,\x00020420400002042080022000112000010210200009144b000114042080031120008305490400220041001410400009e06020031020010220200088000808020011000141000420,1,\x000000120000002100000001ffffffff000000002300000001ffffffff000000002700000001ffffffff000000002900000001ffffffff000000002d00000001ffffffff010000002e0000000100000008000000002f000000010000000800000000300000000100000008000000003200000001000000080000000034000000010000000800000000360000000100000008000000003700000001000000080000000038000000010000000800000000390000000100000008000000003b0000000100000008000000003c0000000100000008000000003d0000000100000008000000003e000000010000000800,184569793617,0,819000000,0,92284896777,16375765606,t,2026-09-25 13:06:51.861709+00,819
169aeb3f-c44a-41c6-baa5-430c54eb734c,9ac44ac0-c7f6-4b33-a402-c9e92e17392b,820000000,4,2,1000000,64,64,9,\x0003061e363330180a0d1b090c0f273f3c39211305172f1d35230b0820321a2810021411292c3e2634311901041224162e2b3d3a2225371f07152d3b382a1c0e,\x00020420400002042080022000112000010210200009144b0001140460a0894040003024400009804020800028482000011260810040042008800024800020401010400001102040,1,\x000000120000002100000001ffffffff000000002300000001ffffffff000000002800000001ffffffff01000000290000000100000008000000002b0000000100000008000000002e0000000100000008000000002f000000010000000800000000310000000100000008000000003300000001000000080000000034000000010000000800000000350000000100000008000000003600000001000000080000000038000000010000000800000000390000000100000008000000003b0000000100000008000000003c0000000100000008000000003d0000000100000008000000003e000000010000000800,184742386643,0,820000000,0,92371193290,16390064099,t,2026-09-25 13:08:33.940147+00,820
de727fb9-9161-46a7-8027-d7278628d514,9ac44ac0-c7f6-4b33-a402-c9e92e17392b,821000000,4,2,1000000,64,64,9,\x0003061e363330180a0d1b090c0f273f3c39211305172f1d0b0e1c190104162e2b2810021a2c3e261411293b2d15071f37253d3a22343123353224122a382008,\x00020420400002042080022000112000010210200009144b0001142c0230d80024c000021024000144c08400202020101000091a2002046010800044000440022000024100011020,1,\x000000100000001c00000001ffffffff000000001f00000001ffffffff000000002500000001ffffffff010000002a0000000100000008000000002e0000000100000008000000002f0000000100000008000000003200000001000000080000000033000000010000000800000000340000000100000008000000003500000001000000080000000036000000010000000800000000380000000100000008000000003a0000000100000008000000003c0000000100000008000000003d0000000100000008000000003e000000010000000800,185001013155,0,821000000,0,92500506546,16412301323,t,2026-09-25 13:10:44.477252+00,821
99a4d9b1-eaa8-4b29-9dfa-c6399f6b7952,9ac44ac0-c7f6-4b33-a402-c9e92e17392b,822000000,4,2,1000000,64,64,9,\x0003061e363330180a0d1b090c0f273f3c39211305172f2c3e3b291123353220382a1224162e1c0401193134260e0b081a1d2b28100214223a3d25371f2d1507,\x00020420400002042080022000112000010210200009144b00011c022080003240000450040005110088000c20100810081008080408020220902004900004040200110004011040,1,\x000000100000001a00000001ffffffff000000002000000001ffffffff000000002300000001ffffffff000000002800000001ffffffff000000002a00000001ffffffff000000002d00000001ffffffff000000002f00000001ffffffff000000003100000001ffffffff000000003500000001ffffffff000000003600000001ffffffff000000003800000001ffffffff000000003900000001ffffffff000000003a00000001ffffffff000000003b00000001ffffffff000000003d0000000200000006010000003e000000010000000800,185253560533,0,822000000,0,92626780235,16433810232,t,2026-09-25 13:12:54.35571+00,822
e40e7c02-e125-45f2-9b33-e1d0a2aff7d0,9ac44ac0-c7f6-4b33-a402-c9e92e17392b,823000000,4,2,1000000,64,64,9,\x0003061e363330180a0d1b090c0f273f3c39211305172f2c291114021022253d3a281a1d2b2e16243235230b0820382a2d3b3e260e1c0401193134371f071512,\x00020420400002042080022000112000010210200009144b00011c1280040081404000031040040ac120001004080280e8028100814041100400020441150c040804080004080208,1,\x0000000e0000002000000001ffffffff000000002900000001ffffffff000000002c00000001ffffffff000000003100000001ffffffff000000003200000001ffffffff000000003400000001ffffffff000000003700000002000000080100000038000000010000000800000000390000000100000008000000003a0000000100000008000000003b0000000100000008000000003c0000000100000008000000003d0000000100000008000000003e000000010000000800,185435861743,0,823000000,0,92717930840,16448984647,t,2026-09-25 13:14:22.796217+00,823
c96205ac-0aad-4431-aa60-d1600f2abf2f,9ac44ac0-c7f6-4b33-a402-c9e92e17392b,824000000,4,2,1000000,64,64,9,\x0003061e363330180a0d1b090c0f273f3c39211305172f2c3a22140210281a080b1d3532202311293b382a2d1f0715122416040119313437253d2b2e1c0e263e,\x00020420400002042080022000112000010210200009144b00011c1ac2848281800020100106108000aa1008020222000a008c080208020091804080408000200880080002100102,1,\x000000100000001c00000001ffffffff000000002600000001ffffffff000000002700000001ffffffff00000000290000000200000008010000002e0000000100000008000000003000000001000000080000000033000000010000000800000000350000000100000008000000003700000001000000080000000038000000010000000800000000390000000100000008000000003a0000000100000008000000003b0000000100000008000000003c0000000100000008000000003d0000000100000008000000003e000000010000000800,185686847409,0,824000000,0,92843423673,16470684314,t,2026-09-25 13:17:29.941203+00,824
660487dd-31d9-4045-8e95-3f89ba61f4fb,9ac44ac0-c7f6-4b33-a402-c9e92e17392b,825000000,4,2,1000000,64,64,9,\x0003061e363330180a0d1b090c0f273f3c392113051725371f07152d3b233134223a3d2f2c2911140210281a080b1d353220382a1224162e2b1901041c0e263e,\x00020420400002042080022000112000010210200009144b0003014080202080218e8200204804000441029000221010080422c00002104010000444002002104000094000100102,1,\x0000000c0000002500000002000000080100000026000000010000000800000000290000000100000008000000002f0000000100000008000000003200000001000000080000000035000000010000000800000000380000000100000008000000003a0000000100000008000000003b0000000100000008000000003c0000000100000008000000003d0000000100000008000000003e000000010000000800,185935768021,0,825000000,0,92967883979,16492494822,t,2026-09-25 13:19:59.934238+00,825
780da010-1d18-4a3e-9f51-57cbf88a9fa3,9ac44ac0-c7f6-4b33-a402-c9e92e17392b,826000000,4,2,1000000,64,64,9,\x0003061e363330180a0d1b090c0f273f3c392113051725371f2d2a1215070401192b2e162432351d0b0e1c343123263e2c2f3d3a281a0820383b291114021022,\x00020420400002042080022000112000010210200009144b000301409040401200100408040e04008200410020220220200001500002300220800002180802040280001200050201,1,\x000000100000001d00000001ffffffff000000001f00000001ffffffff000000002300000001ffffffff000000002400000001ffffffff000000002a00000001ffffffff000000002c00000001ffffffff000000003100000001ffffffff000000003200000001ffffffff000000003600000001ffffffff000000003700000001ffffffff000000003800000001ffffffff000000003900000001ffffffff000000003a00000001ffffffff000000003b00000001ffffffff000000003d0000000200000008010000003e000000010000000800,186147793695,0,826000000,0,93073896816,16511052352,t,2026-09-25 13:21:56.647748+00,826
d6b14608-3714-433a-a2fe-e70b7ec0c2ae,9ac44ac0-c7f6-4b33-a402-c9e92e17392b,827000000,4,2,1000000,64,64,9,\x0003061e363330180a0d1b090c0f273f3c39211305172537343119010407152311292c2f3d2b2e16241220080b0e1c1f2d2a383b3e2614223a2810021a32351d,\x00020420400002042080022000112000010210200009144b00030150200001122000030e22080c0880004600200840303012200083000820200810000808040440000144a0400020,1,\x0000000d0000001b00000001ffffffff000000002700000001ffffffff000000002f00000001ffffffff000000003100000001ffffffff000000003200000001ffffffff000000003300000001ffffffff000000003400000001ffffffff000000003500000001ffffffff000000003800000001ffffffff000000003a00000001ffffffff000000003b00000001ffffffff000000003d0000000200000008010000003e000000010000000800,186384453095,0,827000000,0,93192226516,16531304732,t,2026-09-25 13:24:13.184208+00,827
82d8bc20-db33-415f-96d6-3dbd404ed133,9ac44ac0-c7f6-4b33-a402-c9e92e17392b,828000000,4,2,1000000,64,64,9,\x0003061e363330180a0d1b090c0f273f3c3921130517253734223a2810021411292c2f3d2b2e1624122a3820081a32351d0b23311901041c0e263e3b2d1f0715,\x00020420400002042080022000112000010210200009144b000301506090080104900008040204400022001004280a20082244008100404034400004488002800810800008181004,1,\x0000000c0000001c00000001ffffffff000000002300000001ffffffff000000002e00000001ffffffff000000003000000001ffffffff000000003300000001ffffffff000000003500000001ffffffff000000003800000001ffffffff000000003900000001ffffffff000000003a00000001ffffffff000000003b00000001ffffffff000000003d0000000200000008010000003e000000010000000800,186590253735,0,828000000,0,93295126836,16549463662,t,2026-09-25 13:25:47.910305+00,828
fd5358af-4ab2-474d-bf95-9eab31b18037,9ac44ac0-c7f6-4b33-a402-c9e92e17392b,829000000,4,2,1000000,64,64,9,\x0003061e363330180a0d1b090c0f273f3c3921130517253d2f2c2911140210223a281a0820382a2d3b3e260e1c1f0715120401192b2e162432351d0b23313437,\x00020420400002042080022000112000010210200009144b0003038060680012000402010440040251c040a000080200018221001104100441202020001004080200014100418000,0,\x0000000d0000002000000001ffffffff000000002900000001ffffffff000000002e00000001ffffffff000000003200000001ffffffff000000003500000001ffffffff000000003600000001ffffffff000000003700000001ffffffff000000003800000001ffffffff000000003a00000001ffffffff000000003b00000001ffffffff000000003c00000001ffffffff000000003d00000001ffffffff000000003e00000001ffffffff00,186886617679,0,829000000,0,93443308808,16575398563,t,2026-09-25 13:28:17.473812+00,829
acbc51f3-b05a-451c-a16c-949c0272ff07,9ac44ac0-c7f6-4b33-a402-c9e92e17392b,830000000,4,2,1000000,64,64,9,\x0003061e363330180a0d1b090c0f273f3c3921130517252210283a3d2f2c3e3b2911233134371f07041c0e2614021a32351d0b0820382a2d151224162e2b1901,\x00020420400002042080022000112000010210200009144b00030b20080908000882000820800c501020001024182c082200020481120180a080408000a000402008004400020820,1,\x000000110000002000000001ffffffff000000002500000001ffffffff000000002900000001ffffffff010000002b0000000100000008000000002c0000000100000008000000002d0000000100000008000000003000000001000000080000000033000000010000000800000000350000000100000008000000003700000001000000080000000038000000010000000800000000390000000100000008000000003a0000000100000008000000003b0000000100000008000000003c0000000100000008000000003d0000000100000008000000003e000000010000000800,187221666339,0,830000000,0,93610833138,16604800343,t,2026-09-25 13:31:27.255247+00,830
48b40751-9522-4fa8-b028-06ed0c152bd5,9ac44ac0-c7f6-4b33-a402-c9e92e17392b,831000000,4,2,1000000,64,64,9,\x0003061e363330180a0d1b090c0f273f3c392113051725221411292c1a0210283a3d2f1d2b2e16241215070401193123353220080b0e1c34371f2d2a383b3e26,\x00020420400002042080022000112000010210200009144b00030ba6201008b00208020202020002c120001004280200820081008140022080001220008302018020808020400020,1,\x0000000f0000001d00000001ffffffff000000001e00000001ffffffff000000002000000001ffffffff000000002200000001ffffffff000000002c00000001ffffffff000000003000000001ffffffff000000003100000001ffffffff000000003300000001ffffffff000000003400000001ffffffff0000000038000000020000000701000000390000000100000008000000003b0000000100000008000000003c0000000100000008000000003d0000000100000008000000003e000000010000000800,187501784917,0,831000000,0,93750892427,16628617339,t,2026-09-25 13:33:47.967201+00,831
fb9b6b62-ee74-44d1-bf76-dfaf11289c9b,9ac44ac0-c7f6-4b33-a402-c9e92e17392b,832000000,4,2,1000000,64,64,9,\x0003061e363330180a0d1b090c0f273f3c39211305171411292c3a22253d2f1d35233134371f07152d3b3e260e1c2a3820120401190b081a3224162e2b281002,\x00020420400002042080022000112000010210200009144b00070804022c0813c0002010046020081000081004041004000204830204408409824000100401040001220001021040,1,\x0000000f0000001e00000001ffffffff000000002400000001ffffffff000000002a00000001ffffffff000000002b00000001ffffffff000000002f00000001ffffffff000000003300000001ffffffff000000003500000001ffffffff000000003600000001ffffffff0000000038000000020000000601000000390000000100000008000000003a0000000100000008000000003b0000000100000008000000003c0000000100000008000000003d0000000100000008000000003e000000010000000800,187746334003,0,832000000,0,93873166970,16649509980,t,2026-09-25 13:36:27.224371+00,832
3fb2ebf7-dba7-4c07-a08b-b427dc246297,9ac44ac0-c7f6-4b33-a402-c9e92e17392b,833000000,4,2,1000000,64,64,9,\x0003061e363330180a0d1b090c0f273f3c392113051714021022253734311901040715122a2d1f1c2e162432351d2f3d2b281a080b0e263e3b38202311292c3a,\x00020420400002042080022000112000010210200009144b000718080404100001021020010230a06020002008028020401000880004202008021120000102302000090082400004,1,\x0000000d0000001f00000001ffffffff000000002600000001ffffffff000000002900000001ffffffff000000002a00000001ffffffff000000003000000001ffffffff000000003200000001ffffffff0100000035000000010000000800000000390000000100000008000000003a0000000100000008000000003b0000000100000008000000003c0000000100000008000000003d0000000100000008000000003e000000010000000800,188000629417,0,833000000,0,94000314677,16671307262,t,2026-09-25 13:38:36.881508+00,833
c296e96a-c17f-47aa-8f38-38c7ac6f7d81,9ac44ac0-c7f6-4b33-a402-c9e92e17392b,834000000,4,2,1000000,64,64,9,\x0003061e363330180a0d1b090c0f273f3c392113051714021a080b0e1c2a38201224162e2b3d3a28102225371f2d3b3e26343119010407152311292c2f1d3532,\x00020420400002042080022000112000010210200009144b0007180c400408c060010220820420220041163410400404100005019200601040000224400004084010081000040108,1,\x000000110000002200000001ffffffff010000002300000001000000080000000027000000010000000800000000280000000100000008000000002a000000010000000800000000310000000100000008000000003300000001000000080000000034000000010000000800000000350000000100000008000000003600000001000000080000000037000000010000000800000000390000000100000008000000003a0000000100000008000000003b0000000100000008000000003c0000000100000008000000003d0000000100000008000000003e000000010000000800,188294265385,0,834000000,0,94147132661,16697183298,t,2026-09-25 13:40:45.883782+00,834
f9d0b066-c581-44d7-a40e-a87a3c579080,9ac44ac0-c7f6-4b33-a402-c9e92e17392b,835000000,4,2,1000000,64,64,9,\x0003061e363330180a0d1b090c0f273f3c392113051714223a2c3e3b382a2d15071f37253d2f1d35321a0210282b1901041c2e16241220080b0e263431231129,\x00020420400002042080022000112000010210200009144b00071d25420d80020350002080081000410010080210c001414020400820011c08008200040220010210400001100802,0,\x000000110000001c00000001ffffffff000000002300000001ffffffff000000002500000001ffffffff000000002a00000001ffffffff000000002b00000001ffffffff000000002c00000001ffffffff000000002f00000001ffffffff000000003200000001ffffffff000000003300000001ffffffff000000003400000001ffffffff000000003500000001ffffffff000000003700000001ffffffff000000003900000001ffffffff000000003b00000001ffffffff000000003c00000001ffffffff000000003d00000001ffffffff000000003e00000001ffffffff00,188670919949,0,835000000,0,94335459943,16730072104,t,2026-09-25 13:43:47.329346+00,835
7f4f8777-69fe-4504-9e5c-8837759f7136,9ac44ac0-c7f6-4b33-a402-c9e92e17392b,836000000,4,2,1000000,64,64,9,\x0003061e363330180a0d1b090c0f273f3c392113050210283a3d2f172522142c1a32352311293b3e260e1c2e16241215070401192b1d0b0820382a2d1f373431,\x00020420400002042080022000112000010210200009144b02020202028003824002200a324a040003828080004080601000050188008420402020001008080408000a0088000408,1,\x000000110000002400000001ffffffff000000002500000001ffffffff000000002700000001ffffffff000000002d00000001ffffffff000000003100000001ffffffff000000003200000001ffffffff000000003400000002000000020100000035000000010000000800000000360000000100000008000000003700000001000000080000000038000000010000000800000000390000000100000008000000003a0000000100000008000000003b0000000100000008000000003c0000000100000008000000003d0000000100000008000000003e000000010000000800,189003971517,0,836000000,0,94501985727,16759738708,t,2026-09-25 13:46:09.648728+00,836
bd70b782-56e6-4256-91b0-c4dcad822f48,9ac44ac0-c7f6-4b33-a402-c9e92e17392b,837000000,4,2,1000000,64,64,9,\x0003061e363330180a0d1b090c0f273f3c392113050210283a223431190104071512202311293b382a2d1f37253d2f1714263e2c1a080b0e1c2e162432351d2b,\x00020420400002042080022000112000010210200009144b02020202820c8800044880000c2838382282800008800200220082002820100410000102448000080440418020001004,1,\x0000000f0000001d00000001ffffffff000000002700000001ffffffff000000002900000001ffffffff000000002b00000001ffffffff000000002f00000001ffffffff000000003200000001ffffffff000000003300000001ffffffff000000003500000001ffffffff000000003700000001ffffffff000000003800000001ffffffff000000003a0000000200000008010000003b0000000100000008000000003c0000000100000008000000003d0000000100000008000000003e000000010000000800,189227750673,0,837000000,0,94613875305,16779422880,t,2026-09-25 13:47:57.820401+00,837
1bb12675-4e49-411e-bf23-e01880a25059,9ac44ac0-c7f6-4b33-a402-c9e92e17392b,838000000,4,2,1000000,64,64,9,\x0003061e363330180a0d1b090c0f273f3c392113050210283a2c3e260e0b0820382a2d15071f37341c2e162412040119312335321a1d2b3d2f1725221411293b,\x00020420400002042080022000112000010210200009144b020202028209800204020403040205400289000108700400410002100402040019800024000201808020800008020101,0,\x0000000e0000002c00000001ffffffff000000002d00000001ffffffff000000002e00000001ffffffff000000003000000001ffffffff000000003200000001ffffffff000000003300000001ffffffff000000003400000001ffffffff000000003600000001ffffffff000000003800000001ffffffff000000003a00000001ffffffff000000003b00000001ffffffff000000003c00000001ffffffff000000003d00000001ffffffff000000003e00000001ffffffff00,189440326579,0,838000000,0,94720163258,16797829217,t,2026-09-25 13:49:39.923799+00,838
f53e30a9-d013-493b-b4a8-999319b043ef,9ac44ac0-c7f6-4b33-a402-c9e92e17392b,839000000,4,2,1000000,64,64,9,\x0003061e363330180a0d1b090c0f273f3c392113050210282b2e1624122a2d1f07152335321a1d0b0820383b3e260e1c040119313437253d2f171411292c3a22,\x00020420400002042080022000112000010210200009144b0202020302004180a24002604410201000014c0011100810081000081004402010201020000802908040c04020000220,1,\x0000000f0000002100000001ffffffff000000002800000001ffffffff000000002900000001ffffffff000000002a00000001ffffffff000000002e00000001ffffffff000000003000000001ffffffff000000003100000001ffffffff000000003200000001ffffffff000000003300000001ffffffff000000003500000001ffffffff000000003900000001ffffffff000000003b0000000200000008010000003c0000000100000008000000003d0000000100000008000000003e000000010000000800,189649637143,0,839000000,0,94824818540,16816545812,t,2026-09-25 13:51:10.082075+00,839
d24dd604-ab8a-418f-bc75-dcb2ed94f552,9ac44ac0-c7f6-4b33-a402-c9e92e17392b,840000000,4,2,1000000,64,64,9,\x0003061e363330180a0d1b090c0f273f3c392113050210282b3d25223a2c291114172f1d1a3235233134371f070401190b08201224162e1c0e263e3b382a2d15,\x00020420400002042080022000112000010210200009144b020202030640914400d00420010210004181440010080204000204030402802010203400100110800810800001500020,1,\x000000100000001c00000001ffffffff000000002100000001ffffffff000000002200000001ffffffff000000002600000001ffffffff000000002a00000001ffffffff000000002e00000001ffffffff000000003100000001ffffffff0000000034000000020000000801000000350000000100000008000000003600000001000000080000000038000000010000000800000000390000000100000008000000003a0000000100000008000000003c0000000100000008000000003d0000000100000008000000003e000000010000000800,189875850863,0,840000000,0,94937925400,16836246829,t,2026-09-25 13:52:44.333582+00,840
8c0d43dd-7153-4292-a2d7-f5ce3bd46003,9ac44ac0-c7f6-4b33-a402-c9e92e17392b,841000000,4,2,1000000,64,64,9,\x0003061e363330180a0d1b090c0f273f3c392113050210281a080b0e2614172f1d3532241220382a2d15071f37253d2b2e16041c34223a2c3e3b291123311901,\x00020420400002042080022000112000010210200009144b02020283400408408045000220084000040a010140018000224000040118018080a04000040140022080002200011020,1,\x0000000a0000003100000001ffffffff000000003300000001ffffffff010000003500000001000000080000000036000000010000000800000000380000000100000008000000003a0000000100000008000000003b0000000100000008000000003c0000000100000008000000003d0000000100000008000000003e000000010000000800,190090426877,0,841000000,0,95045213407,16854597176,t,2026-09-25 13:54:14.182924+00,841
44b50c01-1b36-4312-80e5-ebd910c8f423,9ac44ac0-c7f6-4b33-a402-c9e92e17392b,842000000,4,2,1000000,64,64,9,\x0003061e363330180a0d1b090c0f273f3c392113050210281a0820383b2911142225172f2c3e262331190104122a2d15071f37341c0e0b1d353224162e2b3d3a,\x00020420400002042080022000112000010210200009144b0202028340143010280490000d0a0022804100102c0a820009b0e0400020800810800004100401042000024400820008,1,\x000000100000002200000001ffffffff00000000250000000200000003010000002a0000000100000008000000002f000000010000000800000000300000000100000008000000003200000001000000080000000033000000010000000800000000350000000100000008000000003600000001000000080000000038000000010000000800000000390000000100000008000000003a0000000100000008000000003b0000000100000008000000003c0000000100000008000000003d0000000100000008000000003e000000010000000800,190289905451,0,842000000,0,95144952694,16871745697,t,2026-09-25 13:55:37.593009+00,842
6862f344-ded7-44ef-9421-6c2c5c586d30,9ac44ac0-c7f6-4b33-a402-c9e92e17392b,843000000,4,2,1000000,64,64,9,\x0003061e363330180a0d1b090c0f273f3c392113050210281a1d2b2e162432352331343725223a2c3e260e0b0820382a1c1901041215071f2d3b291114172f3d,\x00020420400002042080022000112000010210200009144b020202834a38080004018200201004090082028140038080810081008140c12000098020002002081080001220000104,1,\x0000000f0000001f00000001ffffffff000000002700000001ffffffff010000002c000000010000000800000000310000000100000008000000003200000001000000080000000034000000010000000800000000360000000100000008000000003700000001000000080000000038000000010000000800000000390000000100000008000000003a0000000100000008000000003b0000000100000008000000003c0000000100000008000000003d0000000100000008000000003e000000010000000800,190535043463,0,843000000,0,95267521700,16892983822,t,2026-09-25 13:57:20.640498+00,843
34813432-5c74-497b-ac7e-777f211fbe16,9ac44ac0-c7f6-4b33-a402-c9e92e17392b,844000000,4,2,1000000,64,64,9,\x0003061e363330180a0d1b090c0f273f3c3921130502102225371f2d150704011931341c0e263e2c3a3d2f171411293b230b1d35321a0820382a1224162e2b28,\x00020420400002042080022000112000010210200009144b02020301044041020510040804080400a288000118080200020201020101508448200001080a02040001110088000408,1,\x0000000e0000001d00000001ffffffff000000001f00000001ffffffff000000002b00000001ffffffff000000002c00000001ffffffff000000002e00000001ffffffff000000003300000001ffffffff000000003600000002000000080100000038000000010000000800000000390000000100000008000000003a0000000100000008000000003b0000000100000008000000003c0000000100000008000000003d0000000100000008000000003e000000010000000800,190759168847,0,844000000,0,95379584392,16912233128,t,2026-09-25 13:58:54.420994+00,844
6d404b10-d6b7-49a7-98c2-00bcf6e9dafe,9ac44ac0-c7f6-4b33-a402-c9e92e17392b,845000000,4,2,1000000,64,64,9,\x0003061e363330180a0d1b090c0f273f3c39211305021022253d2f1714263e2c3a282b2e16040119312311293b2d15071f37341c0e0b081a1d353220382a1224,\x00020420400002042080022000112000010210200009144b020203010c41020241020110084004080004050402040281202000121040040840000208820401010840004500101001,1,\x0000000f0000001b00000001ffffffff000000002000000001ffffffff000000002600000001ffffffff000000002a00000001ffffffff000000002b00000001ffffffff000000002f00000001ffffffff000000003100000001ffffffff000000003200000001ffffffff000000003400000001ffffffff000000003800000001ffffffff000000003900000001ffffffff000000003b00000001ffffffff010000003c0000000100000008000000003d0000000100000008000000003e000000010000000800,190989581021,0,845000000,0,95494790479,16932043150,t,2026-09-25 14:00:31.057311+00,845
a9f0cffe-c1be-4b66-b91c-95989643b511,9ac44ac0-c7f6-4b33-a402-c9e92e17392b,846000000,4,2,1000000,64,64,9,\x0003061e363330180a0d1b090c0f273f3c392113050210223a281a082032351d2b3d25172f2c2911230b0e1c2e1624120401193134371f07152d2a383b3e2614,\x00020420400002042080022000112000010210200009144b0202030540040251404000200a0600114400820420039004602000080210852010201020001020080840401020001010,1,\x0000000f0000002400000001ffffffff000000002800000001ffffffff010000002c0000000100000008000000002e0000000100000008000000003100000001000000080000000032000000010000000800000000330000000100000008000000003500000001000000080000000037000000010000000800000000380000000100000008000000003a0000000100000008000000003b0000000100000008000000003c0000000100000008000000003d0000000100000008000000003e000000010000000800,191180436283,0,846000000,0,95590218110,16948282174,t,2026-09-25 14:01:52.229506+00,846
044ed151-a27a-4b33-a2d1-0beb730e5e9c,9ac44ac0-c7f6-4b33-a402-c9e92e17392b,847000000,4,2,1000000,64,64,9,\x0003061e363330180a0d1b090c0f273f3c392113050210223a3d2f2c29111417253734263e3b2d1f0715122432351d2b2e1604011931230b0e1c2a3820081a28,\x00020420400002042080022000112000010210200009144b02020305420083220148800008044080440002244040106010802800180c118080804080002028011020400004880004,0,\x0000000e0000001f00000001ffffffff000000002000000001ffffffff000000002400000001ffffffff000000003000000001ffffffff000000003100000001ffffffff000000003300000001ffffffff000000003500000001ffffffff000000003800000001ffffffff000000003900000001ffffffff000000003a00000001ffffffff000000003b00000001ffffffff000000003c00000001ffffffff000000003d00000001ffffffff000000003e00000001ffffffff00,191375053147,0,847000000,0,95687526542,16964782420,t,2026-09-25 14:03:18.367346+00,847
ece1dc31-b641-4bdf-a87d-a23f7188435b,9ac44ac0-c7f6-4b33-a402-c9e92e17392b,848000000,4,2,1000000,64,64,9,\x0003061e363330180a0d1b090c0f273f3c3921130502102234311901040715230b081a282b2e1624122a1c0e263e3b382032351d2f3d3a2c2911141725371f2d,\x00020420400002042080022000112000010210200009144b02020307220001122000030e632218403020001004281824024480000408400404002200010440108004088040001004,1,\x000000100000001b00000001ffffffff000000002600000001ffffffff000000002b00000001ffffffff000000002f000000020000000701000000300000000100000008000000003100000001000000080000000032000000010000000800000000330000000100000008000000003600000001000000080000000038000000010000000800000000390000000100000008000000003a0000000100000008000000003b0000000100000008000000003c0000000100000008000000003d0000000100000008000000003e000000010000000800,191613916989,0,848000000,0,95806958463,16985319955,t,2026-09-25 14:05:45.614862+00,848
06e1b91d-266e-42e8-bc72-834626e22ec4,9ac44ac0-c7f6-4b33-a402-c9e92e17392b,849000000,4,2,1000000,64,64,9,\x0003061e363330180a0d1b090c0f273f3c3921130502102214172537341c1f0715122432351d2f3d2b2e160401190b0e263e3b2d2a3820081a283a2c29112331,\x00020420400002042080022000112000010210200009144b0202038702201000015a002008280840140088000430020001018100a1000408c0000401011020021008000401880004,1,\x000000100000002900000001ffffffff000000002a00000001ffffffff000000002b00000001ffffffff000000002c00000001ffffffff000000002e00000001ffffffff010000002f00000001000000080000000033000000010000000800000000340000000100000008000000003500000001000000080000000037000000010000000800000000390000000100000008000000003a0000000100000008000000003b0000000100000008000000003c0000000100000008000000003d0000000100000008000000003e000000010000000800,191845499733,0,849000000,0,95922749835,17004760570,t,2026-09-25 14:07:29.470674+00,849
de2a83f7-c671-4bd5-87d2-541280823a1c,9ac44ac0-c7f6-4b33-a402-c9e92e17392b,850000000,4,2,1000000,64,64,9,\x0003061e363330180a0d1b090c0f273f3c392113050210221411293b382a2d1507041220081a1d353224162e2b283a3d25172f2c3e26230b0e1c1f3734311901,\x00020420400002042080022000112000010210200009144b020203872210181001500020802868500064c00302100001220001828000400011802000080424011004200001021020,1,\x0000000f0000002200000001ffffffff0100000028000000010000000800000000290000000100000008000000002a0000000100000008000000002d00000001000000080000000031000000010000000800000000320000000100000008000000003300000001000000080000000034000000010000000800000000380000000100000008000000003a0000000100000008000000003b0000000100000008000000003c0000000100000008000000003d0000000100000008000000003e000000010000000800,192051904825,0,850000000,0,96025952381,17022409758,t,2026-09-25 14:09:05.859163+00,850
4faa363e-975e-45bd-b937-1fb100e0e05a,9ac44ac0-c7f6-4b33-a402-c9e92e17392b,851000000,4,2,1000000,64,64,9,\x0003061e363330180a0d1b090c0f273f3c392113050214172f2c3e260e1c1f2d3b291123313437253d3a2210281a1d0b0820382a1215070401192b2e16243235,\x00020420400002042080022000112000010210200009144b828200043008000204c3002618400011a020400010042000014120500816100810000424002008100808080004018200,1,\x000000120000002100000001ffffffff000000002200000001ffffffff000000002600000001ffffffff000000002a00000001ffffffff000000002b00000001ffffffff000000002f00000001ffffffff01000000300000000100000008000000003200000001000000080000000033000000010000000800000000350000000100000008000000003600000001000000080000000038000000010000000800000000390000000100000008000000003a0000000100000008000000003b0000000100000008000000003c0000000100000008000000003d0000000100000008000000003e000000010000000800,192314251311,0,851000000,0,96157125624,17045166437,t,2026-09-25 14:12:04.875134+00,851
8e6916b1-2230-4443-8f57-c4574568ff5a,9ac44ac0-c7f6-4b33-a402-c9e92e17392b,852000000,4,2,1000000,64,64,9,\x0003061e363330180a0d1b090c0f273f3c39211305021411292c2f1725371f07152d2a1c342210283a3d2b2e16241204011931233b3e260e0b1d35321a082038,\x00020420400002042080022000112000010210200009144b82820804020c008240001020080860406608060802020280080004010840100810007420001020100410800004040102,1,\x0000000f0000001b00000001ffffffff000000002600000001ffffffff000000002800000001ffffffff000000002900000001ffffffff000000002b00000001ffffffff000000002f00000001ffffffff000000003000000001ffffffff000000003200000001ffffffff000000003500000002000000040100000036000000010000000800000000370000000100000008000000003a0000000100000008000000003c0000000100000008000000003d0000000100000008000000003e000000010000000800,192624694503,0,852000000,0,96312347220,17073144469,t,2026-09-25 14:14:49.969288+00,852
8c7f3474-8dbc-497c-90e0-ff9a3241e5f2,9ac44ac0-c7f6-4b33-a402-c9e92e17392b,853000000,4,2,1000000,64,64,9,\x0003061e363330180a0d1b090c0f273f3c39211305021411293b2d2a3820081a32351d2b2e1c0e0b19010416241215071f37343123263e2c3a281022253d2f17,\x00020420400002042080022000112000010210200009144b8282080406448280000890010402005111004c2008088004108000440040040840800028000110094000111080002020,1,\x000000100000001c00000001ffffffff000000002900000001ffffffff000000002b00000001ffffffff000000002c00000001ffffffff000000002d00000001ffffffff000000002f00000001ffffffff000000003000000001ffffffff000000003300000001ffffffff000000003400000001ffffffff000000003500000001ffffffff000000003600000001ffffffff000000003900000001ffffffff000000003a00000001ffffffff000000003b00000001ffffffff000000003d0000000200000007010000003e000000010000000800,192837815191,0,853000000,0,96418907564,17091700782,t,2026-09-25 14:16:42.643727+00,853
7debfe7b-4193-4e34-88f6-a4a1f1cd5423,9ac44ac0-c7f6-4b33-a402-c9e92e17392b,854000000,4,2,1000000,64,64,9,\x0003061e363330180a0d1b090c0f273f3c3921130502142210281a080b23260e1c04011931343725172f1d353220382a2d1f07151224162e2b3d3a2c3e3b2911,\x00020420400002042080022000112000010210200009144b82820d20080c0211e0c10a2008be402040204000108008a0200001040140410001410041002002100440002400020820,1,\x000000150000001800000001ffffffff000000001e00000001ffffffff010000001f000000010000000800000000220000000100000008000000002400000001000000080000000025000000010000000800000000280000000100000008000000002b0000000100000008000000003100000001000000080000000032000000010000000800000000330000000100000008000000003400000001000000080000000035000000010000000800000000360000000100000008000000003700000001000000080000000038000000010000000800000000390000000100000008000000003a0000000100000008000000003c0000000100000008000000003d0000000100000008000000003e000000010000000800,193133840801,0,854000000,0,96566920369,17117481683,t,2026-09-25 14:19:49.119603+00,854
9244f352-991f-4405-ac36-222ed0fe694e,9ac44ac0-c7f6-4b33-a402-c9e92e17392b,855000000,4,2,1000000,64,64,9,\x0003061e363330180a0d1b090c0f273f3c39211305021a080b0e1c2a2d1f071523311901041220383b3e2c291114263437253d3a2210282b2e162432351d2f17,\x00020420400002042080022000112000010210200009144b820310010230589000101104181400011240810202010280810024800004014050820004048100018020401000880020,1,\x000000110000002300000001ffffffff000000002700000001ffffffff000000002b00000001ffffffff000000002c00000001ffffffff000000002e00000001ffffffff000000003000000001ffffffff000000003200000001ffffffff0100000034000000010000000800000000350000000100000008000000003600000001000000080000000038000000010000000800000000390000000100000008000000003a0000000100000008000000003b0000000100000008000000003c0000000100000008000000003d0000000100000008000000003e000000010000000800,193402988459,0,855000000,0,96701494198,17141123948,t,2026-09-25 14:22:06.462147+00,855
b68adc93-442e-4024-bec8-d79a68ea323f,9ac44ac0-c7f6-4b33-a402-c9e92e17392b,856000000,4,2,1000000,64,64,9,\x0003061e363330180a0d1b090c0f273f3c39211305021a0820382a12152d3b3e260e0b1d353224162e2b3d2f17142c29112331190104071f1c3437252210283a,\x00020420400002042080022000112000010210200009144b820310050c000a3280008200608040104000022040042048000404030108400420000224400002100804000181040101,1,\x0000000c0000002500000001ffffffff000000002600000001ffffffff000000002f00000001ffffffff000000003000000001ffffffff000000003100000001ffffffff000000003400000001ffffffff000000003600000001ffffffff000000003800000001ffffffff000000003a00000001ffffffff000000003b00000001ffffffff000000003d0000000200000008010000003e000000010000000800,193632628621,0,856000000,0,96816314279,17160843377,t,2026-09-25 14:23:57.115694+00,856
266dbd21-831a-4825-a91c-82d9460716bf,9ac44ac0-c7f6-4b33-a402-c9e92e17392b,857000000,4,2,1000000,64,64,9,\x0003061e363330180a0d1b090c0f273f3c39211305021a3235233134371f1c0e263e3b382a2d15070401192b2810221411292c3a3d25172f1d0b08201224162e,\x00020420400002042080022000112000010210200009144b82031201c0200810000c164104084080002c001040102010101401888042100804401000082002204040200048002002,0,\x000000120000002500000001ffffffff000000002700000001ffffffff000000002900000001ffffffff000000002c00000001ffffffff000000002d00000001ffffffff000000003000000001ffffffff000000003100000001ffffffff000000003300000001ffffffff000000003500000001ffffffff000000003600000001ffffffff000000003700000001ffffffff000000003800000001ffffffff000000003900000001ffffffff000000003a00000001ffffffff000000003b00000001ffffffff000000003c00000001ffffffff000000003d00000001ffffffff000000003e00000001ffffffff00,193869142161,0,857000000,0,96934571049,17181166919,t,2026-09-25 14:25:49.620709+00,857
0cce6a46-e499-4e1e-8cf4-405f2ffe04a0,9ac44ac0-c7f6-4b33-a402-c9e92e17392b,858000000,4,2,1000000,64,64,9,\x0003061e363330180a0d1b090c0f273f3c39211305021a1d353224122a3820080b0e1c34312311293b2d15071f37251714263e2c2f3d3a2210282b190104162e,\x00020420400002042080022000112000010210200009144b828316042000025500011020010230b81201580802020201014480000840140410001100010420200804080124800002,1,\x0000000e0000001f00000001ffffffff000000002a00000001ffffffff000000002c00000001ffffffff000000002d00000001ffffffff000000003100000001ffffffff000000003200000001ffffffff000000003400000001ffffffff000000003700000001ffffffff000000003800000001ffffffff000000003900000001ffffffff000000003b0000000200000008010000003c0000000100000008000000003d0000000100000008000000003e000000010000000800,194173731665,0,858000000,0,97086865801,17207735049,t,2026-09-25 14:28:53.868458+00,858
2c918975-a996-4f19-bb31-52fa526f124e,9ac44ac0-c7f6-4b33-a402-c9e92e17392b,859000000,4,2,1000000,64,64,9,\x0003061e363330180a0d1b090c0f273f3c392113051d353224162e2b3d3a2c3e262311293b3820122a2d1507040119313422140210281a080b0e1c1f3725172f,\x0002042040000204208002200011200001021020000914cb02010880001180200012b80150f0a020200002106005020001440102010201c2840a8180002010010220084000042002,1,\x000000100000001f00000001ffffffff01000000230000000100000008000000002a0000000100000008000000002d0000000100000008000000002f0000000100000008000000003400000001000000080000000035000000010000000800000000360000000100000008000000003700000001000000080000000038000000010000000800000000390000000100000008000000003a0000000100000008000000003b0000000100000008000000003c0000000100000008000000003d0000000100000008000000003e000000010000000800,194494115723,0,859000000,0,97247057830,17236175452,t,2026-09-25 14:32:20.756773+00,859
d4cba81e-1a93-439d-90bf-ccf26738801e,9ac44ac0-c7f6-4b33-a402-c9e92e17392b,860000000,4,2,1000000,64,64,9,\x0003061e363330180a0d1b090c0f273f3c392113051d3532241604011931230b0e263e2c2911140210281a0820383b2d2a1215071f1c2e2b3d3a22343725172f,\x0002042040000204208002200011200001021020000914cb0201088000918040804020300108108011014880100c0c00024180400040108004004480820008022000111000042002,1,\x0000000f0000001b00000001ffffffff000000002500000001ffffffff000000002a00000001ffffffff000000002b00000001ffffffff000000002e00000001ffffffff000000003100000001ffffffff000000003200000001ffffffff000000003300000001ffffffff000000003600000001ffffffff000000003700000001ffffffff00000000390000000200000007010000003b0000000100000008000000003c0000000100000008000000003d0000000100000008000000003e000000010000000800,194679952211,0,860000000,0,97339976074,17252798587,t,2026-09-25 14:33:50.910314+00,860
1f102fca-6562-4950-9e11-0be48c1b68aa,9ac44ac0-c7f6-4b33-a402-c9e92e17392b,861000000,4,2,1000000,64,64,9,\x0003061e363330180a0d1b090c0f273f3c392113051d353220382a1224160401190b081a0210223a282b2e1c0e26233134371f07152d3b3e2c29111417253d2f,\x0002042040000204208002200011200001021020000914cb020108a008000a2200100908040c41100004818102200204000188000f04010280018280008200202000091080010140,1,\x000000110000001c00000001ffffffff000000001f00000001ffffffff000000002200000001ffffffff000000002800000001ffffffff000000002a00000001ffffffff000000002c00000001ffffffff000000002f00000001ffffffff000000003000000001ffffffff000000003300000001ffffffff000000003400000001ffffffff000000003500000001ffffffff000000003700000001ffffffff000000003900000001ffffffff000000003a00000001ffffffff000000003b00000001ffffffff000000003d0000000200000008010000003e000000010000000800,194913209865,0,861000000,0,97456604901,17272852952,t,2026-09-25 14:35:41.912299+00,861
